shopify_gid,handle,sku,old_name,new_name,matched_png_fileid,confidence,bucket,top_similarity,chosen_index,candidate_names
,0-cross-stitch-black-embroidered-icon,ICON-45923952034049,0 Cross Stitch Black Embroidered Icon,Cross Stitch C,1mjtg_amUbRbiOQ9ySet7h_ftNoAUqd8E,high,High confidence,0.9531,4,Cross Stitch G | Cross Stitch U | Cross Stitch A | Cross Stitch D | Cross Stitch C | Cross Stitch W | Cross Stitch Q | Cross Stitch O | Cross Stitch V | Cross Stitch B | Cross Stitch M | Cross Stitch P
,0-cross-stitch-red-embroidered-icon,ICON-45923663446273,0 Cross Stitch Red Embroidered Icon,Cross Stitch D,1HG9uSo73_OslpLhumjEo5IEyzrHuX9Z4,medium,Needs review,0.9526,3,Cross Stitch G | Cross Stitch U | Cross Stitch A | Cross Stitch D | Cross Stitch W | Cross Stitch C | Cross Stitch Q | Cross Stitch O | Cross Stitch V | Cross Stitch B | Cross Stitch M | Cross Stitch P
,1-cross-stitch-black-embroidered-icon,ICON-45923953541377,1 Cross Stitch Black Embroidered Icon,Cross Stitch I,1KtEzYy8ZD6IiNs2w_uMR_gdZLO0k3Znb,high,High confidence,0.9406,0,Cross Stitch I | Cross Stitch T | Cross Stitch L | Cross Stitch A | Cross Stitch Y | Cross Stitch J | Cross Stitch V | Cross Stitch P | Cross Stitch E | Cross Stitch G | Cross Stitch Q | Cross Stitch R
,1-cross-stitch-red-embroidered-icon,ICON-45923663675649,1 Cross Stitch Red Embroidered Icon,Cross Stitch I,1KtEzYy8ZD6IiNs2w_uMR_gdZLO0k3Znb,high,High confidence,0.9433,0,Cross Stitch I | Cross Stitch T | Cross Stitch L | Cross Stitch A | Cross Stitch Y | Cross Stitch J | Cross Stitch V | Cross Stitch P | Cross Stitch E | Cross Stitch G | Cross Stitch Q | Cross Stitch R
,2-cross-stitch-black-embroidered-icon,ICON-45923954098433,2 Cross Stitch Black Embroidered Icon,,,low,No match - likely cut,0.9517,-1,Cross Stitch Z | Cross Stitch K | Cross Stitch A | Cross Stitch E | Cross Stitch R | Cross Stitch G | Cross Stitch S | Cross Stitch P | Cross Stitch X | Cross Stitch V | Cross Stitch L | Cross Stitch Y
,2-cross-stitch-red-embroidered-icon,ICON-45923664068865,2 Cross Stitch Red Embroidered Icon,Cross Stitch Z,1BVWrq8fUWzvcnpR0Sjd7RsIC-jyZ8A-Z,high,High confidence,0.9491,0,Cross Stitch Z | Cross Stitch K | Cross Stitch A | Cross Stitch E | Cross Stitch R | Cross Stitch G | Cross Stitch S | Cross Stitch X | Cross Stitch P | Cross Stitch V | Cross Stitch L | Cross Stitch Y
,3-cross-stitch-black-embroidered-icon,ICON-45923954950401,3 Cross Stitch Black Embroidered Icon,Cross Stitch E,1iYuk5N0Zk_txLVYLL7S3-xkYHBPAcsYX,high,High confidence,0.9414,3,Cross Stitch K | Cross Stitch Z | Cross Stitch A | Cross Stitch E | Cross Stitch F | Cross Stitch R | Cross Stitch S | Cross Stitch G | Cross Stitch X | Cross Stitch P | Cross Stitch Y | Cross Stitch V
,3-cross-stitch-red-embroidered-icon,ICON-45923664232705,3 Cross Stitch Red Embroidered Icon,,,high,No match - likely cut,0.9406,-1,Cross Stitch K | Cross Stitch Z | Cross Stitch A | Cross Stitch E | Cross Stitch F | Cross Stitch R | Cross Stitch S | Cross Stitch G | Cross Stitch X | Cross Stitch P | Cross Stitch Y | Cross Stitch V
,3-fishes-embroidered-icon,ICON-46316006113537,3 Fishes Embroidered Icon,Three Fish,16_NZrxpczKpqVztBOVVN_X680pn81-TI,high,High confidence,0.9047,0,Three Fish | Surf Board | Football | Lip Balms | Joint | San Francisco Sea Lion | LA Pennant | Wine Bottle | Austin Pennant | Goldfish | San Francisco Pennant | Chicago Pennant
,4-cross-stitch-black-embroidered-icon,ICON-45923955245313,4 Cross Stitch Black Embroidered Icon,,,low,No match - likely cut,0.9512,-1,Cross Stitch X | Cross Stitch Z | Cross Stitch Y | Cross Stitch A | Cross Stitch N | Cross Stitch E | Cross Stitch R | Cross Stitch W | Cross Stitch V | Cross Stitch G | Cross Stitch K | Cross Stitch H
,4-cross-stitch-red-embroidered-icon,ICON-45923664527617,4 Cross Stitch Red Embroidered Icon,,,high,No match - likely cut,0.9520,-1,Cross Stitch X | Cross Stitch Z | Cross Stitch Y | Cross Stitch N | Cross Stitch A | Cross Stitch R | Cross Stitch E | Cross Stitch W | Cross Stitch V | Cross Stitch G | Cross Stitch K | Cross Stitch H
,4-fishes-embroidered-icon,ICON-46316008243457,4 Fishes Embroidered Icon,Three Fish,16_NZrxpczKpqVztBOVVN_X680pn81-TI,medium,Needs review,0.8814,0,Three Fish | San Francisco Sea Lion | Goldfish | Soy Sauce | Football | Whale | Surf Board | Shrimp Sashimi | Rainbow Trout | Joint | LA Pennant | Fish Bone
,v2-4-point-star,ICON-45782314385665,4 Point Star Embroidered Icon,,,high,No match - likely cut,0.5632,-1,Bandana Star | Star | Three Stars | Texas Outline | Summer Sun | Anchor | San Diego Pennant | Bandana Texas | LA Pennant | Statue of Liberty Head | Dallas Pennant | Austin Pennant
,5-cross-stitch-black-embroidered-icon,ICON-45923958325505,5 Cross Stitch Black Embroidered Icon,Cross Stitch S,1BKknB8icJc1-OM8mRtv987M8VAU16NWf,high,High confidence,0.9326,5,Cross Stitch A | Cross Stitch Z | Cross Stitch G | Cross Stitch E | Cross Stitch R | Cross Stitch S | Cross Stitch B | Cross Stitch K | Cross Stitch N | Cross Stitch W | Cross Stitch Q | Cross Stitch D
,5-cross-stitch-red-embroidered-icon,ICON-45923664855297,5 Cross Stitch Red Embroidered Icon,,,low,No match - likely cut,0.9315,-1,Cross Stitch A | Cross Stitch Z | Cross Stitch G | Cross Stitch E | Cross Stitch R | Cross Stitch S | Cross Stitch B | Cross Stitch K | Cross Stitch N | Cross Stitch W | Cross Stitch Q | Cross Stitch D
,6-cross-stitch-black-embroidered-icon,ICON-45923960062209,6 Cross Stitch Black Embroidered Icon,,,low,No match - likely cut,0.9386,-1,Cross Stitch A | Cross Stitch Z | Cross Stitch G | Cross Stitch E | Cross Stitch R | Cross Stitch K | Cross Stitch S | Cross Stitch B | Cross Stitch P | Cross Stitch W | Cross Stitch N | Cross Stitch V
,6-cross-stitch-red-embroidered-icon,ICON-45923664986369,6 Cross Stitch Red Embroidered Icon,Cross Stitch B,1VQVA7Oe1nO-CrfxtL_SdbmSRc4t5OFx5,high,High confidence,0.9363,7,Cross Stitch A | Cross Stitch Z | Cross Stitch G | Cross Stitch E | Cross Stitch R | Cross Stitch K | Cross Stitch S | Cross Stitch B | Cross Stitch P | Cross Stitch W | Cross Stitch N | Cross Stitch V
,7-cross-stitch-black-embroidered-icon,ICON-45923960324353,7 Cross Stitch Black Embroidered Icon,,,low,No match - likely cut,0.9278,-1,Cross Stitch K | Cross Stitch F | Cross Stitch Z | Cross Stitch A | Cross Stitch E | Cross Stitch R | Cross Stitch L | Cross Stitch P | Cross Stitch S | Cross Stitch V | Cross Stitch G | Cross Stitch Y
,7-cross-stitch-red-embroidered-icon,ICON-45923666362625,7 Cross Stitch Red Embroidered Icon,,,low,No match - likely cut,0.9260,-1,Cross Stitch K | Cross Stitch F | Cross Stitch Z | Cross Stitch A | Cross Stitch E | Cross Stitch R | Cross Stitch L | Cross Stitch P | Cross Stitch S | Cross Stitch V | Cross Stitch G | Cross Stitch Y
,v2-8-ball,ICON-45782314483969,8 Ball Embroidered Icon,,,low,No match - likely cut,0.8291,-1,8 Ball | Round Evil Eye | Blue Plaid O | Smile Pancakes | Donut | Japan Flag | Bandana O | Pointed Evil Eye | Bagel | Adderall | Olive | Bandana Q
,8-cross-stitch-black-embroidered-icon,ICON-45923967271169,8 Cross Stitch Black Embroidered Icon,,,low,No match - likely cut,0.9467,-1,Cross Stitch A | Cross Stitch G | Cross Stitch Z | Cross Stitch R | Cross Stitch S | Cross Stitch B | Cross Stitch E | Cross Stitch Q | Cross Stitch D | Cross Stitch V | Cross Stitch U | Cross Stitch P
,8-cross-stitch-red-embroidered-icon,ICON-45923666592001,8 Cross Stitch Red Embroidered Icon,,,low,No match - likely cut,0.9463,-1,Cross Stitch A | Cross Stitch G | Cross Stitch Z | Cross Stitch R | Cross Stitch S | Cross Stitch B | Cross Stitch E | Cross Stitch Q | Cross Stitch D | Cross Stitch V | Cross Stitch U | Cross Stitch P
,9-cross-stitch-black-embroidered-icon,ICON-45923967566081,9 Cross Stitch Black Embroidered Icon,,,low,No match - likely cut,0.9321,-1,Cross Stitch A | Cross Stitch G | Cross Stitch Z | Cross Stitch E | Cross Stitch R | Cross Stitch B | Cross Stitch S | Cross Stitch W | Cross Stitch D | Cross Stitch Q | Cross Stitch N | Cross Stitch U
,9-cross-stitch-red-embroidered-icon,ICON-45923667149057,9 Cross Stitch Red Embroidered Icon,,,low,No match - likely cut,0.9299,-1,Cross Stitch A | Cross Stitch G | Cross Stitch Z | Cross Stitch E | Cross Stitch R | Cross Stitch B | Cross Stitch S | Cross Stitch W | Cross Stitch D | Cross Stitch Q | Cross Stitch N | Cross Stitch U
,a-cheetah-embroidered-icon,ICON-46172395110657,A Cheetah Embroidered Icon,,,low,No match - likely cut,0.9856,-1,Cheetah A | Blue Plaid A | Cheetah K | Cheetah M | Cheetah R | Cheetah X | Pink Plaid A | Cheetah G | Cheetah N | Cheetah F | Cheetah P | Cheetah H
,a-cross-stitch-black-embroidered-icon,ICON-45923674095873,A Cross Stitch Black Embroidered Icon,,,low,No match - likely cut,0.9620,-1,Cross Stitch A | Cross Stitch G | Cross Stitch Z | Cross Stitch E | Cross Stitch R | Cross Stitch N | Cross Stitch V | Cross Stitch W | Cross Stitch M | Cross Stitch P | Cross Stitch S | Cross Stitch B
,a-cross-stitch-red-embroidered-icon,ICON-45923615211777,A Cross Stitch Red Embroidered Icon,,,low,No match - likely cut,0.9618,-1,Cross Stitch A | Cross Stitch G | Cross Stitch Z | Cross Stitch R | Cross Stitch E | Cross Stitch N | Cross Stitch V | Cross Stitch W | Cross Stitch P | Cross Stitch M | Cross Stitch S | Cross Stitch Y
,abbode-bow-black-embroidered-icon,ICON-45789725524225,Abbode Bow Black Embroidered Icon,Abbode Bow,1GDTEKIMTF8rtsihYeQDCMJJPtsV8Jqmw,high,High confidence,0.8963,0,Abbode Bow | Candy Cane Bow | Bikini | Long Bow | Locket Filled Bow | Treble Cleff | Candy Cane Heart | Cactus | Swans | Bikini Polka Dot | Clover | I Love CHS
,v2-abbode-bow-blue,ICON-45784344658177,Abbode Bow Blue Embroidered Icon,,,low,No match - likely cut,0.8906,-1,Abbode Bow | Candy Cane Bow | Long Bow | Locket Filled Bow | Bikini | Clover | Swans | Candy Cane Heart | Treble Cleff | Cactus | Pretzel | Rx
,abbode-bow-green-embroidered-icon,ICON-45789727654145,Abbode Bow Green Embroidered Icon,,,low,No match - likely cut,0.9505,-1,Abbode Bow | Candy Cane Bow | Long Bow | Locket Filled Bow | Swans | Candy Cane Heart | Bikini | Ski Goggles | Clover | Gingerbread Man | Bikini Polka Dot | Cactus
,v2-abbode-bow,ICON-45784344920321,Abbode Bow Pink Embroidered Icon,Abbode Bow,1GDTEKIMTF8rtsihYeQDCMJJPtsV8Jqmw,high,High confidence,0.8986,0,Abbode Bow | Candy Cane Bow | Long Bow | Locket Filled Bow | Bikini | Clover | Candy Cane Heart | Swans | Treble Cleff | Cactus | Pretzel | Rx
,abbode-bow-purple-embroidered-icon,ICON-45789727949057,Abbode Bow Purple Embroidered Icon,,,low,No match - likely cut,0.9018,-1,Abbode Bow | Candy Cane Bow | Long Bow | Bikini | Locket Filled Bow | Candy Cane Heart | Clover | Swans | Treble Cleff | Cactus | Crab | Rx
,v2-abbode-bow-red,ICON-45784345051393,Abbode Bow Red Embroidered Icon,Abbode Bow,1GDTEKIMTF8rtsihYeQDCMJJPtsV8Jqmw,high,High confidence,0.9074,0,Abbode Bow | Candy Cane Bow | Bikini | Long Bow | Locket Filled Bow | Treble Cleff | Candy Cane Heart | Swans | Cactus | Bikini Polka Dot | Clover | Crab
,abbode-bow-white-embroidered-icon,ICON-45789728637185,Abbode Bow White Embroidered Icon,,,low,No match - likely cut,0.8885,-1,Abbode Bow | Candy Cane Bow | Long Bow | Locket Filled Bow | Swans | Clover | Bikini | Candy Cane Heart | Treble Cleff | Cactus | Ski Goggles | Rx
,v2-ace-of-hearts,ICON-45782314615041,Ace of Hearts Embroidered Icon,,,low,No match - likely cut,0.5976,-1,Ace of Hearts | Jack of Hearts | Coffee | King of Hearts | Needlepoint | Popcorn | Envelope | Queen of Hearts | Chicago Popcorn | Pink Lighter | Japan Flag | Cards
,v2-airplane,ICON-45782314713345,Airplane Embroidered Icon,,,low,No match - likely cut,0.7426,-1,Airplane | Snowflake | Banana | Doberman | Sagittarius | Claw Clip | Skis | Candy Cane Bow | Fish Bone | Goldfish | Joint | USA Skis
,anchor-embroidered-icon,ICON-46316035047681,Anchor Embroidered Icon,,,low,No match - likely cut,0.9514,-1,Anchor | I Love LA | Rx | I Love SF | Snowflake | I Love NY | I Love ATX | Pisces | Scorpio | I Love CHI | LA Logo | I Love CHS
,aperol-bottle-embroidered-icon,ICON-46316061982977,Aperol Bottle Embroidered Icon,,,low,No match - likely cut,0.8737,-1,Aperol Bottle | Wine Bottle | Champagne Bottle | Nail Polish | Makeup Brushes | Lipstick | Ozempic Vial | Sriracha | Sunscreen | One Piece Swimsuit | Topo Chico | Boston Red Sock
,v2-aperol-spritz,ICON-45782314811649,Aperol Spritz Embroidered Icon,,,low,No match - likely cut,0.8658,-1,Aperol Spritz | Margarita | Red Wine | Cosmopolitan | White Wine | Espresso Martini | Christmas Cocktail | Martini | Champagne Glasses | Charleston Iced Tea | Red Rose | Cross Stitch Martini
,v2-apple-core,ICON-45782314909953,Apple Core Embroidered Icon,,,low,No match - likely cut,0.8672,-1,Apple Core | Statue of Liberty | Bikini Polka Dot | Texas Outline | Gingerbread Man | Bikini | Claw Clip | Reindeer | Charleston SC Palm Tree | New York Hot Dog | Stocking | Joint
,v2-apple,ICON-45782315008257,Apple Embroidered Icon,,,low,No match - likely cut,0.9270,-1,Apple | New York Apple | Heart | Austin Heart | Dallas Heart | Chicago Heart | New York Heart | Bandana Heart | LA Heart | Heart Suit | San Francisco Heart | Call Me Heart
,v2-arrow-hearts-black,ICON-45782315139329,Arrow Hearts Black Embroidered Icon,Lover Arrow Heart,1O5qxRx6J4ufBBjH8Lgf0bnWXc3lg8yoE,high,High confidence,0.9348,0,Lover Arrow Heart | Lover Locket | Lover Heart | Heart Outline | Heart Suit | Longhair Shi Tzu Locket | Poodle Locket | Italian Greyhound Locket | Lace Heart | Brown Doodle Locket | Cane Corso Locket | Locket Filled Bow
,v2-arrow-hearts,ICON-45782315237633,Arrow Hearts Embroidered Icon,Lover Arrow Heart,1O5qxRx6J4ufBBjH8Lgf0bnWXc3lg8yoE,high,High confidence,0.9340,0,Lover Arrow Heart | Lover Locket | Lover Heart | Heart Outline | Heart Suit | Poodle Locket | Longhair Shi Tzu Locket | Italian Greyhound Locket | Lace Heart | Brown Doodle Locket | Cane Corso Locket | Locket Filled Bow
,aussie-shepard-embroidered-icon,ICON-45851580236033,Aussie Shepard Embroidered Icon,Aussie Shepherd,13bOVo9yhwzxnw85Xv1uaSb60MOr5lvPh,high,High confidence,0.9172,0,Aussie Shepherd | Ski Aussie Shepherd | Shorthair Shi Tzu | Blonde Doodle | English Shepherd | Brussels Griffon | Eurasier | Brown Longhair Dachshund | Hamster | Brittany Spaniel | Chow Chow | Husky
,v2-avocado,ICON-45782315335937,Avocado Embroidered Icon,,,low,No match - likely cut,0.6933,-1,Olive | Oyster | Blush | Boston Cannoli | Plane Window | Espresso | Egg | Football | Hot Dog | Ski Goggles | Cowboy Hat | Steak
,b-cheetah-embroidered-icon,ICON-46172395831553,B Cheetah Embroidered Icon,,,low,No match - likely cut,0.9678,-1,Cheetah B | Cheetah R | Cheetah P | Cheetah D | Cheetah G | Cheetah F | Cheetah H | Cheetah Q | Cheetah L | Cheetah T | Cheetah U | Cheetah E
,b-cross-stitch-black-embroidered-icon,ICON-45923675898113,B Cross Stitch Black Embroidered Icon,,,low,No match - likely cut,0.9560,-1,Cross Stitch A | Cross Stitch Z | Cross Stitch R | Cross Stitch G | Cross Stitch E | Cross Stitch N | Cross Stitch S | Cross Stitch K | Cross Stitch B | Cross Stitch P | Cross Stitch V | Cross Stitch Y
,b-cross-stitch-red-embroidered-icon,ICON-45923617046785,B Cross Stitch Red Embroidered Icon,,,low,No match - likely cut,0.9555,-1,Cross Stitch A | Cross Stitch Z | Cross Stitch G | Cross Stitch R | Cross Stitch E | Cross Stitch N | Cross Stitch S | Cross Stitch K | Cross Stitch B | Cross Stitch P | Cross Stitch V | Cross Stitch Y
,v2-backgammon,ICON-45782315434241,Backgammon Embroidered Icon,,,low,No match - likely cut,0.5453,-1,Cross Stitch H | Cross Stitch D | Cross Stitch O | Cross Stitch R | Cross Stitch U | Cross Stitch V | Cross Stitch B | Cross Stitch N | Cross Stitch W | Yacht Flag G | Comb | Cross Stitch P
,v2-bagel-lox,ICON-45782315532545,Bagel + Lox Embroidered Icon,,,low,No match - likely cut,0.7514,-1,Donut | Bagel & Lox | Bagel | Burger | Espresso | Hot Dog | Chicago Bean | Smile Pancakes | Caviar Latke | Bandana O | Chicago Hot Dog Script | New York Hot Dog
,v2-bagel,ICON-45782315630849,Bagel Embroidered Icon,,,low,No match - likely cut,0.8496,-1,Bagel | Donut | Bagel & Lox | Bandana O | Espresso | 8 Ball | Bandana S | Cheetah O | Olive | Blue Plaid O | Chicago Bean | Hot Dog
,v2-baguette,ICON-45782315729153,Baguette Embroidered Icon,,,high,No match - likely cut,0.5635,-1,Surf Board | Joint | Lips | California Border | Lipstick | Hot Dog | Football | Bagel | Chicago Bean | Blush | Cigarette | Broken Heart
,balinese-cat-embroidered-icon,ICON-46386744426753,Balinese Cat Embroidered Icon,,,low,No match - likely cut,0.8779,-1,Grey and White Long Hair Cat | Orange and White Long Hair Cat | Grey Long Hair Cat | Balinese Cat | Orange Long Hair Cat | Black Long Hair Cat | White Long Hair Cat | Black and White Long Hair Cat | Long Hair Calico Cat | Black Short Hair Cat | Long Hair Striped Cat | Grey Short Hair Cat
,v2-banana,ICON-45782315827457,Banana Embroidered Icon,,,low,No match - likely cut,0.8023,-1,Banana | Joint | Claw Clip | Rose | Hibiscus | Whale | Red Rose | Rosebud | Boston Clover | Apple | Texas Outline | Weed
,v2-baseball,ICON-45782315925761,Baseball Embroidered Icon,,,low,No match - likely cut,0.8971,-1,Baseball | Basketball | Football | Watermelon | Adderall | Bandana E | Volleyball | Bagel | Smile Pancakes | World Cup 26 Soccer Ball | Tomato | Chicago Bean
,v2-basketball,ICON-45782316024065,Basketball Embroidered Icon,Basketball,1kaUVM1zxYVXJ9dzdlxGQ_gLtJgubDbTj,high,High confidence,0.8338,0,Basketball | Baseball | Volleyball | Adderall | Watermelon | Football | Tomato | Lemon Slice | Peach | Olive | Pills | XOXO Heart Blue
,v2-bass-cleff,ICON-45782316122369,Bass Cleff Embroidered Icon,,,low,No match - likely cut,0.8703,-1,Bass Cleff | Rx | I Love CHS | Blue Plaid S | Blue Plaid G | Blue Plaid Q | Cancer | I Love SF | I Love BOS | Blue Plaid J | Fish Bone | Candy Cane Heart
,basset-hound-dog-200-embroidered-icon,ICON-46286562590977,Basset Hound Dog 200 Embroidered Icon,,,low,No match - likely cut,0.9257,-1,Brown and White Basset Hound | Dark Brown and White Basset Hound | Ski Brown And White Basset Hound | Ski Dark Brown And White Basset Hound | Beagle | Black and Tan Shorthair Dachshund | Black and Tan Longhair Dachshund | Cocker Spaniel | Ski Beagle | Orange Cavalier | Brown Longhair Dachshund | Brown Shorthair Dachshund
,basset-hound-dog-tricolor-200-embroidered-icon,ICON-46286566916353,Basset Hound Dog Tricolor 200 Embroidered Icon,,,low,No match - likely cut,0.9271,-1,Dark Brown and White Basset Hound | Brown and White Basset Hound | Ski Brown And White Basset Hound | Ski Dark Brown And White Basset Hound | Beagle | Black and Tan Shorthair Dachshund | Orange Cavalier | Ski Beagle | Black and Tan Longhair Dachshund | Black Cavalier | Cocker Spaniel | Brown Longhair Dachshund
,beach-chair-embroidered-icon,ICON-46315996676353,Beach Chair Embroidered Icon,,,low,No match - likely cut,0.8317,-1,Beach Chair | Boston Adirondack Chair | LA Lifeguard Tower | San Francisco Golden Gate Bridge | Ski Lift | Boston Dunkin | Life Preserver | Nantucket Basket | Ice Skate | Gemini | Umbrella | English Saddle
,beagle-embroidered-icon,ICON-45851582398721,Beagle Embroidered Icon,,,low,No match - likely cut,0.9130,-1,Beagle | Ski Beagle | English Shepherd | Husky | German Shepherd | Dark Brown and White Basset Hound | Yellow Lab | Shorthair Shi Tzu | Ski Brown And White Basset Hound | Brown and White Basset Hound | Shiba Inu | Bernese Mountain Dog
,bernedoodle-dog-200-embroidered-icon,ICON-46286570946817,Bernedoodle dog 200 Embroidered Icon,Bernedoodle,10dsSWOYKw6TfUHSRIYOgzI1_06yxULts,high,High confidence,0.8871,0,Bernedoodle | Ski Bernedoodle | Bernese Mountain Dog | Shorthair Shi Tzu | Ski Bernese Mountain Dog | Ski Black Doodle | Brown Doodle | Black and Tan Longhair Dachshund | Black Cavalier | Black Doodle | Ski Brown Doodle | Blue Roan English Cocker Spaniel
,bernese-mountain-dog-200-embroidered-icon,ICON-46286575173889,Bernese Mountain Dog 200 Embroidered Icon,,,low,No match - likely cut,0.8939,-1,Bernese Mountain Dog | Ski Bernese Mountain Dog | Ski Border Collie | Border Collie | Ski Bernedoodle | Boston Terrier | Bernedoodle | Pit Bull | Boxer | Black and White Long Hair Cat | Rottweiler | Ski Boston Terrier
,bicycle-embroidered-icon,ICON-46316040585473,Bicycle Embroidered Icon,,,low,No match - likely cut,0.9598,-1,Bicycle | Moped | Chicago Ferris Wheel | Convertible Beetle | Lime Slice | Ring | Convertible | Lemon Slice | Smiley Face | Cosmopolitan | Snowflake | Taxi Snowglobe
,bikini-embroidered-icon,ICON-46316071190785,Bikini Embroidered Icon,,,low,No match - likely cut,0.9404,-1,Bikini | Bikini Polka Dot | Lingerie | Locket Filled Bow | Vine Tomatoes | Texas Outline | Rx | Fish Bone | I Love ATX | Apple Core | Brown Mushroom | I Love LA
,bikini-polka-dot-embroidered-icon,ICON-46316016337153,Bikini Polka Dot Embroidered Icon,,,low,No match - likely cut,0.9106,-1,Bikini Polka Dot | Bikini | Lingerie | Bandana Texas | Bandana Star | Christmas Tree | Locket Filled Bow | Stocking | Texas Outline | Strawberry Candy | Vine Tomatoes | LA Rodeo Drive Sign
,v2-black-heart,ICON-45782316220673,Black Heart Embroidered Icon,Heart Suit,1wRNNLBFhWUAnH4OtuE3Vnlm12uFxsdEN,high,High confidence,0.8586,0,Heart Suit | New York Heart | Dallas Heart | Chicago Heart | LA Heart | Austin Heart | San Diego Heart | Boston Heart | San Francisco Heart | Heart | Italian Greyhound Locket | Boxer Locket
,black-heart-outline-embroidered-icon,ICON-46264177524993,Black Heart Outline Embroidered Icon,Lover Heart,1xwsmS5dDlmn36sWRusZ7-M3CjZNbT2h9,high,High confidence,0.8660,0,Lover Heart | Heart Outline | Heart Suit | Lover Arrow Heart | New York Heart | Dallas Heart | Chicago Heart | LA Heart | San Francisco Heart | San Diego Heart | Boston Heart | Austin Heart
,black-lab-embroidered-icon,ICON-45851583512833,Black Lab Embroidered Icon,,,low,No match - likely cut,0.9388,-1,Chocolate Lab | Black Lab | Yellow Lab | Golden Retriever | Vizsla | Belgian Malinois | Rottweiler | Cane Corso | Black Doodle | Brown Doodle | Ski Rottweiler | Black Longhair Dachshund
,v2-black-poker-chip,ICON-45782316318977,Black Poker Chip Embroidered Icon,,,low,No match - likely cut,0.6657,-1,Life Preserver | Yacht Flag I | Round Evil Eye | 8 Ball | Lime Slice | Lemon Slice | Sun | Volleyball | Yacht Flag D | Summer Sun | Blue Plaid O | Japan Flag
,black-pug-200-embroidered-icon,ICON-46286580515073,Black Pug 200 Embroidered Icon,,,low,No match - likely cut,0.9300,-1,Black Pug | Rottweiler | Cane Corso | Dark Grey Frenchie | Chihuahua | Ski Black Pug | Fluffy Black Dog | Black Long Hair Cat | Black Short Hair Cat | Tan Frenchie | Fluffy Brown Dog | Chow Chow
,v2-blue-heart,ICON-45784345182465,Blue Heart Embroidered Icon,Heart Suit,1wRNNLBFhWUAnH4OtuE3Vnlm12uFxsdEN,high,High confidence,0.8038,1,New York Heart | Heart Suit | Dallas Heart | LA Heart | Chicago Heart | Austin Heart | Italian Greyhound Locket | San Diego Heart | Boston Heart | San Francisco Heart | Boxer Locket | Golden Retriever Locket
,blue-heart-outline-embroidered-icon,ICON-46264177721601,Blue Heart Outline Embroidered Icon,Lover Heart,1xwsmS5dDlmn36sWRusZ7-M3CjZNbT2h9,high,High confidence,0.8042,0,Lover Heart | Heart Outline | Heart Suit | New York Heart | Dallas Heart | Chicago Heart | Lover Arrow Heart | Italian Greyhound Locket | LA Heart | San Diego Heart | San Francisco Heart | Boston Heart
,v2-tennis,ICON-45782343155969,Blue Tennis Embroidered Icon,,,low,No match - likely cut,0.8543,-1,Tennis | Pink Tennis | Tennis Raquets | Hair Brush | Pink Tennis Raquets | Pickleball Paddle | Margarita | Olive on Toothpick | Martini | Aperol Spritz | Espresso Martini | Matches
,v2-tennis-raquets,ICON-45782343254273,Blue Tennis Racquets Embroidered Icon,,,low,No match - likely cut,0.8857,-1,Tennis Raquets | Pink Tennis Raquets | Tennis | Pink Tennis | Pickleball Paddle | Hair Brush | Cross Stitch Martini | Light Blue Pickleball Paddles | Pickleball Paddles | Margarita | Red Wine | Espresso Martini
,v2-boarding-pass,ICON-45782316417281,Boarding Pass Embroidered Icon,,,low,No match - likely cut,0.8122,-1,Boarding Pass | MetroCard | Pink Suitcase | Needlepoint | Boston License Plate | Prozac | Chicago Flag | California Flag | Japan Stamp | Boston Sign | Mahjong Tiles | Navy Suitcase
,v2-boot-prints,ICON-45782316548353,Boot Prints Embroidered Icon,,,low,No match - likely cut,0.5329,-1,Four Olives on Toothpick | Snowboard | Bikini | Cross Stitch I | Purple Hydrangea | Bikini Polka Dot | Hot Dog | Cross Stitch F | Vine Tomatoes | Cross Stitch P | Cross Stitch J | Candy Cane Bow
,border-collie-dog-200-embroidered-icon,ICON-46286582644993,Border Collie Dog 200 Embroidered Icon,,,low,No match - likely cut,0.9282,-1,Border Collie | Ski Border Collie | Bernese Mountain Dog | Ski Bernese Mountain Dog | English Shepherd | Husky | Ski Bernedoodle | Pit Bull | Boxer | Boston Terrier | Beagle | Belgian Malinois
,boston-terrier-dog-200-embroidered-icon,ICON-46286586675457,Boston Terrier Dog 200 Embroidered Icon,Boston Terrier,1d_HstSa3dXnSyuQbIZysjpVuXekV4TuS,high,High confidence,0.9345,0,Boston Terrier | Ski Boston Terrier | Boxer | Husky | Great Dane | Doberman | Pit Bull | Ski Boxer | Cane Corso | German Shepherd | Dark Grey Frenchie | Spotted Pit Bull
,v2-botox-needle,ICON-45782316646657,Botox Needle Embroidered Icon,,,high,No match - likely cut,0.6340,-1,Cigarette | Olive on Toothpick | Pink Lighter | Two Olives on Toothpick | Pink Sunglasses | Lipstick | Wine Bottle | Lighter | Pills | Howdy | Three Olives on Toothpick | Topo Chico
,v2-bow3,ICON-45782316744961,Bow3 Embroidered Icon,,,low,No match - likely cut,0.8216,-1,Long Bow | Candy Cane Bow | Clover | Rose | Abbode Bow | Charleston Palm Tree | Red Rose | Cactus | Pink Flower | Golf Clubs | Bikini | Charleston SC Palm Tree
,boxer-embroidered-icon,ICON-45851584102657,Boxer Embroidered Icon,,,low,No match - likely cut,0.9309,-1,Boxer | Belgian Malinois | Doberman | Boston Terrier | Great Dane | Cane Corso | Husky | German Shepherd | Ski Boxer | Pit Bull | Rottweiler | Ski Rottweiler
,v2-bread,ICON-45782316843265,Bread Embroidered Icon,,,low,No match - likely cut,0.5833,-1,Plane Window | Ski Goggles | Espresso | Spicy Marg | Needlepoint | Locket Filled | Coffee | Locket Filled Bow | Brown Sunglasses | Steak | Yacht Flag E | Oyster
,v2-brocoli-fixed,ICON-45782316941569,Brocoli Fixed Embroidered Icon,,,low,No match - likely cut,0.8564,-1,Broccoli | Red Rose | Rose | Purple Hydrangea | Bikini | Blue Hydrangea | Pink Hydrangea | Cactus | Vine Tomatoes | Cowgirl Hat | Steak | Cherries
,v2-broken-heart,ICON-45784345280769,Broken Heart Embroidered Icon,Broken Heart,1tMwbIki3MSzOOZ43GK9Gx7KACvx2_buf,high,High confidence,0.7590,0,Broken Heart | Heart Suit | Austin Heart | Dallas Heart | New York Heart | Chicago Heart | LA Heart | Heart | Boston Heart | San Diego Heart | San Francisco Heart | Doberman Locket
,v2-burger,ICON-45782317039873,Burger Embroidered Icon,Burger,1QVT3tLYLQAlMjsWPWXDXGLYE1RXuIPqW,high,High confidence,0.9018,0,Burger | Bagel & Lox | Shrimp Sashimi | Hot Dog | Red Mushroom | Bagel | Donut | Sushi Nigiri | Cowgirl Hat | Chicago Hot Dog Script | New York Hot Dog | Taco
,v2-butter,ICON-45782317138177,Butter Embroidered Icon,,,low,No match - likely cut,0.7288,-1,Butter | MetroCard | Boarding Pass | New York Pennant | Needlepoint | Boston Pennant | San Diego Pennant | San Francisco Pennant | Dallas Pennant | Pink Suitcase | Austin Pennant | LA Pennant
,butterfly-embroidered-icon,ICON-46315985928449,Butterfly Embroidered Icon,,,low,No match - likely cut,0.9656,-1,Butterfly | Abbode Bow | Long Bow | Candy Cane Bow | Cape Cod Stamp | Boston Clover | Lobster | Claw Clip | Locket Filled Bow | Locket Filled | Flip Flops | Candy Cane Heart
,c-cheetah-embroidered-icon,ICON-46172396847361,C Cheetah Embroidered Icon,Cheetah C,1Fw0rjcWkV298aQet_uvnzPinkMKnIF8k,high,High confidence,0.9865,0,Cheetah C | Cheetah O | Cheetah Q | Cheetah S | Cheetah Z | Cheetah G | Cheetah J | Cheetah U | Cheetah P | Cheetah D | Cheetah B | Cheetah L
,c-cross-stitch-black-embroidered-icon,ICON-45923676717313,C Cross Stitch Black Embroidered Icon,,,low,No match - likely cut,0.9476,-1,Cross Stitch G | Cross Stitch A | Cross Stitch Z | Cross Stitch C | Cross Stitch E | Cross Stitch L | Cross Stitch P | Cross Stitch V | Cross Stitch U | Cross Stitch Q | Cross Stitch R | Cross Stitch D
,c-cross-stitch-red-embroidered-icon,ICON-45923617374465,C Cross Stitch Red Embroidered Icon,,,low,No match - likely cut,0.9476,-1,Cross Stitch G | Cross Stitch Z | Cross Stitch A | Cross Stitch C | Cross Stitch E | Cross Stitch L | Cross Stitch P | Cross Stitch V | Cross Stitch U | Cross Stitch Q | Cross Stitch R | Cross Stitch D
,v2-cactus,ICON-45782317302017,Cactus Embroidered Icon,Cactus,1kZOV0grtKJe1FXvf0rj2G_ICaijGvbrE,high,High confidence,0.9079,0,Cactus | Treble Cleff | Lobster | Bikini | Watermelon | Bikini Polka Dot | Red Rose | Vine Tomatoes | Candy Cane Bow | XOXO | Rosebud | Rose
,v2-call-me-heart,ICON-45782317400321,Call Me Heart Embroidered Icon,Call Me Heart,17mAJCkGHnXvU3LW2V9G28yDlbjkw-5pH,high,High confidence,0.9165,1,XOXO Heart Blue | Call Me Heart | XOXO Heart Pink | Love You Heart | LA Heart | New York Heart | Austin Heart | San Francisco Heart | San Diego Heart | Boston Heart | Dallas Heart | Chicago Heart
,candy-cane-bow-embroidered-icon,ICON-46892774719745,Candy Cane Bow Embroidered Icon,,,low,No match - likely cut,0.9267,-1,Candy Cane Bow | Candy Cane Heart | Crossed Candy Canes | Abbode Bow | Long Bow | Bandana X | Bandana K | Pretzel | Pickleball Paddles | Treble Cleff | I Love SF | Brown Mushroom
,candy-cane-embroidered-icon,ICON-46892774850817,Candy Cane Embroidered Icon,,,high,No match - likely cut,0.7721,-1,Candy Cane Bow | Candy Cane Heart | Crossed Candy Canes | Cheetah J | Bass Cleff | Scorpio | California Border | I Love SF | Bandana J | Cheetah Z | Cheetah S | Cheetah C
,candy-cane-heart-embroidered-icon,ICON-46892774949121,Candy Cane Heart Embroidered Icon,Candy Cane Heart,1cE4hmHozijaGthvENcpLblWlNhXhRbkP,high,High confidence,0.9401,0,Candy Cane Heart | Crossed Candy Canes | Candy Cane Bow | Pretzel | Bass Cleff | I Love SF | I Love CHS | Locket Filled Bow | Heart Suit | Golf Clubs | Cheetah V | Heart Outline
,cane-corso-dog-200-embroidered-icon,ICON-46286592311553,Cane Corso Dog 200 Embroidered Icon,,,low,No match - likely cut,0.8981,-1,Cane Corso | Great Dane | Belgian Malinois | Chocolate Lab | Rottweiler | Black Lab | Chihuahua | Doberman | Vizsla | Husky | Ski Cane Corso | Boxer
,v2-cards,ICON-45784345379073,Cards Embroidered Icon,,,low,No match - likely cut,0.5758,-1,Cards | Needlepoint | Coffee | Envelope | Fries | Ace of Hearts | Pink Suitcase | Jack of Hearts | Nantucket Basket | Popcorn | Dice | Diamond
,cavalier-king-charles-spaniel-dog-tricolor-200-embroidered-icon,ICON-46286595195137,Cavalier King Charles Spaniel Dog Tricolor 200 Embroidered Icon,,,low,No match - likely cut,0.9063,-1,Black Cavalier | Orange Cavalier | Ski Black Cavalier | Blue Roan English Cocker Spaniel | Ski Orange Cavalier | Dark Brown and White Basset Hound | Shorthair Shi Tzu | English Shepherd | Brown and White Basset Hound | Longhair Shi Tzu | Beagle | Black Cavalier Locket
,cocker-spaniel-embroidered-icon,ICON-45851586527489,Cavalier King Charles Spaniel Embroidered Icon,,,low,No match - likely cut,0.9338,-1,Orange Cavalier | Black Cavalier | Ski Black Cavalier | Blue Roan English Cocker Spaniel | Ski Orange Cavalier | Dark Brown and White Basset Hound | Brown and White Basset Hound | Cocker Spaniel | English Shepherd | Ski Brown And White Basset Hound | Beagle | Shorthair Shi Tzu
,v2-caviar-fixed,ICON-45782317498625,Caviar Fixed Embroidered Icon,,,low,No match - likely cut,0.8519,-1,Caviar | 8 Ball | Bandana G | Bandana O | Adderall | Soy Sauce | Round Evil Eye | Bandana Q | I Love DTX | Smiley Face | Boarding Pass | Blue Plaid Q
,v2-champagne-bottle,ICON-45782317596929,Champagne Bottle Embroidered Icon,,,low,No match - likely cut,0.8124,-1,Champagne Bottle | Wine Bottle | Nail Polish | Topo Chico | Aperol Bottle | Lipstick | Hot Sauce | Lighter | Pink Lighter | Sriracha | Ozempic Vial | Makeup Brushes
,v2-champagne,ICON-45782317695233,Champagne Embroidered Icon,,,low,No match - likely cut,0.8217,-1,Champagne Glasses | Christmas Cocktail | Margarita | Red Wine | Espresso Martini | Cosmopolitan | White Wine | Aperol Spritz | Lingerie | Red Rose | Long Bow | Rose
,v2-cheese,ICON-45782317793537,Cheese Embroidered Icon,,,low,No match - likely cut,0.6842,-1,Cheese | Pizza | NY Pizza | Oyster | Hot Dog | Boston Cannoli | Brown Sunglasses | Sushi Nigiri | Smile Pancakes | Taco | Vine Tomatoes | Egg
,v2-cherries,ICON-45782317891841,Cherries Embroidered Icon,,,low,No match - likely cut,0.8237,-1,Cherries | Apple | Two Olives on Toothpick | Beamed Sixteenth Note | Three Olives on Toothpick | New York Apple | Locket Filled Bow | Locket Filled | Lock & Key | Vine Tomatoes | Bikini | Eighth Note
,chihuahua-embroidered-icon,ICON-45851584594177,Chihuahua Embroidered Icon,,,low,No match - likely cut,0.8368,-1,Chihuahua | Great Dane | Belgian Malinois | Cane Corso | Grey Short Hair Cat | Orange Short Hair Cat | White Short Hair Cat | White Pit Bull | Shiba Inu | Sphynx Cat | Grey Long Hair Cat | Black Short Hair Cat
,v2-chocolate-ice-cream,ICON-45782317990145,Chocolate Ice Cream Embroidered Icon,Chocolate Ice Cream,1s-pGvtfZ7QP6BESUCYqkEkammX7of_dO,high,High confidence,0.8345,1,Ice Cream | Chocolate Ice Cream | Swirl Ice Cream | Coffee | LA Smoothie | Boston Dunkin | Ralph's Iced Coffee | Ralph's Coffee | Christmas Tree | Pink Lighter | Takeout | Charleston Pineapple
,christmas-cocktail-embroidered-icon,ICON-46892775080193,Christmas Cocktail Embroidered Icon,,,low,No match - likely cut,0.9222,-1,Christmas Cocktail | Espresso Martini | Margarita | Cosmopolitan | Red Wine | Martini | White Wine | Aperol Spritz | Champagne Glasses | Makeup Brushes | Pink Tennis Raquets | Red Rose
,christmas-presents-embroidered-icon,ICON-46892775211265,Christmas Presents Embroidered Icon,,,high,No match - likely cut,0.6186,-1,Vine Tomatoes | Candy Cane Bow | Lighter | Brown Sunglasses | Scorpio | Red Hot Chocolate | Green Hot Chocolate | Tomato | Locket Filled Bow | Rosebud | Abbode Bow | Pink Lighter
,christmas-tree-embroidered-icon,ICON-46892775342337,Christmas Tree Embroidered Icon,,,low,No match - likely cut,0.9515,-1,Christmas Tree | Bikini Polka Dot | Bandana A | Statue of Liberty | Charleston Pineapple | Bandana Texas | Bandana Star | Vine Tomatoes | Star | Bikini | Cross Stitch T | Cross Stitch I
,christmas-tree-truck-embroidered-icon,ICON-46892775440641,Christmas Tree Truck Embroidered Icon,,,low,No match - likely cut,0.8810,-1,Christmas Tree Truck | Bronco | Convertible | Convertible Beetle | Tree Taxi | Taxi | LA Vintage Car | Moped | Taxi Snowglobe | Golf Cart | Martha's Vineyard Stamp | Grey Rolling Suitcase
,v2-cigarette,ICON-45782318088449,Cigarette Embroidered Icon,,,low,No match - likely cut,0.7469,-1,Cigarette | Pink Lighter | Matches | Olive on Toothpick | Lipstick | Lighter | Pills | Topo Chico | Golf Clubs | Pink Sunglasses | Two Olives on Toothpick | Snowboard
,v2-claw-clip,ICON-45782361866497,Claw Clip Embroidered Icon,,,low,No match - likely cut,0.8459,-1,Claw Clip | Fish Bone | Chicago Hot Dog Print | Joint | New York Hot Dog | Locket Filled Bow | Chicago Hot Dog Script | Texas Outline | Charleston SC Palm Tree | Dog Paws | Hot Dog | Cape Cod Stamp
,v2-clover,ICON-45782318186753,Clover Embroidered Icon,Clover,1Aal4G6Pt-pMgkp7IkRGlHr11TY-9P4qI,high,High confidence,0.8552,0,Clover | Boston Clover | Hibiscus | Pink Flower | Rose | Charleston Palm Tree | Yellow Flower | Locket Filled Bow | Candy Cane Bow | Vine Tomatoes | Daisy | Red Rose
,v2-club-suit,ICON-45782318285057,Club Suit Embroidered Icon,,,low,No match - likely cut,0.6591,-1,Gingerbread Man | Abbode Bow | Brown Mushroom | Candy Cane Bow | Clover | I Love NY | Boston Clover | Anchor | Lock & Key | Red Mushroom | Candy Cane Heart | I Love SF
,cocker-spaniel-dog-200-embroidered-icon,ICON-46286597685505,Cocker Spaniel Dog 200 Embroidered Icon,,,low,No match - likely cut,0.9097,-1,Cocker Spaniel | Yellow Lab | Tan Longhair Dachshund | Brown Longhair Dachshund | Golden Retriever | Ski Cockerspaniel | Chocolate Lab | Black Longhair Dachshund | Black and Tan Longhair Dachshund | Black Lab | Blue Roan English Cocker Spaniel | Ski Golden Retriever
,v2-cocktail1,ICON-45782318383361,Cocktail1 Embroidered Icon,,,low,No match - likely cut,0.7982,-1,Negroni | Spicy Marg | Old Fashioned | Charleston Iced Tea | LA Smoothie | Diet Coke | Boston Dunkin | Pink Lighter | Lighter | Tomato | Pink Suitcase | Nantucket Basket
,v2-cocktail2,ICON-45782318481665,Cocktail2 Embroidered Icon,,,low,No match - likely cut,0.8744,-1,Margarita | Cosmopolitan | Aperol Spritz | Christmas Cocktail | Espresso Martini | Red Wine | Martini | White Wine | Red Rose | Rose | Champagne Glasses | Western Saddle
,v2-cocktail3,ICON-45782318579969,Cocktail3 Embroidered Icon,,,low,No match - likely cut,0.8677,-1,Old Fashioned | Negroni | Spicy Marg | Charleston Iced Tea | Diet Coke | Espresso | Red Rolling Suitcase | Ski Lift | Peach | Green Hot Chocolate | Pink Suitcase | Red Hot Chocolate
,v2-coffee1,ICON-45782318678273,Coffee1 Embroidered Icon,,,low,No match - likely cut,0.9205,-1,Coffee | Ice Cream | Boston Dunkin | LA Smoothie | Chocolate Ice Cream | Swirl Ice Cream | Popcorn | Fries | Ralph's Iced Coffee | Sunscreen | Chicago Popcorn | Pill Bottle
,convertible-beetle-embroidered-icon,ICON-46316000542977,Convertible Beetle Embroidered Icon,,,low,No match - likely cut,0.9019,-1,Convertible Beetle | Convertible | Christmas Tree Truck | Taxi | Tree Taxi | Bronco | Moped | LA Vintage Car | Golf Cart | Taxi Snowglobe | Martha's Vineyard Stamp | Grey Rolling Suitcase
,convertible-embroidered-icon,ICON-46316013551873,Convertible Embroidered Icon,Convertible,1XlR7ynV2J3MC3_OS3IJKbMsGrXD3vL3X,high,High confidence,0.9512,0,Convertible | Convertible Beetle | Taxi | LA Vintage Car | Tree Taxi | Moped | Christmas Tree Truck | Bronco | Golf Cart | Taxi Snowglobe | Martha's Vineyard Stamp | Grey Rolling Suitcase
,corgi-embroidered-icon,ICON-45851587150081,Corgi Embroidered Icon,,,low,No match - likely cut,0.8843,-1,Corgi | Ski Corgi | Beagle | Black and Tan Shorthair Dachshund | Tan Shorthair Dachshund | Brown Shorthair Dachshund | Ski Black and Tan Shorthair Dachshund | Husky | Ski Border Collie | Schnauzer | Chihuahua | Border Collie
,v2-corndog,ICON-45782318776577,Corndog Embroidered Icon,,,low,No match - likely cut,0.5851,-1,Three Olives on Toothpick | Two Olives on Toothpick | Hot Dog | Wine Bottle | Sun Tan Lotion | Four Olives on Toothpick | Sriracha | Eggplant | Pepper | Pink Lighter | Soy Sauce | Lighter
,v2-cowboy-boot-blue,ICON-45782318874881,Cowboy Boot Blue Embroidered Icon,,,low,No match - likely cut,0.8841,-1,Cowboy Boot | Ice Skate | Ugg Boots | Ski Boot | Boston Red Sock | Apple Core | Stocking | Bandana P | Bandana Texas | Vine Tomatoes | Bandana B | Cactus
,v2-cowboy-boot-brown,ICON-45784345477377,Cowboy Boot Brown Embroidered Icon,,,low,No match - likely cut,0.8952,-1,Cowboy Boot | Ice Skate | Ugg Boots | Ski Boot | Boston Red Sock | Stocking | Apple Core | Cactus | Charleston Iced Tea | Cowboy Hat | Vine Tomatoes | Boston Dunkin
,v2-cowboy-boot-pink,ICON-45784345575681,Cowboy Boot Pink Embroidered Icon,,,low,No match - likely cut,0.8602,-1,Cowboy Boot | Ice Skate | Ski Boot | Boston Red Sock | Stocking | Ugg Boots | Apple Core | Pepper | California Border | Texas Outline | Charleston Iced Tea | Aperol Bottle
,v2-cowboy-hat-brown,ICON-45784345673985,Cowboy Hat Brown Embroidered Icon,,,low,No match - likely cut,0.8814,-1,Cowboy Hat | Boston Cannoli | Chicago Baseball Cap | Santa Hat | Boston Baseball Cap | Taco | Cowgirl Hat | Ugg Boots | Oyster | New York Hot Dog | Lingerie | Chicago Hot Dog Script
,v2-cowgirl-hat,ICON-45784345968897,Cowgirl Hat Embroidered Icon,,,low,No match - likely cut,0.8386,-1,Cowgirl Hat | Western Saddle | Hot Dog | Rose | Blue Hydrangea | Vine Tomatoes | Boston Cannoli | Oyster | Pink Hydrangea | Claw Clip | Red Rose | Umbrella
,crab-embroidered-icon,ICON-46316011847937,Crab Embroidered Icon,,,low,No match - likely cut,0.9205,-1,Crab | Lobster | Shrimp | Fish Bone | Locket Filled Bow | Tomato | Abbode Bow | Cape Cod Stamp | Rosebud | Smiley Face | Swans | Bikini
,v2-croissant,ICON-45782321332481,Croissant Embroidered Icon,Croissant,12oi4Rlqf0n3b5_khWnpICBZHBGf2eHyS,high,High confidence,0.8001,0,Croissant | Taco | Shrimp Sashimi | Wave | Banana | Sushi Nigiri | Claw Clip | Texas Outline | Ice Cream | Rosebud | Blue Plaid Q | Swirl Ice Cream
,crossed-candy-canes-embroidered-icon,ICON-46892775571713,Crossed Candy Canes Embroidered Icon,,,low,No match - likely cut,0.8750,-1,Crossed Candy Canes | Candy Cane Bow | Candy Cane Heart | Pretzel | Bandana X | Golf Clubs | I Love SF | Bass Cleff | Bandana K | Abbode Bow | Cheetah X | Brown Mushroom
,d-cheetah-embroidered-icon,ICON-46172397830401,D Cheetah Embroidered Icon,Cheetah D,1h_H7ayn8n2E8b4eiF9960wNRrKoI75vG,high,High confidence,0.9859,0,Cheetah D | Cheetah P | Cheetah B | Cheetah G | Cheetah U | Cheetah R | Cheetah F | Cheetah L | Cheetah T | Cheetah C | Cheetah H | Cheetah Z
,d-cross-stitch-black-embroidered-icon,ICON-45923677077761,D Cross Stitch Black Embroidered Icon,,,low,No match - likely cut,0.9480,-1,Cross Stitch A | Cross Stitch G | Cross Stitch W | Cross Stitch U | Cross Stitch Z | Cross Stitch R | Cross Stitch D | Cross Stitch N | Cross Stitch V | Cross Stitch E | Cross Stitch Q | Cross Stitch M
,d-cross-stitch-red-embroidered-icon,ICON-45923617505537,D Cross Stitch Red Embroidered Icon,,,low,No match - likely cut,0.9478,-1,Cross Stitch A | Cross Stitch G | Cross Stitch W | Cross Stitch U | Cross Stitch R | Cross Stitch Z | Cross Stitch N | Cross Stitch D | Cross Stitch V | Cross Stitch E | Cross Stitch Q | Cross Stitch B
,dachsund-brown-embroidered-icon,ICON-45851589214465,Dachsund Brown Embroidered Icon,Brown Shorthair Dachshund,1r6ISIo8qAdF8xrknShwMGAT2dwEtrzgo,high,High confidence,0.7897,4,Brown Longhair Dachshund | Chocolate Lab | Black Lab | Black Longhair Dachshund | Brown Shorthair Dachshund | Tan Longhair Dachshund | Golden Retriever | Yellow Lab | Tan Shorthair Dachshund | Black Dachshund | Black Shorthair Dachshund | Black and Tan Longhair Dachshund
,v2-daisy1,ICON-45784346067201,Daisy1 Embroidered Icon,,,low,No match - likely cut,0.8512,-1,Daisy | Pink Flower | Yellow Flower | Cherry Blossom | Sun | Hibiscus | Boston Clover | Clover | Summer Sun | Candy Cane Bow | Abbode Bow | Lemon Slice
,dalmatian-embroidered-icon,ICON-45851626897665,Dalmatian Embroidered Icon,,,low,No match - likely cut,0.9308,-1,Dalmatian | Spotted Pit Bull | German Shorthair Pointer | Ski Dalmatian | Italian Greyhound | Ski German Shorthair Pointer | Vizsla | White Pit Bull | Belgian Malinois | Husky | Brittany Spaniel | Great Dane
,dark-grey-frenchie-dog-embroidered-icon,ICON-46416409559297,Dark Grey Frenchie Dog Embroidered Icon,,,low,No match - likely cut,0.8905,-1,Dark Grey Frenchie | Tan Frenchie | Tan and Dark Grey Frenchie | Black Pug | Cane Corso | Chihuahua | Ski Tan Frenchie | White and Grey Frenchie | Rottweiler | Ski Tan And Grey Frenchie | Brown Doodle | Ski White Frenchie
,daschund-embroidered-icon,ICON-45851589902593,Daschund Embroidered Icon,,,low,No match - likely cut,0.7719,-1,Yellow Lab | Tan Longhair Dachshund | Brown Longhair Dachshund | Golden Retriever | Tan Shorthair Dachshund | Cocker Spaniel | Ski Golden Retriever | Brown Shorthair Dachshund | Chocolate Lab | Ski Brown Longhair Dachshund | Ski Blonde Longhair Dachshund | Black Lab
,v2-diamond,ICON-45782321430785,Diamond Embroidered Icon,,,low,No match - likely cut,0.7204,-1,Diamond | Coffee | Envelope | Blue Plaid V | Boston Dunkin | Watermelon Slice | Heart Dice | Nantucket Basket | Popcorn | Needlepoint | Ice Cream | Espresso Martini
,v2-diamond-suit,ICON-45782321529089,Diamond Suit Embroidered Icon,,,low,No match - likely cut,0.7835,-1,Yacht Flag F | Yacht Flag B | Yacht Flag A | Diamond | Yacht Flag Z | Envelope | Yacht Flag O | Star | Ace of Hearts | Yacht Flag V | Bandana A | Cross Stitch Arrow Heart
,v2-dice-fixed,ICON-45782321627393,Dice Fixed Embroidered Icon,Dice,1FUmFfa7-uVfoq8sZGhqukcml39b7EJg9,high,High confidence,0.8901,0,Dice | Heart Dice | Cards | Diamond | Ace of Hearts | Jack of Hearts | Cheese | Queen of Hearts | King of Hearts | Soccer Ball | Matcha | Cross Stitch F
,diet-coke-embroidered-icon,ICON-46943064719617,Diet Coke Embroidered Icon,,,low,No match - likely cut,0.8608,-1,Diet Coke | Ozempic Vial | Sriracha | Topo Chico | MetroCard | Ski Pass | Pill Bottle | Ralph's Coffee | Call Me Heart | Boarding Pass | King of Hearts | Love You Heart
,doberman-dog-200-embroidered-icon,ICON-46286600143105,Doberman dog 200 Embroidered Icon,Doberman,1-h-pij0Y3sWVpVBHRAQDhMopOt3H7rMx,high,High confidence,0.9103,0,Doberman | Ski Doberman | Belgian Malinois | Great Dane | Boxer | Cane Corso | Shiba Inu | Rottweiler | Pit Bull | German Shepherd | Vizsla | Boston Terrier
,v2-domino1,ICON-45782321725697,Domino1 Embroidered Icon,,,low,No match - likely cut,0.5493,-1,Queen of Hearts | Heart Pizza | King of Hearts | Pills | Ace of Hearts | Mahjong Tiles | Pink Plaid B | Strawberry Candy | Jack of Hearts | Cross Stitch R | Cross Stitch Z | Cross Stitch H
,v2-domino2,ICON-45782321824001,Domino2 Embroidered Icon,,,low,No match - likely cut,0.6446,-1,Queen of Hearts | King of Hearts | Ace of Hearts | Jack of Hearts | Pink Plaid B | Mahjong Tiles | Cheetah P | Strawberry Candy | Cheese | Cheetah B | Ski Pass | Pills
,v2-donut,ICON-45782321922305,Donut Embroidered Icon,,,low,No match - likely cut,0.8190,-1,Donut | Bagel | Bagel & Lox | Smile Pancakes | Bandana O | Pills | Sun | Round Evil Eye | Blue Plaid O | Chicago Bean | Hot Dog | Volleyball
,dreidel-embroidered-icon,ICON-46892775735553,Dreidel Embroidered Icon,,,low,No match - likely cut,0.5954,-1,Pink Lighter | Ski Pass | Holiday Shopping Bag | I Love SF | Lighter | Anchor | Sun Tan Lotion | Blue Plaid J | Blue Plaid G | Matcha | Lock & Key | Two Olives on Toothpick
,v2-dumpling,ICON-45782322020609,Dumpling Embroidered Icon,,,low,No match - likely cut,0.6487,-1,Garlic | Watermelon | Peach | Volleyball | Tomato | Sushi Nigiri | Basketball | Sushi Roll | Lemon | Hot Dog | Taco | Lemon Slice
,e-cheetah-embroidered-icon,ICON-46172399632641,E Cheetah Embroidered Icon,,,low,No match - likely cut,0.9630,-1,Cheetah E | Cheetah F | Cheetah B | Cheetah R | Blue Plaid R | Blue Plaid E | Pink Plaid R | Cheetah P | Pink Plaid E | Blue Plaid B | Blue Plaid G | Cheetah H
,e-cross-stitch-black-embroidered-icon,ICON-45923677667585,E Cross Stitch Black Embroidered Icon,,,low,No match - likely cut,0.9448,-1,Cross Stitch K | Cross Stitch Z | Cross Stitch A | Cross Stitch E | Cross Stitch F | Cross Stitch R | Cross Stitch S | Cross Stitch G | Cross Stitch P | Cross Stitch L | Cross Stitch Y | Cross Stitch X
,e-cross-stitch-red-embroidered-icon,ICON-45923620716801,E Cross Stitch Red Embroidered Icon,Cross Stitch E,1iYuk5N0Zk_txLVYLL7S3-xkYHBPAcsYX,high,High confidence,0.9439,3,Cross Stitch K | Cross Stitch Z | Cross Stitch A | Cross Stitch E | Cross Stitch F | Cross Stitch R | Cross Stitch S | Cross Stitch G | Cross Stitch P | Cross Stitch L | Cross Stitch V | Cross Stitch X
,earmuffs-embroidered-icon,ICON-46892775833857,Earmuffs Embroidered Icon,,,high,No match - likely cut,0.6143,-1,Taurus | Ring | Pepper | Cherries | Libra | Aries | Smiley Face | Capricorn | Pisces | Scorpio | Ski Goggles | Virgo
,v2-egg,ICON-45782322118913,Egg Embroidered Icon,,,low,No match - likely cut,0.9000,-1,Egg | Japan Flag | Cowboy Hat | Olive | Brown Sunglasses | Oyster | Yacht Flag I | Round Evil Eye | Life Preserver | Boston Cannoli | Pointed Evil Eye | Donut
,v2-eggplant,ICON-45782322217217,Eggplant Embroidered Icon,,,low,No match - likely cut,0.7957,-1,Eggplant | Pepper | Stocking | California Border | Banana | Tomato | Chicago Hot Dog Script | New York Hot Dog | Chicago Hot Dog Print | Bikini | Lemon | Brown Mushroom
,v2-elbow-pasta,ICON-45782322315521,Elbow Pasta Embroidered Icon,,,low,No match - likely cut,0.6971,-1,Bandana U | Bandana J | Cheetah U | Bandana S | Cheetah G | Chicago Hot Dog Print | Bandana C | Blue Plaid U | Horseshoe | Cheetah C | Pink Plaid Q | Cheetah J
,english-bulldog-embroidered-icon,ICON-45851590263041,English Bulldog Embroidered Icon,,,low,No match - likely cut,0.8455,-1,English Bulldog | Tan Frenchie | Westie | Ski English Bulldog | Brussels Griffon | Tan and Dark Grey Frenchie | Dark Grey Frenchie | Chow Chow | Black Pug | Fluffy White Dog | White and Grey Frenchie | Fluffy Brown Dog
,v2-envelope,ICON-45782322413825,Envelope Embroidered Icon,,,low,No match - likely cut,0.7162,-1,Envelope | Needlepoint | Diamond | Japan Flag | Yacht Flag O | Pink Suitcase | Ace of Hearts | Chicago Flag | Coffee | Jack of Hearts | California Flag | Boston Tote
,espresso-1-embroidered-icon,ICON-46316009259265,Espresso 1 Embroidered Icon,,,low,No match - likely cut,0.8712,-1,Espresso | Spicy Marg | Coffee | Negroni | Nantucket Basket | Plane Window | Boston Dunkin | Cowgirl Hat | LA Smoothie | Ice Cream | Charleston Iced Tea | Swirl Ice Cream
,v2-espresso-martini,ICON-45782322512129,Espresso Martini Embroidered Icon,,,low,No match - likely cut,0.8876,-1,Espresso Martini | Cosmopolitan | Margarita | Christmas Cocktail | Martini | Red Wine | Aperol Spritz | White Wine | Ralph's Iced Coffee | Champagne Glasses | LA Smoothie | Negroni
,v2-evil-eye1,ICON-45782322610433,Evil Eye1 Embroidered Icon,,,low,No match - likely cut,0.8237,-1,Pointed Evil Eye | 8 Ball | Round Evil Eye | Egg | Japan Flag | Bandana Y | Bandana O | World Cup 26 Soccer Ball | Football | Smile Pancakes | Bandana Q | Bandana F
,v2-evil-eye2,ICON-45784346165505,Evil Eye2 Embroidered Icon,,,low,No match - likely cut,0.8409,-1,Round Evil Eye | 8 Ball | Pointed Evil Eye | Bandana O | Yacht Flag I | Japan Flag | Smile Pancakes | Donut | Caviar | Blue Plaid O | Egg | Bandana Q
,example-t-shirt,ICON-45782323495169,Example T-Shirt Embroidered Icon,,,low,No match - likely cut,0.5754,-1,I heart NY Shirt | USA WC Jersey | Canada WC Jersey | Button Down Shirt | Mexico WC Jersey | Lingerie | Boston Baseball Cap | Chicago Baseball Cap | Yacht Flag Q | Yacht Flag G | Yacht Flag Y | One Piece Swimsuit
,f-cheetah-embroidered-icon,ICON-46172403859713,F Cheetah Embroidered Icon,,,low,No match - likely cut,0.9788,-1,Cheetah F | Cheetah R | Cheetah H | Cheetah E | Cheetah B | Cheetah P | Cheetah T | Cheetah G | Cheetah D | Cheetah X | Cheetah L | Pink Plaid R
,f-cross-stitch-black-embroidered-icon,ICON-45923678716161,F Cross Stitch Black Embroidered Icon,,,low,No match - likely cut,0.9498,-1,Cross Stitch K | Cross Stitch Z | Cross Stitch A | Cross Stitch E | Cross Stitch F | Cross Stitch R | Cross Stitch P | Cross Stitch L | Cross Stitch S | Cross Stitch Y | Cross Stitch G | Cross Stitch X
,f-cross-stitch-red-embroidered-icon,ICON-45923621011713,F Cross Stitch Red Embroidered Icon,Cross Stitch F,1Rh6edhFZpNxY90er7JG6dLkqk4cS8117,high,High confidence,0.9484,4,Cross Stitch K | Cross Stitch Z | Cross Stitch A | Cross Stitch E | Cross Stitch F | Cross Stitch R | Cross Stitch P | Cross Stitch L | Cross Stitch S | Cross Stitch G | Cross Stitch Y | Cross Stitch X
,fish-bone-embroidered-icon,ICON-46316057362689,Fish Bone Embroidered Icon,Fish Bone,1wAANv0G6fumiY56X2xUSF0BMZwGaQXAk,high,High confidence,0.9067,0,Fish Bone | Dog Paws | Joint | Claw Clip | Bikini | Soy Sauce | Tic-tac-toe | Bikini Polka Dot | Tokyo Kanji | Rose | Japan Kanji | Charleston SC Palm Tree
,flip-flops-embroidered-icon,ICON-46315800330497,Flip Flops Embroidered Icon,,,low,No match - likely cut,0.8406,-1,Flip Flops | Plane Window | Hot Dog | Broken Heart | Surf Board | Pink Lip Balms | Lip Balms | Brown Sunglasses | Boston Cannoli | Chicago Bean | Red Mushroom | Lipstick
,bichon-frise-embroidered-icon,ICON-46286577500417,Fluffy White Dog Embroidered Icon,Fluffy White Dog,1-z9KC4BOHUcbWis2BVY5ME97hPuPfN_6,high,High confidence,0.8517,0,Fluffy White Dog | Fluffy Brown Dog | Shorthair Shi Tzu | Westie | Blonde Doodle | Poodle | Fluffy Black Dog | Ski Fluffy White Dog | Black Doodle | Yorkie | Ski Brown Doodle | Chow Chow
,v2-football,ICON-45782324347137,Football Embroidered Icon,,,low,No match - likely cut,0.7959,-1,Football | Prozac | Olive | Adderall | Pointed Evil Eye | Broken Heart | Watermelon | Volleyball | Chicago Bean | Xanax | Chicago Hot Dog Print | Bagel
,v2-four-olives-on-toothpick,ICON-45782324838657,Four Olives on Toothpick Embroidered Icon,,,low,No match - likely cut,0.7510,-1,Four Olives on Toothpick | Three Olives on Toothpick | Two Olives on Toothpick | Lemonade | Snowboard | Cross Stitch I | Cross Stitch J | Cross Stitch P | Cross Stitch V | Charleston Iced Tea | Cherries | Cross Stitch R
,frenchie-embroidered-icon,ICON-45851591344385,Frenchie Embroidered Icon,,,low,No match - likely cut,0.8720,-1,Tan Frenchie | Dark Grey Frenchie | White and Grey Frenchie | Tan and Dark Grey Frenchie | Ski White Frenchie | Ski Tan Frenchie | Ski Tan And Grey Frenchie | Ski White And Grey Frenchie | Black Pug | English Bulldog | Chihuahua | White Pit Bull
,v2-fries,ICON-45782325330177,Fries Embroidered Icon,,,low,No match - likely cut,0.8589,-1,Fries | Popcorn | Chicago Skyline | Coffee | Chicago Popcorn | Hot Dog | Broccoli | Purple Hydrangea | Cheetah W | Lighter | Ice Cream | Blue Hydrangea
,g-cheetah-embroidered-icon,ICON-46172405104897,G Cheetah Embroidered Icon,,,low,No match - likely cut,0.9771,-1,Cheetah G | Cheetah P | Cheetah B | Cheetah R | Cheetah D | Cheetah F | Blue Plaid G | Cheetah L | Cheetah C | Cheetah H | Cheetah Q | Blue Plaid Q
,g-cross-stitch-black-embroidered-icon,ICON-45923680747777,G Cross Stitch Black Embroidered Icon,Cross Stitch G,1OpirEAbQLST9bLY_5c_bjf2imsK7uQiV,high,High confidence,0.9400,2,Cross Stitch Z | Cross Stitch A | Cross Stitch G | Cross Stitch E | Cross Stitch R | Cross Stitch K | Cross Stitch S | Cross Stitch V | Cross Stitch P | Cross Stitch B | Cross Stitch L | Cross Stitch Q
,g-cross-stitch-red-embroidered-icon,ICON-45923622322433,G Cross Stitch Red Embroidered Icon,,,low,No match - likely cut,0.9394,-1,Cross Stitch Z | Cross Stitch A | Cross Stitch G | Cross Stitch E | Cross Stitch R | Cross Stitch K | Cross Stitch S | Cross Stitch V | Cross Stitch P | Cross Stitch B | Cross Stitch L | Cross Stitch N
,v2-garlic,ICON-45782325428481,Garlic Embroidered Icon,,,low,No match - likely cut,0.8057,-1,Garlic | Lemon | Nantucket Basket | Watermelon | Peach | Eggplant | Brown Mushroom | Tomato | NY Pizza | Espresso Martini | Christmas Tree | Topo Chico
,german-shepard-embroidered-icon,ICON-45851594391809,German Shepard Embroidered Icon,,,low,No match - likely cut,0.9152,-1,German Shepherd | Husky | Great Dane | Doberman | Boxer | Rottweiler | Cane Corso | Shiba Inu | Belgian Malinois | German Shorthair Pointer | Beagle | Ski Rottweiler
,gingerbread-man-embroidered-icon,ICON-46892776620289,Gingerbread Man Embroidered Icon,,,low,No match - likely cut,0.9540,-1,Gingerbread Man | Sheet Mask | Apple Core | Cheetah P | Texas Outline | Queen of Hearts | Cheetah R | Abbode Bow | Lock & Key | Dog Paws | Claw Clip | Lucky Cat
,golden-doodle-black-embroidered-icon,ICON-45851597996289,Golden Doodle Black Embroidered Icon,,,low,No match - likely cut,0.9279,-1,Black Doodle | Brown Doodle | Blonde Doodle | Ski Black Doodle | Chocolate Lab | Black Lab | Ski Brown Doodle | Black Pug | Yorkie | Golden Retriever | Yellow Lab | Ski Blonde Doodle
,golden-doodle-blonde-embroidered-icon,ICON-45851600355585,Golden Doodle Blonde Embroidered Icon,,,low,No match - likely cut,0.9089,-1,Blonde Doodle | Brown Doodle | Black Doodle | Yellow Lab | Golden Retriever | Ski Brown Doodle | Poodle | Ski Blonde Doodle | Westie | Brussels Griffon | Chocolate Lab | Brown Longhair Dachshund
,golden-doodle-embroidered-icon,ICON-45851601076481,Golden Doodle Embroidered Icon,,,low,No match - likely cut,0.9175,-1,Black Doodle | Brown Doodle | Blonde Doodle | Ski Black Doodle | Chocolate Lab | Ski Brown Doodle | Black Lab | Brown Longhair Dachshund | Yorkie | Yellow Lab | Black Longhair Dachshund | Ski Blonde Doodle
,golden-retriever-embroidered-icon,ICON-45851597144321,Golden Retriever Embroidered Icon,,,low,No match - likely cut,0.9115,-1,Golden Retriever | Yellow Lab | Chocolate Lab | Black Lab | Ski Golden Retriever | English Shepherd | Vizsla | Brown Doodle | Blonde Doodle | Cocker Spaniel | Tan Longhair Dachshund | Brown Longhair Dachshund
,goldendoodle-black-embroidered-icon,ICON-46294743941377,Goldendoodle Black Embroidered Icon,,,low,No match - likely cut,0.9279,-1,Black Doodle | Brown Doodle | Blonde Doodle | Ski Black Doodle | Chocolate Lab | Black Lab | Ski Brown Doodle | Black Pug | Yorkie | Golden Retriever | Yellow Lab | Ski Blonde Doodle
,goldendoodle-blonde-embroidered-icon,ICON-46294744629505,Goldendoodle Blonde Embroidered Icon,,,low,No match - likely cut,0.9089,-1,Blonde Doodle | Brown Doodle | Black Doodle | Yellow Lab | Golden Retriever | Ski Brown Doodle | Poodle | Ski Blonde Doodle | Westie | Brussels Griffon | Chocolate Lab | Brown Longhair Dachshund
,v2-golf-bag,ICON-45782325526785,Golf Bag Embroidered Icon,Golf Bag,1s1nkoBJJRjPeo_WMmPIYIPVpvfyKpNEd,high,High confidence,0.7408,0,Golf Bag | Treble Cleff | Cactus | Lighter | Pink Lighter | Vine Tomatoes | Topo Chico | Sriracha | Snowboard | Bikini | Ski Pass | Lobster
,v2-golf-ball,ICON-45782325625089,Golf Ball Embroidered Icon,,,low,No match - likely cut,0.6217,-1,Bagel | Olive | Donut | Smile Pancakes | Tomato | Sushi Roll | Red Mushroom | Sun | World Cup 26 Soccer Ball | 8 Ball | Watermelon | Strawberry
,v2-golf-cart,ICON-45782325723393,Golf Cart Embroidered Icon,,,low,No match - likely cut,0.9345,-1,Golf Cart | Moped | Convertible | Convertible Beetle | Tree Taxi | Taxi | Christmas Tree Truck | Bronco | LA Vintage Car | Taxi Snowglobe | Martha's Vineyard Stamp | Ski Lift
,v2-golf-club,ICON-45782325985537,Golf Club Embroidered Icon,,,high,No match - likely cut,0.6358,-1,Golf Clubs | Beamed Sixteenth Note | Eighth Note | Treble Cleff | Quarter Note | Olive on Toothpick | Skis | Rose | Pepper | Two Olives on Toothpick | Skier | USA Skis
,v2-golf-clubs,ICON-45782326083841,Golf Clubs Embroidered Icon,,,low,No match - likely cut,0.7682,-1,Golf Clubs | Cross Stitch I | Cross Stitch L | Cross Stitch J | Cross Stitch T | Cross Stitch O | Cross Stitch Q | Cross Stitch U | Cross Stitch C | Cross Stitch D | Skis | Cross Stitch V
,great-dane-dog-200-embroidered-icon,ICON-46286602404097,Great Dane Dog 200 Embroidered Icon,,,low,No match - likely cut,0.9474,-1,Great Dane | Cane Corso | Chihuahua | Belgian Malinois | Vizsla | Doberman | White Pit Bull | Rottweiler | Boxer | Husky | Italian Greyhound | Sphynx Cat
,green-hot-chocolate-embroidered-icon,ICON-46892776718593,Green Hot Chocolate Embroidered Icon,Green Hot Chocolate,10Pepl1lN581oVgGwg0ZcQjtgqGV7FG3q,high,High confidence,0.9476,0,Green Hot Chocolate | Red Hot Chocolate | Virgo | Chicago Popcorn | Capricorn | Cancer | Espresso | Scorpio | Diet Coke | Fries | Purple Hydrangea | Spicy Marg
,h-cheetah-embroidered-icon,ICON-46172405661953,H Cheetah Embroidered Icon,,,low,No match - likely cut,0.9679,-1,Cheetah H | Cheetah F | Cheetah R | Cheetah B | Cheetah P | Cheetah L | Cheetah T | Cheetah G | Cheetah K | Cheetah D | Cheetah N | Cheetah X
,h-cross-stitch-black-embroidered-icon,ICON-45923686449409,H Cross Stitch Black Embroidered Icon,,,low,No match - likely cut,0.9496,-1,Cross Stitch X | Cross Stitch H | Cross Stitch N | Cross Stitch Z | Cross Stitch R | Cross Stitch W | Cross Stitch Y | Cross Stitch E | Cross Stitch A | Cross Stitch M | Cross Stitch G | Cross Stitch K
,h-cross-stitch-red-embroidered-icon,ICON-45923625500929,H Cross Stitch Red Embroidered Icon,Cross Stitch H,1ERDTnb2nHSDoVyUGxAoxAQjOgrrQ3kD-,high,High confidence,0.9496,1,Cross Stitch X | Cross Stitch H | Cross Stitch N | Cross Stitch Z | Cross Stitch R | Cross Stitch W | Cross Stitch Y | Cross Stitch E | Cross Stitch A | Cross Stitch M | Cross Stitch G | Cross Stitch K
,v2-hand-bag-blue,ICON-45782326313217,Hand Bag Blue Embroidered Icon,Navy Suitcase,13xgigHjk9CUuBAy_qyivRaPchoqqNX3L,high,High confidence,0.7345,1,Pink Suitcase | Navy Suitcase | Needlepoint | Boston Tote | Boarding Pass | Nantucket Basket | Ski Pass | Old Fashioned | Coffee | Boston Dunkin | Chicago Flag | MetroCard
,v2-hand-bag,ICON-45782326411521,Hand Bag Pink Embroidered Icon,,,low,No match - likely cut,0.7181,-1,Pink Suitcase | Navy Suitcase | Needlepoint | Boston Tote | Nantucket Basket | Boarding Pass | Ski Pass | Old Fashioned | Boston Dunkin | Coffee | Chicago Popcorn | San Francisco Cable Car
,hanukkah-matches-embroidered-icon,ICON-46892776849665,Hanukkah Matches Embroidered Icon,,,low,No match - likely cut,0.6046,-1,Pink Suitcase | Boarding Pass | Mahjong Tiles | Passport | Navy Suitcase | Heart Dice | Chicago Flag | Ace of Hearts | Yacht Flag F | King of Hearts | Yacht Flag A | Football
,v2-heart-dice-black,ICON-45782327197953,Heart Dice Black Embroidered Icon,Heart Dice,14oy3e1YK4HbCghRVKMgm_nHYBcpu41i9,high,High confidence,0.8462,0,Heart Dice | Dice | Diamond | Envelope | Jack of Hearts | Cards | Ace of Hearts | Popcorn | Queen of Hearts | King of Hearts | Negroni | Coffee
,v2-heart-dice,ICON-45782327361793,Heart Dice Embroidered Icon,Heart Dice,14oy3e1YK4HbCghRVKMgm_nHYBcpu41i9,high,High confidence,0.8666,0,Heart Dice | Dice | Diamond | Cards | Jack of Hearts | Ace of Hearts | Envelope | Popcorn | Negroni | Queen of Hearts | Donut | Matcha
,v2-heart-pizza,ICON-45782327820545,Heart Pizza Embroidered Icon,Heart Pizza,1l4LtyB043UR2dd_eAV9-8cuicWfyj-bl,high,High confidence,0.8538,0,Heart Pizza | Strawberry | Queen of Hearts | Ace of Hearts | Locket Filled Bow | Locket Filled | Italian Greyhound Locket | Doberman Locket | Heart Suit | Brown Doodle Locket | Black Doodle Locket | Heart
,heart-suit-embroidered-icon,ICON-46626340995329,Heart Suit Embroidered Icon,Heart Suit,1wRNNLBFhWUAnH4OtuE3Vnlm12uFxsdEN,high,High confidence,0.9769,0,Heart Suit | Dallas Heart | New York Heart | Heart | LA Heart | Chicago Heart | Austin Heart | Boston Heart | San Diego Heart | San Francisco Heart | Bandana Heart | XOXO Heart Pink
,v2-heirloom-tomato,ICON-45782328115457,Heirloom Tomato Embroidered Icon,,,low,No match - likely cut,0.6841,-1,Tomato | Apple | Vine Tomatoes | Peach | New York Apple | Cherries | Strawberry | Two Olives on Toothpick | Locket Filled Bow | Rose | Hibiscus | Bikini
,hibiscus-embroidered-icon,ICON-46315913052417,Hibiscus Embroidered Icon,,,low,No match - likely cut,0.9058,-1,Hibiscus | Boston Clover | Clover | Charleston Palm Tree | Daisy | Weed | Red Rose | Rose | Vine Tomatoes | Cherry Blossom | Yellow Flower | Banana
,v2-hiking-boot,ICON-45782328213761,Hiking Boot Embroidered Icon,,,low,No match - likely cut,0.6060,-1,Ice Skate | Ski Boot | Ugg Boots | Cowboy Boot | Bikini | Vine Tomatoes | Cowboy Hat | Bikini Polka Dot | Lingerie | Tomato | Locket Filled Bow | Stocking
,holiday-shopping-bag-embroidered-icon,ICON-46892776980737,Holiday Shopping Bag Embroidered Icon,,,low,No match - likely cut,0.9342,-1,Holiday Shopping Bag | Ski Pass | Pink Lighter | Boston Tote | Navy Suitcase | Pink Suitcase | Lighter | Red Rolling Suitcase | King of Hearts | Charleston Suitcase | Red Hot Chocolate | Jack of Hearts
,v2-honey-bear-alt,ICON-45782328443137,Honey Bear ALT Embroidered Icon,Honey Bear,1Cj30NS_jD7_u24bHLW5Hw76vUfoeHE94,high,High confidence,0.8290,0,Honey Bear | Lucky Cat | Statue of Liberty | Latke Bear | Ski Westie | Bernedoodle | Ski Brown Doodle | Ski Blonde Doodle | Ski Cockerspaniel | Ski Bernedoodle | Pomeranian | Hamster
,v2-horseshoe,ICON-45782329098497,Horseshoe Embroidered Icon,Horseshoe,1wgLWYxl9g2YcQ38BrBKn9BJ9wvFH75rD,high,High confidence,0.8942,0,Horseshoe | Cheetah C | Cheetah U | Cheetah O | Bandana U | Cheetah Z | Candy Cane Heart | Cheetah G | Pretzel | Bandana Q | Blue Plaid O | Pink Plaid C
,v2-hot-dog,ICON-45782329295105,Hot Dog Embroidered Icon,Hot Dog,1S2vrb5gE0YqkZJoJrNynlRLjistCtVZ5,high,High confidence,0.8413,0,Hot Dog | New York Hot Dog | Chicago Hot Dog Script | Chicago Hot Dog Print | Chicago Bean | Oyster | Boston Cannoli | Burger | Lips | Claw Clip | Steak | Plane Window
,v2-hot-sauce,ICON-45782329426177,Hot Sauce Embroidered Icon,Hot Sauce,1F-5c3qtKLa9iXIq3i40C6cZX7lrwWisQ,high,High confidence,0.8387,0,Hot Sauce | Nail Polish | Wine Bottle | Champagne Bottle | Lipstick | Aperol Bottle | Topo Chico | Sun Tan Lotion | Lighter | Sriracha | Perfume Bottle | Pink Lighter
,husky-dog-200-embroidered-icon,ICON-46286605091073,Husky Dog 200 Embroidered Icon,,,low,No match - likely cut,0.9590,-1,Husky | Ski Husky | German Shepherd | Doberman | Cane Corso | Great Dane | Shiba Inu | Spotted Pit Bull | Belgian Malinois | Ski Border Collie | Chihuahua | Border Collie
,hydrangea-embroidered-icon,ICON-46315769626881,Hydrangea Embroidered Icon,,,low,No match - likely cut,0.9383,-1,Blue Hydrangea | Pink Hydrangea | Purple Hydrangea | Sushi Roll | Broccoli | Yellow Flower | Pink Flower | Red Rose | Cowgirl Hat | Vine Tomatoes | Rose | Daisy
,hydrangea-purple-embroidered-icon,ICON-46315727028481,Hydrangea Purple Embroidered Icon,,,low,No match - likely cut,0.8998,-1,Purple Hydrangea | Blue Hydrangea | Pink Hydrangea | Sushi Roll | Yellow Flower | Pink Flower | Broccoli | Vine Tomatoes | Red Rose | Boston Clover | Clover | Charleston Palm Tree
,i-cheetah-embroidered-icon,ICON-46172406972673,I Cheetah Embroidered Icon,,,low,No match - likely cut,0.9817,-1,Cheetah I | Cheetah T | Cheetah L | Cheetah Y | Cheetah K | Cheetah P | Cheetah N | Cheetah H | Cheetah F | Cheetah X | Cheetah J | Cheetah R
,i-cross-stitch-black-embroidered-icon,ICON-45923687268609,I Cross Stitch Black Embroidered Icon,,,low,No match - likely cut,0.9463,-1,Cross Stitch T | Cross Stitch I | Cross Stitch Y | Cross Stitch L | Cross Stitch V | Cross Stitch A | Cross Stitch P | Cross Stitch G | Cross Stitch E | Cross Stitch J | Cross Stitch R | Cross Stitch Z
,i-cross-stitch-red-embroidered-icon,ICON-45923636904193,I Cross Stitch Red Embroidered Icon,,,low,No match - likely cut,0.9461,-1,Cross Stitch T | Cross Stitch I | Cross Stitch Y | Cross Stitch L | Cross Stitch A | Cross Stitch V | Cross Stitch P | Cross Stitch G | Cross Stitch E | Cross Stitch J | Cross Stitch R | Cross Stitch Z
,v2-i-heart-ny,ICON-45782329884929,I Heart NY Embroidered Icon,,,high,No match - likely cut,0.8485,-1,I Love DTX | I Love BOS | I Love CHS | I Love ATX | I Love CHI | I Love SF | Tokyo Kanji | Japan Kanji | Lover Locket | Tic-tac-toe | Lover Arrow Heart | I Love LA
,v2-i-heart-ny-shirt,ICON-45782329983233,I Heart NY Shirt Embroidered Icon,,,low,No match - likely cut,0.8195,-1,I heart NY Shirt | USA WC Jersey | Canada WC Jersey | Mexico WC Jersey | Button Down Shirt | Ski Pass | Needlepoint | Blue Plaid T | Blue Plaid R | California Flag | Boston Sign | Boarding Pass
,v2-ice-cream,ICON-45782330081537,Ice Cream Embroidered Icon,,,low,No match - likely cut,0.8537,-1,Ice Cream | Chocolate Ice Cream | Swirl Ice Cream | Coffee | LA Smoothie | Boston Dunkin | Ralph's Iced Coffee | Ralph's Coffee | Takeout | Christmas Tree | Chicago Popcorn | Pink Lighter
,ice-skate-embroidered-icon,ICON-46892777111809,Ice Skate Embroidered Icon,,,low,No match - likely cut,0.9717,-1,Ice Skate | Ski Boot | Cowboy Boot | Ugg Boots | New York Hot Dog | Stocking | Boston Red Sock | Apple Core | San Francisco Sea Lion | Texas Outline | Black Dachshund | Black Shorthair Dachshund
,ice-skater-embroidered-icon,ICON-46892777242881,Ice Skater Embroidered Icon,Ice Skater,1KhLD-Gkh_D3bOYOo-D5LchGVfUDe0yQ1,high,High confidence,0.9505,0,Ice Skater | Latke Bear | Statue of Liberty | Skier | Apple Core | Golf Bag | Charleston SC Palm Tree | Bernedoodle | Lucky Cat | Ski Samoyed | Ski Bernedoodle | Ski Cockerspaniel
,v2-infinity,ICON-45782330179841,Infinity Embroidered Icon,,,low,No match - likely cut,0.7163,-1,Treble Cleff | XOXO | Taurus | Ring | Heart Outline | Capricorn | Locket Filled Bow | Pisces | Cross Stitch M | Cross Stitch C | Pink Sunglasses | Cancer
,v2-infinity-red,ICON-45782330605825,Infinity Red Embroidered Icon,,,high,No match - likely cut,0.7150,-1,Treble Cleff | Taurus | XOXO | Ring | Capricorn | Pisces | Cancer | Heart Outline | Locket Filled Bow | Pink Sunglasses | 8 Ball | Abbode Bow
,italian-greyhound-dog-200-embroidered-icon,ICON-46286607679745,Italian Greyhound Dog 200 Embroidered Icon,,,low,No match - likely cut,0.9475,-1,Italian Greyhound | White Pit Bull | Great Dane | Vizsla | Spotted Pit Bull | Chihuahua | Pit Bull | Golden Retriever | Belgian Malinois | Ski Italian Greyhound | Cane Corso | Yellow Lab
,j-cheetah-embroidered-icon,ICON-46172427026689,J Cheetah Embroidered Icon,,,low,No match - likely cut,0.9678,-1,Cheetah J | Cheetah Q | Cheetah I | Cheetah C | Cheetah L | Bandana J | Cheetah Z | Pink Plaid J | Cheetah P | Cheetah S | Cheetah G | Blue Plaid J
,j-cross-stitch-black-embroidered-icon,ICON-45923691757825,J Cross Stitch Black Embroidered Icon,,,low,No match - likely cut,0.9240,-1,Cross Stitch J | Cross Stitch L | Cross Stitch V | Cross Stitch C | Cross Stitch P | Cross Stitch U | Cross Stitch G | Cross Stitch A | Cross Stitch T | Cross Stitch Z | Cross Stitch Q | Cross Stitch D
,j-cross-stitch-red-embroidered-icon,ICON-45923645751553,J Cross Stitch Red Embroidered Icon,,,low,No match - likely cut,0.9209,-1,Cross Stitch J | Cross Stitch L | Cross Stitch V | Cross Stitch C | Cross Stitch P | Cross Stitch U | Cross Stitch G | Cross Stitch A | Cross Stitch Z | Cross Stitch T | Cross Stitch D | Cross Stitch Q
,v2-jack-of-hearts,ICON-45782330704129,Jack of Hearts Embroidered Icon,,,low,No match - likely cut,0.6069,-1,Needlepoint | Jack of Hearts | Ace of Hearts | Coffee | King of Hearts | Queen of Hearts | Envelope | Popcorn | Cards | Pink Lighter | Chicago Popcorn | Nantucket Basket
,jeep-embroidered-icon,ICON-46315947524353,Jeep Embroidered Icon,,,low,No match - likely cut,0.9109,-1,Bronco | Convertible | Convertible Beetle | Taxi | Christmas Tree Truck | Tree Taxi | Taxi Snowglobe | Moped | LA Vintage Car | Golf Cart | Martha's Vineyard Stamp | Grey Rolling Suitcase
,jelly-donut-embroidered-icon,ICON-46892777373953,Jelly Donut Embroidered Icon,,,high,No match - likely cut,0.6711,-1,Donut | Bagel & Lox | Bagel | Round Evil Eye | Blue Plaid O | Bandana O | Pink Plaid O | Espresso | Japan Flag | Olive | 8 Ball | Volleyball
,v2-joint,ICON-45782331916545,Joint Embroidered Icon,Joint,1XATNsy_QeULL7Ax09AZeJUXU7r6ztUKr,high,High confidence,0.8532,0,Joint | Claw Clip | Lips | Lake Michigan | Fish Bone | Dog Paws | Charleston SC Palm Tree | Rose | Bikini | Reindeer | Red Rose | Texas Outline
,k-cheetah-embroidered-icon,ICON-46172441018625,K Cheetah Embroidered Icon,,,low,No match - likely cut,0.9710,-1,Cheetah K | Cheetah X | Cheetah R | Cheetah N | Cheetah L | Cheetah F | Cheetah H | Cheetah Y | Cheetah A | Cheetah I | Cheetah P | Cheetah T
,k-cross-stitch-black-embroidered-icon,ICON-45923693003009,K Cross Stitch Black Embroidered Icon,,,low,No match - likely cut,0.9514,-1,Cross Stitch X | Cross Stitch K | Cross Stitch Z | Cross Stitch Y | Cross Stitch R | Cross Stitch E | Cross Stitch N | Cross Stitch H | Cross Stitch A | Cross Stitch V | Cross Stitch S | Cross Stitch G
,k-cross-stitch-red-embroidered-icon,ICON-45923650994433,K Cross Stitch Red Embroidered Icon,,,low,No match - likely cut,0.9511,-1,Cross Stitch X | Cross Stitch K | Cross Stitch Z | Cross Stitch R | Cross Stitch Y | Cross Stitch E | Cross Stitch N | Cross Stitch H | Cross Stitch A | Cross Stitch V | Cross Stitch S | Cross Stitch G
,v2-ketchup,ICON-45782332113153,Ketchup Embroidered Icon,,,low,No match - likely cut,0.6480,-1,Topo Chico | Champagne Bottle | Hot Sauce | Wine Bottle | Aperol Bottle | Nail Polish | Sriracha | Lipstick | Sunscreen | Lighter | Strawberry Candy | Surf Board
,v2-king-of-hearts,ICON-45782332309761,King of Hearts Embroidered Icon,,,low,No match - likely cut,0.6032,-1,Needlepoint | Jack of Hearts | Ace of Hearts | Coffee | King of Hearts | Envelope | Popcorn | Queen of Hearts | Chicago Popcorn | Pink Lighter | Japan Flag | Cards
,l-cheetah-embroidered-icon,ICON-46172466249985,L Cheetah Embroidered Icon,,,low,No match - likely cut,0.9553,-1,Cheetah L | Cheetah I | Cheetah T | Cheetah K | Cheetah P | Cheetah J | Cheetah N | Cheetah R | Cheetah Y | Cheetah H | Cheetah Z | Blue Plaid L
,l-cross-stitch-black-embroidered-icon,ICON-45923694248193,L Cross Stitch Black Embroidered Icon,,,low,No match - likely cut,0.9500,-1,Cross Stitch L | Cross Stitch A | Cross Stitch G | Cross Stitch V | Cross Stitch Z | Cross Stitch E | Cross Stitch P | Cross Stitch T | Cross Stitch Y | Cross Stitch U | Cross Stitch R | Cross Stitch J
,l-cross-stitch-red-embroidered-icon,ICON-45923652403457,L Cross Stitch Red Embroidered Icon,,,low,No match - likely cut,0.9498,-1,Cross Stitch L | Cross Stitch A | Cross Stitch G | Cross Stitch V | Cross Stitch Z | Cross Stitch P | Cross Stitch E | Cross Stitch T | Cross Stitch U | Cross Stitch Y | Cross Stitch J | Cross Stitch R
,labrador-retriever-embroidered-icon,ICON-45851603665153,Labrador Retriever Embroidered Icon,Yellow Lab,1pqLVMoIUXYmtDGvV_-goKmuzNFjgzu19,high,High confidence,0.9230,0,Yellow Lab | Chocolate Lab | Golden Retriever | Black Lab | Vizsla | White Pit Bull | Ski Golden Retriever | Blonde Doodle | Great Dane | Belgian Malinois | Cocker Spaniel | Ski Yellow Lab
,v2-lace-heart,ICON-45782332408065,Lace Heart Embroidered Icon,Lace Heart,1gKCUziHb8V5uSNtATxHwCM9A63MkAfJG,high,High confidence,0.8279,0,Lace Heart | Heart | Schnauzer Locket | Boxer Locket | Bandana Heart | Bulldog Locket | Italian Greyhound Locket | Austin Heart | Golden Retriever Locket | Black Doodle Locket | Doberman Locket | Heart Suit
,latke-embroidered-icon,ICON-46892777505025,Latke Embroidered Icon,,,low,No match - likely cut,0.9564,-1,Caviar Latke | Taco | Sushi Roll | Bagel | Lips | Chicago Hot Dog Print | Chicago Hot Dog Script | Donut | Oyster | Bagel & Lox | Football | Cowgirl Hat
,v2-lemon,ICON-45782332506369,Lemon Embroidered Icon,,,low,No match - likely cut,0.8260,-1,Lemon | Peach | Strawberry | Eggplant | Cherries | Strawberry Candy | Tomato | Locket Filled | Garlic | Broken Heart | Locket Filled Bow | Hair Brush
,v2-lemon-slice,ICON-45782332604673,Lemon Slice Embroidered Icon,,,low,No match - likely cut,0.8513,-1,Lime Slice | Lemon Slice | Clover | Plane Window | Sushi Roll | Sun | Pink Flower | Chicago Ferris Wheel | Yellow Flower | Life Preserver | Adderall | Boston Clover
,v2-liberty-2,ICON-45782332702977,Liberty 2 Embroidered Icon,,,low,No match - likely cut,0.7858,-1,Statue of Liberty | Charleston SC Palm Tree | Latke Bear | Christmas Tree | Ice Skater | Ski Tan Pomeranian | Ice Cream | Apple Core | Black and Tan Pomeranian | Swirl Ice Cream | Ski Black and Tan Pomeranian | Ski Samoyed
,v2-liberty1,ICON-45782332801281,Liberty1 Embroidered Icon,,,low,No match - likely cut,0.8287,-1,Statue of Liberty Head | Bandana Star | Rosebud | Summer Sun | Statue of Liberty | Claw Clip | Vine Tomatoes | Bandana Texas | Bikini | Bikini Polka Dot | Charleston Pineapple | Star
,v2-lime-slice,ICON-45782332997889,Lime Slice Embroidered Icon,,,low,No match - likely cut,0.8469,-1,Lime Slice | Lemon Slice | Clover | Pink Flower | Yellow Flower | Sushi Roll | Sun | Plane Window | Life Preserver | Boston Clover | Chicago Ferris Wheel | Adderall
,v2-lip-filler,ICON-45782333096193,Lip Filler Embroidered Icon,,,high,No match - likely cut,0.6243,-1,Cigarette | Olive on Toothpick | Pink Sunglasses | Pink Lighter | Two Olives on Toothpick | Lipstick | Wine Bottle | Pills | Lighter | Three Olives on Toothpick | Howdy | Topo Chico
,v2-lips,ICON-45782333194497,Lips Embroidered Icon,Lips,11R1N2vsypfvZtvJYXThQCsHB1M2wOPY2,high,High confidence,0.7856,0,Lips | Joint | New York Hot Dog | Chicago Hot Dog Print | Claw Clip | Fish Bone | Lobster | Blue Plaid Q | Shrimp Sashimi | Football | Chicago Hot Dog Script | Chicago Bean
,v2-lips2,ICON-45782333358337,Lips2 Embroidered Icon,,,low,No match - likely cut,0.6453,-1,Lips | Rosebud | Bikini | Joint | Rose | Blue Plaid Q | Football | New York Hot Dog | Fish Bone | Chicago Hot Dog Script | Chicago Hot Dog Print | Caviar Latke
,lipstick-embroidered-icon,ICON-46626340372737,Lipstick Embroidered Icon,,,low,No match - likely cut,0.8870,-1,Lipstick | Lighter | Pink Lighter | Wine Bottle | Nail Polish | Cigarette | Chicago Skyline | Sriracha | Surf Board | Hot Sauce | Champagne Bottle | Topo Chico
,little-fluffy-dog-embroidered-icon,ICON-45851605926145,Little Fluffy Dog Embroidered Icon,,,low,No match - likely cut,0.8499,-1,Fluffy White Dog | Fluffy Brown Dog | Shorthair Shi Tzu | Westie | Blonde Doodle | Poodle | Fluffy Black Dog | Ski Fluffy White Dog | Black Doodle | Yorkie | Ski Brown Doodle | Chow Chow
,v2-lobster,ICON-45782333522177,Lobster Embroidered Icon,,,low,No match - likely cut,0.9103,-1,Lobster | Crab | Cactus | Rose | Rosebud | Bikini | Swans | Cape Cod Stamp | Red Rose | Vine Tomatoes | Locket Filled Bow | Fish Bone
,lobster-platter-embroidered-icon,ICON-46315865014529,Lobster Platter Embroidered Icon,,,low,No match - likely cut,0.5949,-1,Joint | Claw Clip | Caviar | Shrimp Sashimi | Boston Cannoli | Shrimp | Sushi Roll | Cowgirl Hat | New York Hot Dog | Plane Window | Caviar Latke | Football
,v2-locket-filled-bow,ICON-45782333620481,Locket Filled Bow Embroidered Icon,Locket Filled Bow,1AttOh1chWirfpuNHsD_rB0VObturUXgY,high,High confidence,0.8350,0,Locket Filled Bow | Schnauzer Locket | Locket Filled | Bulldog Locket | Boxer Locket | Italian Greyhound Locket | Chihuahua Locket | Pomeranian Locket | Poodle Locket | Cane Corso Locket | Golden Retriever Locket | Black Doodle Locket
,v2-locket-filled,ICON-45782333718785,Locket Filled Embroidered Icon,,,high,No match - likely cut,0.8628,-1,Italian Greyhound Locket | Locket Filled | Bulldog Locket | Schnauzer Locket | Pomeranian Locket | Boxer Locket | Doberman Locket | Golden Retriever Locket | Cane Corso Locket | Pit Bull Locket | Poodle Locket | Chihuahua Locket
,v2-locket-outline-bow,ICON-45782333817089,Locket Outline Bow Embroidered Icon,Locket Filled Bow,1AttOh1chWirfpuNHsD_rB0VObturUXgY,high,High confidence,0.8267,4,Lover Arrow Heart | Lover Locket | Italian Greyhound Locket | Longhair Shi Tzu Locket | Locket Filled Bow | Pomeranian Locket | Black Doodle Locket | Cane Corso Locket | Brown Doodle Locket | Poodle Locket | Boxer Locket | Bulldog Locket
,v2-locket-outline,ICON-45782333915393,Locket Outline Embroidered Icon,,,high,No match - likely cut,0.8522,-1,Lover Locket | Lover Arrow Heart | Italian Greyhound Locket | Poodle Locket | Pomeranian Locket | Longhair Shi Tzu Locket | Brown Doodle Locket | Cane Corso Locket | Boxer Locket | Doberman Locket | Black Doodle Locket | Bulldog Locket
,long-hair-black-and-white-cat-embroidered-icon,ICON-46386746884353,Long Hair Black and White Cat Embroidered Icon,Black and White Long Hair Cat,1cxjqkK6t-2d94uBOt6gfdqqq-cMjS3fE,high,High confidence,0.9138,0,Black and White Long Hair Cat | Black and White Short Hair Cat | Long Hair Calico Cat | Black Long Hair Cat | Grey and White Long Hair Cat | Orange and White Long Hair Cat | Grey Long Hair Cat | Long Hair Striped Cat | White Long Hair Cat | Black Short Hair Cat | Balinese Cat | Orange Long Hair Cat
,long-hair-black-cat-embroidered-icon,ICON-46386749440257,Long Hair Black Cat Embroidered Icon,,,low,No match - likely cut,0.9044,-1,Black Long Hair Cat | Black Short Hair Cat | Black and White Long Hair Cat | Grey Long Hair Cat | Long Hair Striped Cat | Grey and White Long Hair Cat | Long Hair Calico Cat | Balinese Cat | Orange Long Hair Cat | Orange and White Long Hair Cat | White Long Hair Cat | Black and White Short Hair Cat
,long-hair-calico-cat-embroidered-icon,ICON-46386756059393,Long Hair Calico Cat Embroidered Icon,Long Hair Calico Cat,1lpFiZpVwhi9Sm66CpLKK0EujQUGsHBOQ,high,High confidence,0.8986,0,Long Hair Calico Cat | White Long Hair Cat | Black and White Long Hair Cat | Balinese Cat | Black Long Hair Cat | Orange and White Long Hair Cat | Grey and White Long Hair Cat | Grey Long Hair Cat | Long Hair Striped Cat | Short Hair Calico Cat | Orange Long Hair Cat | Grey Short Hair Cat
,long-hair-grey-and-white-cat-embroidered-icon,ICON-46386758254849,Long Hair Grey and White Cat Embroidered Icon,,,low,No match - likely cut,0.8793,-1,Grey Long Hair Cat | Orange and White Long Hair Cat | White Long Hair Cat | Grey and White Long Hair Cat | Long Hair Calico Cat | Orange Long Hair Cat | Black and White Long Hair Cat | Grey Short Hair Cat | Orange and White Short Hair Cat | Grey and White Short Hair Cat | Black and White Short Hair Cat | Orange Short Hair Cat
,long-hair-grey-cat-embroidered-icon,ICON-46386763563265,Long Hair Grey Cat Embroidered Icon,,,low,No match - likely cut,0.8835,-1,Grey Long Hair Cat | Orange Long Hair Cat | Grey and White Long Hair Cat | Orange and White Long Hair Cat | Black Long Hair Cat | Grey Short Hair Cat | Long Hair Calico Cat | Orange Short Hair Cat | White Long Hair Cat | Long Hair Striped Cat | Black Short Hair Cat | Orange and White Short Hair Cat
,long-hair-orange-and-white-cat-embroidered-icon,ICON-46386766774529,Long Hair Orange and White Cat Embroidered Icon,,,low,No match - likely cut,0.8817,-1,Grey Long Hair Cat | Orange and White Long Hair Cat | White Long Hair Cat | Grey and White Long Hair Cat | Orange Long Hair Cat | Long Hair Calico Cat | Black and White Long Hair Cat | Black Long Hair Cat | Grey Short Hair Cat | Orange and White Short Hair Cat | Orange Short Hair Cat | Long Hair Striped Cat
,long-hair-orange-cat-embroidered-icon,ICON-46386769887489,Long Hair Orange Cat Embroidered Icon,,,low,No match - likely cut,0.8856,-1,Grey Long Hair Cat | Orange Long Hair Cat | Grey and White Long Hair Cat | Orange and White Long Hair Cat | Black Long Hair Cat | Grey Short Hair Cat | White Long Hair Cat | Long Hair Calico Cat | Orange Short Hair Cat | Black Short Hair Cat | White Short Hair Cat | Long Hair Striped Cat
,long-hair-striped-cat-embroidered-icon,ICON-46386771689729,Long Hair Striped Cat Embroidered Icon,,,low,No match - likely cut,0.8632,-1,Long Hair Striped Cat | Orange and White Long Hair Cat | Grey Long Hair Cat | Grey and White Long Hair Cat | White Long Hair Cat | Long Hair Calico Cat | Black Long Hair Cat | Balinese Cat | Orange Long Hair Cat | Black and White Long Hair Cat | Grey Short Hair Cat | Black Short Hair Cat
,m-cheetah-embroidered-icon,ICON-46172466413825,M Cheetah Embroidered Icon,,,low,No match - likely cut,0.9791,-1,Cheetah M | Cheetah N | Cheetah W | Cheetah V | Cheetah P | Cheetah X | Cheetah A | Cheetah F | Cheetah Y | Cheetah H | Cheetah T | Cheetah Z
,m-cross-stitch-black-embroidered-icon,ICON-45923695362305,M Cross Stitch Black Embroidered Icon,Cross Stitch M,12quggutgjbiM9lQmme0apBMk0UnwnQj0,high,High confidence,0.9714,0,Cross Stitch M | Cross Stitch W | Cross Stitch G | Cross Stitch N | Cross Stitch U | Cross Stitch V | Cross Stitch Y | Cross Stitch E | Cross Stitch A | Cross Stitch Q | Cross Stitch L | Cross Stitch R
,m-cross-stitch-red-embroidered-icon,ICON-45923653353729,M Cross Stitch Red Embroidered Icon,,,low,No match - likely cut,0.9709,-1,Cross Stitch M | Cross Stitch W | Cross Stitch G | Cross Stitch N | Cross Stitch U | Cross Stitch V | Cross Stitch Y | Cross Stitch E | Cross Stitch A | Cross Stitch Q | Cross Stitch L | Cross Stitch R
,matcha-embroidered-icon,ICON-46919650410753,Matcha Embroidered Icon,Matcha,1sR3fdwvQ1k9hL8l49NdZWmwLlaE0-oPW,high,High confidence,0.9233,0,Matcha | Boston Dunkin | LA Smoothie | Ralph's Iced Coffee | Charleston Iced Tea | Takeout | Nantucket Basket | Martini | Two Olives on Toothpick | Old Fashioned | Lemonade | Three Olives on Toothpick
,v2-matches,ICON-45782334013697,Matches Embroidered Icon,,,low,No match - likely cut,0.7966,-1,Matches | Skis | Makeup Brushes | Cigarette | Olive on Toothpick | Snowflake | USA Skis | Two Olives on Toothpick | Broccoli | Fries | Golf Clubs | Pink Flower
,menorah-embroidered-icon,ICON-46892777636097,Menorah Embroidered Icon,,,low,No match - likely cut,0.9828,-1,Menorah | Anchor | Red Wine | Snowflake | Lobster | White Wine | Smiley Face | Cactus | I Love NY | Broccoli | I Love SF | I Love CHI
,v2-metrocard-1,ICON-45782334112001,Metrocard 1 Embroidered Icon,,,low,No match - likely cut,0.8390,-1,MetroCard | Boarding Pass | Prozac | Chicago Wrigley Sign | Boston License Plate | Butter | Adderall | Pink Suitcase | California Flag | Chicago Hot Dog Print | Ski Pass | Howdy
,mittens-embroidered-icon,ICON-46892777767169,Mittens Embroidered Icon,,,low,No match - likely cut,0.6081,-1,Bikini | Pepper | Locket Filled Bow | Smiley Face | Fish Bone | Bass Cleff | Bikini Polka Dot | Cherries | Stocking | Broccoli | Locket Filled | Lock & Key
,moped-embroidered-icon,ICON-46316015124737,Moped Embroidered Icon,,,low,No match - likely cut,0.9322,-1,Moped | Convertible | Convertible Beetle | Golf Cart | Tree Taxi | Bronco | Taxi | Christmas Tree Truck | LA Vintage Car | Taxi Snowglobe | Grey Rolling Suitcase | Martha's Vineyard Stamp
,v2-mushroom-1,ICON-45784348164353,Mushroom 1 Embroidered Icon,,,low,No match - likely cut,0.7055,-1,Brown Mushroom | Coffee | Red Mushroom | Ice Cream | Nantucket Basket | Boston Dunkin | Swirl Ice Cream | Pink Lighter | Chocolate Ice Cream | Espresso | Needlepoint | Espresso Martini
,v2-mushroom-2,ICON-45784348524801,Mushroom 2 Embroidered Icon,,,low,No match - likely cut,0.8566,-1,Red Mushroom | Strawberry Candy | Brown Mushroom | Bagel | Strawberry | Cheese | Bikini Polka Dot | Watermelon Slice | Smile Pancakes | Charleston Pineapple | Olive | Pills
,v2-music-note1,ICON-45782334374145,Music Note1 Embroidered Icon,Quarter Note,1s8Dao6EmBnzjiEwsU7n_wUzp4NyOacuM,high,High confidence,0.7901,0,Quarter Note | Eighth Note | Beamed Sixteenth Note | Pepper | California Border | Golf Clubs | Cherries | Pink Sunglasses | Cheetah J | Bass Cleff | Fish Bone | Olive on Toothpick
,v2-music-note2,ICON-45782334472449,Music Note2 Embroidered Icon,Eighth Note,1lw2ftTzHV2C9_QUS16XNapGLRmwlEw3s,high,High confidence,0.7964,0,Eighth Note | Quarter Note | Beamed Sixteenth Note | Treble Cleff | I Love SF | Pepper | Aries | California Border | Fish Bone | Bikini | Rx | Scorpio
,v2-music-note3,ICON-45782334570753,Music Note3 Embroidered Icon,,,low,No match - likely cut,0.8555,-1,Beamed Sixteenth Note | Eighth Note | Quarter Note | Ski Lift | Rx | I Love SF | Bass Cleff | Fish Bone | I Love BOS | Blue Plaid G | Scorpio | I Love DTX
,v2-mussel,ICON-45782334669057,Mussel Embroidered Icon,,,low,No match - likely cut,0.6708,-1,Blush | Olive | Boston Cannoli | Cowboy Hat | Hot Dog | Oyster | Football | Bagel | Espresso | Donut | Smile Pancakes | Egg
,v2-mustard,ICON-45782334767361,Mustard Embroidered Icon,,,low,No match - likely cut,0.5967,-1,Ozempic Vial | Perfume Bottle | Sriracha | Espresso | Aperol Bottle | Peach | Spicy Marg | Wine Bottle | Charleston Iced Tea | Strawberry Candy | Nail Polish | Ice Cream
,n-cheetah-embroidered-icon,ICON-46172467265793,N Cheetah Embroidered Icon,,,low,No match - likely cut,0.9853,-1,Cheetah N | Cheetah M | Cheetah Z | Cheetah K | Cheetah L | Cheetah T | Cheetah V | Cheetah P | Cheetah R | Cheetah A | Cheetah X | Cheetah I
,n-cross-stitch-black-embroidered-icon,ICON-45923697328385,N Cross Stitch Black Embroidered Icon,,,low,No match - likely cut,0.9487,-1,Cross Stitch N | Cross Stitch X | Cross Stitch W | Cross Stitch R | Cross Stitch Z | Cross Stitch A | Cross Stitch Y | Cross Stitch H | Cross Stitch E | Cross Stitch K | Cross Stitch M | Cross Stitch G
,n-cross-stitch-red-embroidered-icon,ICON-45923654074625,N Cross Stitch Red Embroidered Icon,,,low,No match - likely cut,0.9489,-1,Cross Stitch N | Cross Stitch X | Cross Stitch W | Cross Stitch R | Cross Stitch A | Cross Stitch Z | Cross Stitch Y | Cross Stitch H | Cross Stitch E | Cross Stitch M | Cross Stitch G | Cross Stitch K
,v2-nail-polish,ICON-45782334865665,Nail Polish Embroidered Icon,,,low,No match - likely cut,0.7562,-1,Nail Polish | Coffee | Lipstick | Wine Bottle | Champagne Bottle | Hot Sauce | Topo Chico | Pink Lighter | Boston Dunkin | Ice Cream | Aperol Bottle | Swirl Ice Cream
,new-black-and-tan-dachshund-200-embroidered-icon,ICON-46294732177665,New Black and Tan Dachshund 200 Embroidered Icon,,,low,No match - likely cut,0.8879,-1,Black and Tan Shorthair Dachshund | Black and Tan Longhair Dachshund | Brown Shorthair Dachshund | Brown Longhair Dachshund | Black Dachshund | Black Shorthair Dachshund | Tan Shorthair Dachshund | Black Longhair Dachshund | Tan Longhair Dachshund | Ski Black and Tan Shorthair Dachshund | Ski Brown Longhair Dachshund | Chocolate Lab
,new-black-and-tan-lh-dachshund-200-embroidered-icon,ICON-46294732931329,New Black and Tan LH Dachshund 200 Embroidered Icon,Black and Tan Longhair Dachshund,1kYRHAKj6RcnqdUhcjEQUpwo2Y4948gr8,high,High confidence,0.8789,0,Black and Tan Longhair Dachshund | Brown Longhair Dachshund | Black and Tan Shorthair Dachshund | Tan Longhair Dachshund | Black Longhair Dachshund | Ski Brown Longhair Dachshund | Ski Black Longhair Dachshund | Brown Shorthair Dachshund | Ski Blonde Longhair Dachshund | Ski Black And Tan Longhair Dachshund | Black Dachshund | Black Shorthair Dachshund
,new-blonde-lh-dachshund-200-embroidered-icon,ICON-46294736240897,New Blonde LH Dachshund 200 Embroidered Icon,,,low,No match - likely cut,0.8856,-1,Brown Longhair Dachshund | Tan Longhair Dachshund | Black Longhair Dachshund | Black and Tan Longhair Dachshund | Brown Shorthair Dachshund | Tan Shorthair Dachshund | Black and Tan Shorthair Dachshund | Cocker Spaniel | Black Dachshund | Black Shorthair Dachshund | Ski Blonde Longhair Dachshund | Ski Brown Longhair Dachshund
,new-dachshund-brown-200-embroidered-icon,ICON-46294738534657,New Brown Dachshund 200 Embroidered Icon,,,low,No match - likely cut,0.8336,-1,Brown Shorthair Dachshund | Brown Longhair Dachshund | Black Longhair Dachshund | Black Shorthair Dachshund | Black Dachshund | Tan Shorthair Dachshund | Chocolate Lab | Black Lab | Tan Longhair Dachshund | Black and Tan Longhair Dachshund | Black and Tan Shorthair Dachshund | Golden Retriever
,new-brown-lh-dachshund-200-embroidered-icon,ICON-46294738796801,New Brown Dachshund LH 200 Embroidered Icon,Brown Longhair Dachshund,18sdTNmJoJP6GKPCfbPXQtNRHbv4nnkls,high,High confidence,0.9028,1,Black Longhair Dachshund | Brown Longhair Dachshund | Black and Tan Longhair Dachshund | Tan Longhair Dachshund | Brown Shorthair Dachshund | Black Dachshund | Black Shorthair Dachshund | Black and Tan Shorthair Dachshund | Tan Shorthair Dachshund | Ski Brown Longhair Dachshund | Scottish Terrier | Ski Black Longhair Dachshund
,new-dachshund-blonde-200-embroidered-icon,ICON-46294737092865,New Dachshund Blonde 200 Embroidered Icon,Tan Shorthair Dachshund,1k3vlZLg7n6KazFDWCWmN68F53W1vs6A2,high,High confidence,0.8014,0,Tan Shorthair Dachshund | Yellow Lab | Brown Longhair Dachshund | Tan Longhair Dachshund | Brown Shorthair Dachshund | Golden Retriever | Chocolate Lab | Black Longhair Dachshund | Vizsla | Black Lab | Black and Tan Longhair Dachshund | Cocker Spaniel
,new-german-shorthaired-pointer-200-embroidered-icon,ICON-46286612168961,NEW German Shorthaired Pointer 200 Embroidered Icon,,,low,No match - likely cut,0.8930,-1,German Shorthair Pointer | Dalmatian | Ski German Shorthair Pointer | Great Dane | Belgian Malinois | Vizsla | Spotted Pit Bull | Doberman | Cane Corso | White Pit Bull | Boxer | Ski Doberman
,new-westie-dog-200-embroidered-icon,ICON-46294729031937,New Westie Dog 200 Embroidered Icon,,,low,No match - likely cut,0.9183,-1,Westie | Yorkie | Blonde Doodle | Ski Westie | Fluffy Brown Dog | Fluffy White Dog | Chow Chow | Brussels Griffon | Pomeranian | Brown Doodle | Aussie Shepherd | Chihuahua
,v2-new-york-apple,ICON-45784348688641,New York Apple Embroidered Icon,,,low,No match - likely cut,0.9352,-1,New York Apple | San Francisco Heart | Chicago Heart | San Diego Heart | Boston Heart | New York Heart | Dallas Heart | LA Heart | Austin Heart | Apple | Love You Heart | Call Me Heart
,new-york-hot-dog-embroidered-icon,ICON-46626340667649,New York Hot Dog Embroidered Icon,New York Hot Dog,1iDAapDB-CZtgM8GHiEsmn3UuM52ZEJ05,high,High confidence,0.9091,1,Chicago Hot Dog Print | New York Hot Dog | Chicago Hot Dog Script | Chicago Bean | Xanax | Caviar | Claw Clip | Apple Core | MetroCard | Hot Dog | Smile Pancakes | Cowboy Hat
,v2-nugget-dip,ICON-45782334963969,Nugget + Dip Embroidered Icon,,,low,No match - likely cut,0.6012,-1,Chocolate Ice Cream | Lighter | Coffee | Ice Cream | Popcorn | Pink Lighter | Swirl Ice Cream | Lipstick | Red Rolling Suitcase | Sunscreen | Round Perfume | One Piece Swimsuit
,v2-ny-pizza,ICON-45782335062273,NY Pizza Embroidered Icon,NY Pizza,1PGZdIxY8OQq3kxkAOT3givmJmR55Vi3X,high,High confidence,0.9008,0,NY Pizza | Pizza | Cheese | Oyster | Watermelon Slice | Chicago Hot Dog Script | Hot Dog | New York Hot Dog | English Saddle | Red Mushroom | Ski Boot | Chicago Hot Dog Print
,o-cheetah-embroidered-icon,ICON-46172467626241,O Cheetah Embroidered Icon,,,low,No match - likely cut,0.9786,-1,Cheetah O | Cheetah C | Cheetah Q | Cheetah S | Cheetah D | Cheetah Z | Cheetah G | Cheetah U | Cheetah B | Cheetah P | Cheetah J | Bandana O
,o-cross-stitch-black-embroidered-icon,ICON-45923697557761,O Cross Stitch Black Embroidered Icon,,,low,No match - likely cut,0.9517,-1,Cross Stitch G | Cross Stitch U | Cross Stitch A | Cross Stitch D | Cross Stitch W | Cross Stitch Q | Cross Stitch C | Cross Stitch O | Cross Stitch B | Cross Stitch V | Cross Stitch M | Cross Stitch P
,o-cross-stitch-red-embroidered-icon,ICON-45923654467841,O Cross Stitch Red Embroidered Icon,,,low,No match - likely cut,0.9514,-1,Cross Stitch G | Cross Stitch U | Cross Stitch A | Cross Stitch D | Cross Stitch W | Cross Stitch Q | Cross Stitch C | Cross Stitch O | Cross Stitch B | Cross Stitch V | Cross Stitch M | Cross Stitch P
,v2-olive-fixed,ICON-45782335848705,Olive Fixed Embroidered Icon,,,low,No match - likely cut,0.8120,-1,Olive | Egg | Brown Sunglasses | Tomato | 8 Ball | Bagel | Yacht Flag I | Smile Pancakes | Japan Flag | Blue Plaid O | Boston Cannoli | Blush
,v2-olive-on-toothpick,ICON-45782335947009,Olive on Toothpick Embroidered Icon,,,low,No match - likely cut,0.6463,-1,Olive on Toothpick | Two Olives on Toothpick | Three Olives on Toothpick | Cherries | Pink Sunglasses | Four Olives on Toothpick | Beamed Sixteenth Note | Golf Clubs | USA Skis | Skis | Quarter Note | Eighth Note
,one-piece-swimsuit-embroidered-icon,ICON-46316004114689,One Piece Swimsuit Embroidered Icon,,,low,No match - likely cut,0.9319,-1,One Piece Swimsuit | Makeup Brushes | Pink Plaid W | Nail Polish | Champagne Bottle | Pink Plaid Y | Lingerie | Cheetah Y | I Love NY | Wine Bottle | Hot Sauce | Aperol Bottle
,ornament-embroidered-icon,ICON-46892777898241,Ornament Embroidered Icon,,,low,No match - likely cut,0.7501,-1,Watermelon | Garlic | Basketball | Volleyball | Peach | White Seashell | Tomato | Lemon | Ring | Baseball | Football | Red Rolling Suitcase
,v2-oyster,ICON-45782336045313,Oyster Embroidered Icon,,,low,No match - likely cut,0.8302,-1,Oyster | Hot Dog | Boston Cannoli | Steak | Plane Window | Sushi Roll | Caviar Latke | Chicago Hot Dog Script | New York Hot Dog | Chicago Hot Dog Print | Cowboy Hat | Egg
,p-cheetah-embroidered-icon,ICON-46172467921153,P Cheetah Embroidered Icon,Cheetah P,1PdipoSJQrb2kC9A0f8YfQM9Fcxiht2Ii,high,High confidence,0.9801,0,Cheetah P | Cheetah F | Cheetah G | Cheetah B | Cheetah R | Cheetah T | Cheetah L | Cheetah D | Cheetah H | Cheetah Z | Cheetah I | Cheetah M
,p-cross-stitch-black-embroidered-icon,ICON-45923698540801,P Cross Stitch Black Embroidered Icon,,,low,No match - likely cut,0.9519,-1,Cross Stitch A | Cross Stitch Z | Cross Stitch G | Cross Stitch E | Cross Stitch R | Cross Stitch P | Cross Stitch L | Cross Stitch V | Cross Stitch K | Cross Stitch N | Cross Stitch S | Cross Stitch Y
,p-cross-stitch-red-embroidered-icon,ICON-45923655680257,P Cross Stitch Red Embroidered Icon,,,low,No match - likely cut,0.9518,-1,Cross Stitch A | Cross Stitch G | Cross Stitch Z | Cross Stitch E | Cross Stitch R | Cross Stitch P | Cross Stitch L | Cross Stitch V | Cross Stitch N | Cross Stitch S | Cross Stitch K | Cross Stitch Y
,v2-passport,ICON-45782336143617,Passport Embroidered Icon,,,low,No match - likely cut,0.5565,-1,Passport | Pink Suitcase | Green Hot Chocolate | Fries | Red Hot Chocolate | Lingerie | Ski Pass | California Flag | Boarding Pass | Navy Suitcase | Diet Coke | Spicy Marg
,v2-peace-sign,ICON-45782336241921,Peace Sign Embroidered Icon,,,low,No match - likely cut,0.6755,-1,Pisces | Gemini | Ring | Taurus | Japan Kanji | Treble Cleff | 8 Ball | Scorpio | Heart Outline | LA Logo | Cross Stitch C | Cross Stitch E
,v2-peace-sign-red,ICON-45782336536833,Peace Sign Red Embroidered Icon,,,high,No match - likely cut,0.6850,-1,Pisces | Gemini | Ring | Taurus | Japan Kanji | Scorpio | Treble Cleff | Heart Outline | LA Logo | 8 Ball | Cross Stitch C | Cancer
,v2-peach,ICON-45784348786945,Peach Embroidered Icon,,,low,No match - likely cut,0.7871,-1,Peach | Tomato | Strawberry | Nantucket Basket | Apple | Strawberry Candy | Espresso | Negroni | Locket Filled Bow | Locket Filled | Spicy Marg | Heart
,v2-penne,ICON-45782336635137,Penne Embroidered Icon,,,low,No match - likely cut,0.5823,-1,Light Blue Pickleball Paddles | Surf Board | Football | Pickleball Paddles | Pink Sunglasses | California Border | Boston Cannoli | Lipstick | Hot Dog | Joint | Chicago Hot Dog Print | Watermelon Slice
,v2-pepper,ICON-45782336733441,Pepper Embroidered Icon,Pepper,1TrDBRDkk_Q7WmXg7ySKD_HDxrzIqgTYx,high,High confidence,0.7753,0,Pepper | Eggplant | California Border | Stocking | Eighth Note | Bass Cleff | Quarter Note | Lobster | Bikini | Smiley Face | Chicago Hot Dog Print | Banana
,v2-pickleball,ICON-45782336864513,Pickleball Embroidered Icon,,,low,No match - likely cut,0.6150,-1,Bagel | Donut | Sheet Mask | Blue Plaid O | Blue Plaid Q | Japan Flag | Pink Plaid O | 8 Ball | Pink Plaid Q | Bandana O | Blue Plaid D | Blue Plaid C
,v2-pickleball-paddles,ICON-45782337061121,Pickleball Paddles Embroidered Icon,Pickleball Paddles,1odYx6nBjbNsNnezj83s-HKTR071Eohxm,high,High confidence,0.9200,0,Pickleball Paddles | Light Blue Pickleball Paddles | Cross Stitch I | Cross Stitch T | Cross Stitch J | Cross Stitch C | Cross Stitch P | Cross Stitch L | Cross Stitch V | Cross Stitch Heart | Cross Stitch Z | Cross Stitch Y
,v2-pickleball-raquet,ICON-45782337257729,Pickleball Raquet Embroidered Icon,,,low,No match - likely cut,0.7853,-1,Pickleball Paddle | Pickleball Paddles | Light Blue Pickleball Paddles | Hair Brush | Pink Tennis Raquets | Rose | Margarita | Tennis Raquets | Red Wine | Snowboard | One Piece Swimsuit | Olive on Toothpick
,v2-pigeon-fixed,ICON-45782337454337,Pigeon fixed Embroidered Icon,,,low,No match - likely cut,0.8073,-1,Pigeon | Tan Longhair Dachshund | Swirl Ice Cream | San Francisco Sea Lion | Boston Ducks | Ski Golden Retriever | Ski Blonde Longhair Dachshund | Tan Shorthair Dachshund | Ski Tan Pomeranian | Brown Longhair Dachshund | Cocker Spaniel | Husky
,v2-pink-conversation-heart,ICON-45784349114625,Pink Conversation Heart Embroidered Icon,Love You Heart,1XN1eIALoMf39G-N6ROY7dIYXGMQNGWKN,high,High confidence,0.8984,2,XOXO Heart Blue | XOXO Heart Pink | Love You Heart | Call Me Heart | New York Heart | LA Heart | San Francisco Heart | Austin Heart | Boston Heart | San Diego Heart | Dallas Heart | Chicago Heart
,v2-pink-flower,ICON-45784349245697,Pink Flower Embroidered Icon,,,low,No match - likely cut,0.9002,-1,Pink Flower | Yellow Flower | Sun | Daisy | Cherry Blossom | Snowflake | Summer Sun | Charleston Palm Tree | Clover | Hibiscus | Claw Clip | Purple Hydrangea
,v2-pink-heart,ICON-45784349442305,Pink Heart Embroidered Icon,Heart Suit,1wRNNLBFhWUAnH4OtuE3Vnlm12uFxsdEN,high,High confidence,0.8249,8,New York Heart | Dallas Heart | LA Heart | Austin Heart | San Diego Heart | Boston Heart | Chicago Heart | San Francisco Heart | Heart Suit | Italian Greyhound Locket | Boxer Locket | XOXO Heart Blue
,pink-heart-outline-embroidered-icon,ICON-46264177295617,Pink Heart Outline Embroidered Icon,,,low,No match - likely cut,0.8468,-1,Lover Heart | Heart Outline | Heart Suit | New York Heart | Lover Arrow Heart | Dallas Heart | Chicago Heart | LA Heart | San Francisco Heart | San Diego Heart | Italian Greyhound Locket | Boston Heart
,v2-lighter,ICON-45782332899585,Pink Lighter Embroidered Icon,,,low,No match - likely cut,0.8150,-1,Pink Lighter | Lighter | Red Rolling Suitcase | Lipstick | Charleston Suitcase | Boston Dunkin | Ice Cream | Wine Bottle | Needlepoint | LA Smoothie | Sun Tan Lotion | Coffee
,v2-pink-tennis,ICON-45782338306305,Pink Tennis Embroidered Icon,,,low,No match - likely cut,0.8305,-1,Tennis | Pink Tennis | Tennis Raquets | Hair Brush | Pink Tennis Raquets | Pickleball Paddle | Margarita | Aperol Spritz | Martini | Olive on Toothpick | Espresso Martini | Matches
,v2-pink-tennis-raquets,ICON-45782338437377,Pink Tennis Raquets Embroidered Icon,,,low,No match - likely cut,0.8419,-1,Pink Tennis Raquets | Tennis Raquets | Tennis | Pink Tennis | Pickleball Paddle | Hair Brush | Cross Stitch Martini | Espresso Martini | Red Wine | White Wine | Margarita | Pickleball Paddles
,v2-pizza,ICON-45782338535681,Pizza Embroidered Icon,,,low,No match - likely cut,0.8835,-1,Pizza | NY Pizza | Watermelon Slice | Cheese | Strawberry Candy | Bandana Texas | Red Mushroom | Heart Dice | Strawberry | Heart Pizza | Lips | Texas Outline
,v2-plane-window,ICON-45782338633985,Plane Window Embroidered Icon,,,low,No match - likely cut,0.8043,-1,Plane Window | Oyster | Steak | Ski Goggles | Sushi Roll | Espresso | Hot Dog | Smiley Face | Ring | Diet Coke | Boston Cannoli | Tomato
,pomeranian-dog-200-embroidered-icon,ICON-46294721986817,Pomeranian Dog 200 Embroidered Icon,Pomeranian,1zfMMSD1AeZxwBjJ7ac5elXI_-NVcWH2M,high,High confidence,0.9156,0,Pomeranian | Black and Tan Pomeranian | Samoyed | Bernedoodle | Chow Chow | Ski Tan Pomeranian | Ski Samoyed | Fluffy Brown Dog | Fluffy Black Dog | Scottish Terrier | Westie | Ski Black and Tan Pomeranian
,pomeranian-dog-tricolor-200-embroidered-icon,ICON-46294725918977,Pomeranian Dog Tricolor 200 Embroidered Icon,Black and Tan Pomeranian,1rAbVRzxa01VhSUyHZXG4BhnmI3ahsCkf,high,High confidence,0.9247,0,Black and Tan Pomeranian | Pomeranian | Bernedoodle | Samoyed | Ski Black and Tan Pomeranian | Chow Chow | Ski Tan Pomeranian | Fluffy Black Dog | Black and Tan Longhair Dachshund | Fluffy Brown Dog | Ski Samoyed | Ski Bernedoodle
,poodle-embroidered-icon,ICON-45851609202945,Poodle Embroidered Icon,,,low,No match - likely cut,0.9471,-1,Poodle | Yellow Lab | Ski Poodle | Blonde Doodle | Brown Doodle | Black Doodle | White Pit Bull | Shorthair Shi Tzu | Blue Roan English Cocker Spaniel | Shiba Inu | Cocker Spaniel | Chocolate Lab
,v2-popcorn,ICON-45782338732289,Popcorn Embroidered Icon,,,low,No match - likely cut,0.7722,-1,Popcorn | Chicago Popcorn | Fries | Coffee | Ice Cream | Chocolate Ice Cream | Lighter | Swirl Ice Cream | Hot Dog | LA Smoothie | Red Hot Chocolate | Green Hot Chocolate
,v2-pretzel,ICON-45782339092737,Pretzel Embroidered Icon,,,low,No match - likely cut,0.8984,-1,Pretzel | Candy Cane Heart | Bandana K | Candy Cane Bow | Cheetah S | Cross Stitch Q | Treble Cleff | Cactus | Cross Stitch C | Pink Plaid Q | Crossed Candy Canes | Cheetah Q
,pug-dog-200-embroidered-icon,ICON-46286615511297,Pug Dog 200 Embroidered Icon,,,low,No match - likely cut,0.8534,-1,Black Pug | Tan Frenchie | English Bulldog | Tan and Dark Grey Frenchie | Dark Grey Frenchie | Chihuahua | Ski Tan Pug | Ski Black Pug | Fluffy Brown Dog | Cane Corso | Fluffy White Dog | Chow Chow
,q-cheetah-embroidered-icon,ICON-46172468084993,Q Cheetah Embroidered Icon,,,low,No match - likely cut,0.9716,-1,Cheetah Q | Cheetah C | Cheetah S | Cheetah O | Cheetah G | Cheetah B | Cheetah J | Cheetah Z | Cheetah P | Cheetah R | Bandana S | Cheetah D
,q-cross-stitch-black-embroidered-icon,ICON-45923700408577,Q Cross Stitch Black Embroidered Icon,,,low,No match - likely cut,0.9432,-1,Cross Stitch A | Cross Stitch G | Cross Stitch Z | Cross Stitch E | Cross Stitch Q | Cross Stitch R | Cross Stitch V | Cross Stitch P | Cross Stitch L | Cross Stitch S | Cross Stitch D | Cross Stitch U
,q-cross-stitch-red-embroidered-icon,ICON-45923656794369,Q Cross Stitch Red Embroidered Icon,,,low,No match - likely cut,0.9422,-1,Cross Stitch A | Cross Stitch G | Cross Stitch Z | Cross Stitch E | Cross Stitch Q | Cross Stitch R | Cross Stitch V | Cross Stitch P | Cross Stitch L | Cross Stitch S | Cross Stitch D | Cross Stitch U
,v2-queen-of-hearts,ICON-45782339191041,Queen of Hearts Embroidered Icon,,,low,No match - likely cut,0.5973,-1,Jack of Hearts | Ace of Hearts | Needlepoint | King of Hearts | Coffee | Queen of Hearts | Envelope | Popcorn | Chicago Popcorn | Japan Flag | Cards | Pink Lighter
,r-cheetah-embroidered-icon,ICON-46172468281601,R Cheetah Embroidered Icon,,,low,No match - likely cut,0.9738,-1,Cheetah R | Cheetah B | Cheetah F | Cheetah P | Cheetah H | Pink Plaid R | Cheetah G | Cheetah L | Cheetah E | Cheetah T | Cheetah D | Cheetah K
,r-cross-stitch-black-embroidered-icon,ICON-45923940073729,R Cross Stitch Black Embroidered Icon,,,low,No match - likely cut,0.9524,-1,Cross Stitch X | Cross Stitch Z | Cross Stitch R | Cross Stitch N | Cross Stitch H | Cross Stitch Y | Cross Stitch E | Cross Stitch A | Cross Stitch W | Cross Stitch G | Cross Stitch M | Cross Stitch V
,r-cross-stitch-red-embroidered-icon,ICON-45923657154817,R Cross Stitch Red Embroidered Icon,,,low,No match - likely cut,0.9521,-1,Cross Stitch X | Cross Stitch Z | Cross Stitch R | Cross Stitch N | Cross Stitch H | Cross Stitch Y | Cross Stitch A | Cross Stitch E | Cross Stitch G | Cross Stitch W | Cross Stitch M | Cross Stitch S
,ralphs-coffee-embroidered-icon,ICON-46892778094849,Ralph's Coffee Embroidered Icon,,,low,No match - likely cut,0.9348,-1,Ralph's Coffee | Ralph's Iced Coffee | LA Smoothie | Diet Coke | Coffee | Pill Bottle | Sunscreen | Chocolate Ice Cream | Ice Cream | Boston Dunkin | Spicy Marg | Chicago Popcorn
,ralph-s-iced-coffee-embroidered-icon,ICON-46892777996545,Ralph's Iced Coffee Embroidered Icon,,,low,No match - likely cut,0.9751,-1,Ralph's Iced Coffee | LA Smoothie | Ralph's Coffee | Boston Dunkin | Matcha | Chocolate Ice Cream | Coffee | Ice Cream | Martini | Negroni | Cosmopolitan | Nantucket Basket
,v2-red-heart,ICON-45784349638913,Red Heart,Heart,1bQhZdEZNZ9ByJwwKnD9LO9BqvnBNSOlC,high,High confidence,0.9541,1,Heart Suit | Heart | New York Heart | LA Heart | Dallas Heart | Austin Heart | Chicago Heart | San Francisco Heart | San Diego Heart | Boston Heart | Bandana Heart | XOXO Heart Pink
,v2-heart-design,ICON-45784347476225,Red Heart Embroidered Icon,,,low,No match - likely cut,0.8429,-1,Heart Suit | New York Heart | Dallas Heart | Chicago Heart | LA Heart | Austin Heart | San Diego Heart | Boston Heart | San Francisco Heart | Heart | Italian Greyhound Locket | Boxer Locket
,red-heart-outline-embroidered-icon,ICON-46264169169153,Red Heart Outline Embroidered Icon,,,low,No match - likely cut,0.8453,-1,Lover Heart | Heart Outline | Heart Suit | New York Heart | Lover Arrow Heart | Dallas Heart | Chicago Heart | LA Heart | San Francisco Heart | San Diego Heart | Boston Heart | Austin Heart
,red-hot-chocolate-embroidered-icon,ICON-46892778193153,Red Hot Chocolate Embroidered Icon,,,low,No match - likely cut,0.9478,-1,Green Hot Chocolate | Red Hot Chocolate | Virgo | Chicago Popcorn | Capricorn | Diet Coke | Scorpio | Espresso | Spicy Marg | Cancer | Lemonade | Fries
,v2-red-lighter,ICON-45782339485953,Red Lighter Embroidered Icon,Lighter,1wJz0kN2FI1IjxsYPuSGQmk8ftSppNNIK,high,High confidence,0.8703,0,Lighter | Pink Lighter | Lipstick | Red Rolling Suitcase | Sun Tan Lotion | Wine Bottle | Charleston Suitcase | Boston Dunkin | Nail Polish | Pink Suitcase | Charleston Iced Tea | Ski Pass
,v2-red-poker-chip,ICON-45782339584257,Red Poker Chip Embroidered Icon,,,low,No match - likely cut,0.6658,-1,Life Preserver | Yacht Flag I | Round Evil Eye | Sun | 8 Ball | Lemon Slice | Lime Slice | Volleyball | Japan Flag | Summer Sun | Yacht Flag D | Blue Plaid O
,v2-red-rose,ICON-45784349769985,Red Rose Embroidered Icon,Red Rose,1eRSMJO6WlF3SLBmrjhi8a0uKbbRzBRm5,high,High confidence,0.8708,0,Red Rose | Rose | Boston Clover | Charleston SC Palm Tree | Cherry Blossom Branch | Broccoli | Cactus | Cowgirl Hat | Vine Tomatoes | Statue of Liberty | Bikini | Charleston Palm Tree
,reindeer-embroidered-icon,ICON-46892778291457,Reindeer Embroidered Icon,Reindeer,18J0HXzkNDSwu327qK0OKER-z90uBOjV3,high,High confidence,0.9718,0,Reindeer | Black Longhair Dachshund | Brown Longhair Dachshund | Black Dachshund | Black Shorthair Dachshund | Brown Shorthair Dachshund | Tan Shorthair Dachshund | Tan Longhair Dachshund | Scottish Terrier | Black and Tan Longhair Dachshund | Black and Tan Shorthair Dachshund | Ski Brown Longhair Dachshund
,v2-ring-box,ICON-45782339846401,Ring Box Embroidered Icon,,,low,No match - likely cut,0.7758,-1,Ring Box | Needlepoint | Pink Suitcase | Nantucket Basket | Coffee | Espresso | Navy Suitcase | Boston Tote | Spicy Marg | Negroni | Oyster | Popcorn
,v2-ring,ICON-45782339944705,Ring Embroidered Icon,,,low,No match - likely cut,0.8835,-1,Ring | Taurus | Heart Outline | Lover Heart | Pisces | Cancer | Locket Filled Bow | Bandana Q | Treble Cleff | White Wine | Smiley Face | Horseshoe
,v2-rose,ICON-45784349966593,Rose Embroidered Icon,Red Rose,1eRSMJO6WlF3SLBmrjhi8a0uKbbRzBRm5,high,High confidence,0.8658,0,Red Rose | Rose | Charleston SC Palm Tree | Boston Clover | Cherry Blossom Branch | Broccoli | Cactus | Vine Tomatoes | Cowgirl Hat | Bikini | Statue of Liberty | Charleston Palm Tree
,v2-rose2,ICON-45782340075777,Rose2 Embroidered Icon,,,low,No match - likely cut,0.5121,-1,Bandana Texas | Pointed Evil Eye | Caviar Latke | Rose | Red Rose | Rosebud | Bikini | Statue of Liberty Head | Texas Outline | Taco | Statue of Liberty | Bandana Star
,v2-rosebud,ICON-45782340174081,Rosebud Embroidered Icon,,,low,No match - likely cut,0.8087,-1,Rosebud | Rose | Vine Tomatoes | Red Rose | Cactus | Bikini | Statue of Liberty | Lobster | Charleston SC Palm Tree | Tomato | Locket Filled Bow | Bikini Polka Dot
,s-cheetah-embroidered-icon,ICON-46172468838657,S Cheetah Embroidered Icon,,,low,No match - likely cut,0.9867,-1,Cheetah S | Cheetah C | Cheetah Q | Cheetah O | Cheetah Z | Cheetah J | Cheetah B | Bandana S | Cheetah G | Cheetah R | Cheetah P | Cheetah U
,s-cross-stitch-black-embroidered-icon,ICON-45923940630785,S Cross Stitch Black Embroidered Icon,,,low,No match - likely cut,0.9445,-1,Cross Stitch K | Cross Stitch Z | Cross Stitch A | Cross Stitch R | Cross Stitch S | Cross Stitch E | Cross Stitch X | Cross Stitch G | Cross Stitch P | Cross Stitch Y | Cross Stitch V | Cross Stitch B
,s-cross-stitch-red-embroidered-icon,ICON-45923657416961,S Cross Stitch Red Embroidered Icon,,,low,No match - likely cut,0.9436,-1,Cross Stitch K | Cross Stitch Z | Cross Stitch R | Cross Stitch A | Cross Stitch S | Cross Stitch X | Cross Stitch E | Cross Stitch G | Cross Stitch P | Cross Stitch Y | Cross Stitch V | Cross Stitch N
,sailboat-embroidered-icon,ICON-46315994611969,Sailboat Embroidered Icon,,,low,No match - likely cut,0.9754,-1,Sailboat | San Francisco Golden Gate Bridge | Nantucket Stamp | Watermelon Slice | Rain Umbrella | Boston CITGO Sign | Ice Skate | Matcha | Tree Taxi | Sushi Nigiri | Boston Dunkin | Garlic
,samoyed-dog-200-embroidered-icon,ICON-46286618624257,Samoyed Dog 200 Embroidered Icon,,,low,No match - likely cut,0.8856,-1,Samoyed | Ski Samoyed | Pomeranian | Chihuahua | Chow Chow | Black and Tan Pomeranian | Grey and White Long Hair Cat | White Long Hair Cat | Orange and White Long Hair Cat | Long Hair Calico Cat | Grey Long Hair Cat | Orange Long Hair Cat
,santa-hat-embroidered-icon,ICON-46892778389761,Santa Hat Embroidered Icon,Santa Hat,1BnZtn1ZA9mYC1HDy55SN73siZEKE8-gn,high,High confidence,0.9297,0,Santa Hat | Taco | Cowboy Hat | Boston Cannoli | Chicago Baseball Cap | Boston Baseball Cap | New York Hot Dog | Sushi Nigiri | Seashell | San Francisco Sea Lion | Shrimp Sashimi | Cowgirl Hat
,sardines-embroidered-icon,ICON-46315673288961,Sardines Embroidered Icon,,,low,No match - likely cut,0.9294,-1,Sardines | Ski Pass | Pink Suitcase | Navy Suitcase | MetroCard | Smiley Face | Slot Machine | Round Perfume | Cape Cod Stamp | Lighter | Chicago Wrigley Sign | Chicago Flag
,schnauzer-dog-200-embroidered-icon,ICON-46286620983553,Schnauzer Dog 200 Embroidered Icon,,,low,No match - likely cut,0.9043,-1,Schnauzer | Boxer | Pit Bull | Ski Schnauzer | Cane Corso | Beagle | Belgian Malinois | Doberman | Brussels Griffon | Black and White Short Hair Cat | Black Pug | Great Dane
,scottie-dog-200-embroidered-icon,ICON-46294740074753,Scottie Dog 200 Embroidered Icon,,,low,No match - likely cut,0.9223,-1,Scottish Terrier | Ski Scottie | Black Longhair Dachshund | Black and Tan Longhair Dachshund | Brown Longhair Dachshund | Brown Shorthair Dachshund | Brussels Griffon | Black Shorthair Dachshund | Black Dachshund | Black and White Long Hair Cat | Black and Tan Shorthair Dachshund | Schnauzer
,seashell-embroidered-icon,ICON-46315834048769,Seashell Embroidered Icon,Seashell,1l6DsX4iuhG9PMy33xC-FgRqqI8SJKKxN,high,High confidence,0.9546,0,Seashell | White Seashell | Taco | Santa Hat | Claw Clip | Dog Paws | Shrimp Sashimi | Rose | Brown Doodle Locket | Lock & Key | Black Doodle Locket | Blonde Doodle Locket
,v2-set-of-4-olive-picks,ICON-45782340272385,Set of 4 Olive Picks Embroidered Icon,,,low,No match - likely cut,0.7699,-1,Three Olives on Toothpick | Four Olives on Toothpick | Two Olives on Toothpick | Olive on Toothpick | Snowboard | Pink Sunglasses | Lemonade | Cross Stitch F | Cherries | Cross Stitch I | Purple Hydrangea | Matches
,shiba-dog-200-embroidered-icon,ICON-46286623768833,Shiba Dog 200 Embroidered Icon,,,low,No match - likely cut,0.9234,-1,Shiba Inu | Chihuahua | Ski Shiba Inu | Cane Corso | German Shepherd | Orange Long Hair Cat | Grey Long Hair Cat | Orange and White Long Hair Cat | Orange Short Hair Cat | Doberman | Husky | Rottweiler
,shih-tsu-dog-long-hair-200-embroidered-icon,ICON-46286626586881,Shih Tsu Dog Long Hair 200 Embroidered Icon,,,low,No match - likely cut,0.9069,-1,Longhair Shi Tzu | Ski Longhair Shi Tzu | Orange Cavalier | Black Cavalier | Cocker Spaniel | Hamster | Fluffy White Dog | Ski Orange Cavalier | Fluffy Brown Dog | Pomeranian | Blue Roan English Cocker Spaniel | Ski Black Cavalier
,shih-tsu-dog-short-hair-200-embroidered-icon,ICON-46294741025025,Shih Tsu Dog Short Hair 200 Embroidered Icon,,,low,No match - likely cut,0.8990,-1,Shorthair Shi Tzu | Fluffy White Dog | Fluffy Brown Dog | Westie | English Bulldog | Black Cavalier | Aussie Shepherd | Ski Shorthair Shih Tzu | Brussels Griffon | Fluffy Black Dog | Beagle | Yorkie
,short-hair-black-and-white-cat-embroidered-icon-1,ICON-46405764514049,Short Hair Black and White Cat Embroidered Icon,,,low,No match - likely cut,0.9352,-1,Black and White Short Hair Cat | Black Short Hair Cat | Short Hair Calico Cat | Grey Short Hair Cat | Black and White Long Hair Cat | Orange Short Hair Cat | Orange and White Short Hair Cat | White Short Hair Cat | Grey and White Short Hair Cat | Long Hair Calico Cat | Grey Long Hair Cat | Siamese Cat
,short-hair-black-and-white-cat-embroidered-icon,ICON-46386773721345,Short Hair Black and White Cat Embroidered Icon,,,low,No match - likely cut,0.9352,-1,Black and White Short Hair Cat | Black Short Hair Cat | Short Hair Calico Cat | Grey Short Hair Cat | Black and White Long Hair Cat | Orange Short Hair Cat | Orange and White Short Hair Cat | White Short Hair Cat | Grey and White Short Hair Cat | Long Hair Calico Cat | Grey Long Hair Cat | Siamese Cat
,short-hair-black-cat-embroidered-icon,ICON-46386775458049,Short Hair Black Cat Embroidered Icon,Black Short Hair Cat,1-alup8JAfw1m1j1Bb5LDoWfvgrez6tBm,high,High confidence,0.9483,0,Black Short Hair Cat | Grey Short Hair Cat | Black Long Hair Cat | Orange Short Hair Cat | Black and White Short Hair Cat | Siamese Cat | White Short Hair Cat | Grey Long Hair Cat | Balinese Cat | Rottweiler | Orange Long Hair Cat | Orange and White Short Hair Cat
,short-hair-calico-cat-embroidered-icon,ICON-46386777751809,Short Hair Calico Cat Embroidered Icon,,,low,No match - likely cut,0.9044,-1,Short Hair Calico Cat | Black and White Short Hair Cat | Grey Short Hair Cat | Long Hair Calico Cat | White Long Hair Cat | Orange Short Hair Cat | Black Short Hair Cat | White Short Hair Cat | Grey Long Hair Cat | Balinese Cat | Black and White Long Hair Cat | Grey and White Short Hair Cat
,short-hair-grey-white-cat-embroidered-icon,ICON-46386739282177,Short Hair Grey & White Cat Embroidered Icon,,,low,No match - likely cut,0.9011,-1,Grey Short Hair Cat | Orange Short Hair Cat | Black and White Short Hair Cat | Black Short Hair Cat | Orange and White Short Hair Cat | White Short Hair Cat | Grey and White Short Hair Cat | Short Hair Calico Cat | Grey Long Hair Cat | Orange Long Hair Cat | White Long Hair Cat | Sphynx Cat
,short-hair-grey-cat-embroidered-icon,ICON-46386783027457,Short Hair Grey Cat Embroidered Icon,Grey Short Hair Cat,1KYTrYM5ijKGkz6iP9vWvTmvJaxEHpZ7b,high,High confidence,0.9133,0,Grey Short Hair Cat | Orange Short Hair Cat | Black Short Hair Cat | White Short Hair Cat | Grey Long Hair Cat | Orange and White Short Hair Cat | Orange Long Hair Cat | Grey and White Short Hair Cat | Black and White Short Hair Cat | Siamese Cat | Chihuahua | Sphynx Cat
,short-hair-orange-and-white-cat-embroidered-icon,ICON-46386786959617,Short Hair Orange and White Cat Embroidered Icon,,,low,No match - likely cut,0.9001,-1,Grey Short Hair Cat | Orange Short Hair Cat | Black and White Short Hair Cat | Orange and White Short Hair Cat | White Short Hair Cat | Grey and White Short Hair Cat | Black Short Hair Cat | Short Hair Calico Cat | Grey Long Hair Cat | Orange Long Hair Cat | White Long Hair Cat | Sphynx Cat
,short-hair-orange-cat-embroidered-icon,ICON-46386789581057,Short Hair Orange Cat Embroidered Icon,,,low,No match - likely cut,0.9077,-1,Grey Short Hair Cat | Orange Short Hair Cat | Black Short Hair Cat | White Short Hair Cat | Grey Long Hair Cat | Orange and White Short Hair Cat | Orange Long Hair Cat | Grey and White Short Hair Cat | Chihuahua | Black and White Short Hair Cat | Sphynx Cat | Siamese Cat
,short-hair-striped-cat-embroidered-icon,ICON-46386730598657,Short Hair Striped Cat Embroidered Icon,,,low,No match - likely cut,0.9292,-1,Short Hair Striped Cat | Bengal Cat | Long Hair Striped Cat | Sphynx Cat | Black Short Hair Cat | Orange Short Hair Cat | Grey Short Hair Cat | Orange and White Short Hair Cat | Grey and White Short Hair Cat | Orange Long Hair Cat | Grey Long Hair Cat | Black and White Short Hair Cat
,v2-shrimp,ICON-45782340370689,Shrimp Embroidered Icon,,,low,No match - likely cut,0.7542,-1,Shrimp | Lobster | Crab | Croissant | Claw Clip | Red Betta Fish | Blue Betta Fish | Black Betta Fish | Lake Michigan | Green Betta Fish | Rosebud | Fish Bone
,siamese-cat-embroidered-icon,ICON-46386792038657,Siamese Cat Embroidered Icon,Siamese Cat,1m1HsaeZD_OZTWtdMp0skPhCAn1DUNILE,high,High confidence,0.8948,1,Black Short Hair Cat | Siamese Cat | Grey Short Hair Cat | Orange Short Hair Cat | White Short Hair Cat | Chihuahua | Balinese Cat | Black Long Hair Cat | Grey Long Hair Cat | Black and White Short Hair Cat | Orange and White Short Hair Cat | Orange Long Hair Cat
,silverware-embroidered-icon,ICON-46316086296833,Silverware Embroidered Icon,,,low,No match - likely cut,0.5745,-1,Lipstick | Makeup Brushes | Cactus | Surf Board | Pink Lip Balms | Lighter | Pink Lighter | Pickleball Paddle | Red Rose | Red Wine | One Piece Swimsuit | Skis
,v2-ski-boot,ICON-45782340534529,Ski Boot Embroidered Icon,,,low,No match - likely cut,0.8552,-1,Ski Boot | Ice Skate | Cowboy Boot | Ugg Boots | Boston Red Sock | California Border | Stocking | Cheetah I | Pizza | Pink Plaid L | Cheetah X | Nail Polish
,ski-goggles-embroidered-icon,ICON-46892778520833,Ski Goggles Embroidered Icon,,,low,No match - likely cut,0.9863,-1,Ski Goggles | Brown Sunglasses | Smiley Face | Locket Filled Bow | Abbode Bow | Steak | Cowboy Hat | Chicago Bean | Locket Filled | Taurus | Plane Window | Egg
,ski-gondola-embroidered-icon,ICON-46892778717441,Ski Gondola Embroidered Icon,,,low,No match - likely cut,0.6265,-1,Ski Lift | Red Rolling Suitcase | Sun Tan Lotion | Old Fashioned | Tomato | Boston Dunkin | Round Perfume | Charleston Suitcase | Blue Plaid U | Peach | Torii Gate | Matcha
,ski-lift-embroidered-icon,ICON-46892778848513,Ski Lift Embroidered Icon,,,low,No match - likely cut,0.9788,-1,Ski Lift | Old Fashioned | Torii Gate | Boston Dunkin | Beamed Sixteenth Note | Red Rolling Suitcase | Beach Chair | Charleston Suitcase | Ski Pass | Cherries | Eighth Note | Nantucket Basket
,ski-pass-embroidered-icon,ICON-46892779045121,Ski Pass Embroidered Icon,Ski Pass,1x5aBpTiFJa8K1BFsayOngsKDaTMaz4FI,high,High confidence,0.9258,0,Ski Pass | Holiday Shopping Bag | King of Hearts | Jack of Hearts | Lighter | Pink Suitcase | Pink Lighter | Queen of Hearts | Diet Coke | Prozac | Navy Suitcase | Needlepoint
,skier-embroidered-icon,ICON-46892779405569,Skier Embroidered Icon,,,low,No match - likely cut,0.9879,-1,Skier | Ice Skater | Golf Clubs | Golf Bag | Skis | Latke Bear | USA Skis | Beach Chair | LA Logo | Statue of Liberty | Crossed Candy Canes | Vine Tomatoes
,v2-skis-and-poles,ICON-45782340632833,Skis and Poles Embroidered Icon,Skis,1urpimtcNLQquNGOvdZVa8uBlUWYBSMvx,high,High confidence,0.7537,0,Skis | USA Skis | Golf Clubs | Cactus | Treble Cleff | Cross Stitch I | Two Olives on Toothpick | Olive on Toothpick | Three Olives on Toothpick | Torii Gate | Snowboard | Gemini
,skis-embroidered-icon,ICON-46892779536641,Skis Embroidered Icon,,,low,No match - likely cut,0.8506,-1,Skis | USA Skis | Golf Clubs | Cactus | Snowboard | Treble Cleff | Airplane | Candy Cane Bow | Two Olives on Toothpick | Golf Bag | Olive on Toothpick | Cross Stitch I
,v2-slot-machine,ICON-45782340731137,Slot Machine Embroidered Icon,,,low,No match - likely cut,0.8055,-1,Slot Machine | Chicago Wrigley Sign | Needlepoint | I Love BOS | I Love DTX | I Love CHS | I Love ATX | I Love SF | I Love CHI | I Love NY | LA Rodeo Drive Sign | Anchor
,v2-smile-pancakes,ICON-45782340862209,Smile Pancakes Embroidered Icon,,,low,No match - likely cut,0.7952,-1,Smile Pancakes | Smiley Face | World Cup 26 Soccer Ball | Donut | 8 Ball | Espresso | Oyster | Tomato | Life Preserver | Sushi Roll | Plane Window | Bass Cleff
,v2-smiley-face,ICON-45782340960513,Smiley Face Embroidered Icon,Smiley Face,1AbOhLGABx4vPkNLvKbdtbqxFj2yiOycG,high,High confidence,0.8363,0,Smiley Face | Smile Pancakes | 8 Ball | Queen of Hearts | Sheet Mask | Blue Plaid Q | Locket Filled Bow | Xanax | Jack of Hearts | Adderall | Gingerbread Man | Tomato
,v2-snowboard,ICON-45782341124353,Snowboard Embroidered Icon,,,low,No match - likely cut,0.8250,-1,Snowboard | Cigarette | Pickleball Paddles | Light Blue Pickleball Paddles | Lipstick | Cross Stitch I | Chicago Bean | Skis | Lighter | Golf Clubs | Candy Cane Bow | Cross Stitch T
,snowflake-embroidered-icon,ICON-46892779667713,Snowflake Embroidered Icon,,,low,No match - likely cut,0.8427,-1,Snowflake | Cross Stitch Bow | Cross Stitch Y | Cross Stitch Rose | Cross Stitch Cherries | Cross Stitch Heart | Cross Stitch X | Cross Stitch E | Cross Stitch Z | Cross Stitch L | Cross Stitch T | Cross Stitch P
,v2-soy-sauce,ICON-45782341222657,Soy Sauce Embroidered Icon,,,low,No match - likely cut,0.8300,-1,Soy Sauce | Bandana Texas | Pink Suitcase | Fish Bone | Chicago Wrigley Sign | Hot Sauce | Boarding Pass | Bikini Polka Dot | Doberman Locket | Texas Outline | Boston Sign | Cane Corso Locket
,soy-sauce-embroidered-icon,ICON-45641968288001,Soy Sauce Embroidered Icon,,,low,No match - likely cut,0.7457,-1,Soy Sauce | Bandana Texas | Bikini Polka Dot | Pink Suitcase | Boarding Pass | Abbode Bow | Locket Filled Bow | Bikini | Fish Bone | Brown Sunglasses | Pickleball Paddles | Oyster
,v2-spade-suit,ICON-45782341320961,Spade Suit Embroidered Icon,,,low,No match - likely cut,0.6375,-1,Brown Mushroom | Cross Stitch Cherries | Strawberry Candy | Broken Heart | One Piece Swimsuit | Cross Stitch Martini | Blue Plaid X | Red Mushroom | Cross Stitch Rose | Gingerbread Man | Strawberry | Christmas Tree
,v2-sparkle,ICON-45782341419265,Sparkle Embroidered Icon,,,low,No match - likely cut,0.5161,-1,Bandana Star | Texas Outline | Star | Summer Sun | Bandana Texas | Lingerie | Anchor | Statue of Liberty Head | Pink Plaid Y | Three Stars | Blue Plaid V | Pink Plaid W
,v2-sparkles,ICON-45782341517569,Sparkles Embroidered Icon,,,low,No match - likely cut,0.5990,-1,Three Stars | Bandana Star | Star | Summer Sun | Texas Outline | Bandana Texas | Statue of Liberty Head | Anchor | Lingerie | Bikini | Blue Plaid V | Pink Plaid W
,spicy-marg-embroidered-icon,ICON-46919490076929,Spicy Marg Embroidered Icon,,,low,No match - likely cut,0.9581,-1,Spicy Marg | Negroni | Old Fashioned | Espresso | Charleston Iced Tea | Diet Coke | Popcorn | Ralph's Coffee | Coffee | LA Smoothie | Peach | Nantucket Basket
,v2-sriracha,ICON-45782341615873,Sriracha Embroidered Icon,Sriracha,1_GHwG4gAUaiVPs1GQ0Fs2Ds1XCtVCuTc,high,High confidence,0.8483,0,Sriracha | Sun Tan Lotion | Wine Bottle | Topo Chico | Lipstick | Aperol Bottle | Ozempic Vial | Hot Sauce | Lighter | Champagne Bottle | Pink Lighter | Ski Pass
,v2-stack-of-books,ICON-45782341714177,Stack of Books Embroidered Icon,,,low,No match - likely cut,0.8365,-1,Stack of Books | Chicago Deep Dish | Fries | Butter | Popcorn | San Francisco Cable Car | Cigarette | Pills | Pink Lighter | Lighter | Hot Dog | Coffee
,v2-standard-martini,ICON-45782341812481,Standard Martini Embroidered Icon,,,low,No match - likely cut,0.8411,-1,Martini | Espresso Martini | Cosmopolitan | Christmas Cocktail | Margarita | Ralph's Iced Coffee | LA Smoothie | Aperol Spritz | Red Wine | Boston Dunkin | Charleston Iced Tea | Pink Tennis
,v2-star,ICON-45782341910785,Star Embroidered Icon,Star,1qj7ulP3ZJDEkVZA6fiJm_LdY9RK3YDEn,high,High confidence,0.9398,0,Star | Bandana Star | Three Stars | Yacht Flag B | Texas Outline | Yacht Flag A | Bandana Texas | Blue Plaid X | Bandana A | Diamond | Summer Sun | Bandana X
,v2-steak,ICON-45782342009089,Steak Embroidered Icon,,,low,No match - likely cut,0.7240,-1,Steak | Locket Filled Bow | Locket Filled | Bulldog Locket | Cane Corso Locket | Boxer Locket | Boston Terrier Locket | Black Doodle Locket | Schnauzer Locket | Pomeranian Locket | Poodle Locket | Doberman Locket
,stocking-embroidered-icon,ICON-46892779766017,Stocking Embroidered Icon,,,low,No match - likely cut,0.9565,-1,Stocking | Pepper | Boston Red Sock | Eggplant | California Border | Brown Mushroom | Apple Core | Bikini | Bikini Polka Dot | Chicago Hot Dog Print | New York Hot Dog | Chicago Hot Dog Script
,v2-strawberry-candy,ICON-45782342107393,Strawberry Candy Embroidered Icon,,,low,No match - likely cut,0.7850,-1,Strawberry Candy | Red Mushroom | Strawberry | Bikini Polka Dot | Charleston Pineapple | Bagel | Queen of Hearts | Bikini | Cheese | Dog Paws | Cactus | Jack of Hearts
,v2-strawberry-fixed,ICON-45782342238465,Strawberry Embroidered Icon,,,low,No match - likely cut,0.8930,-1,Strawberry | Bandana Heart | New York Apple | Heart | Strawberry Candy | Austin Heart | Apple | Italian Greyhound Locket | Black Doodle Locket | San Francisco Heart | Dallas Heart | Bulldog Locket
,v2-suitcase,ICON-45782342369537,Suitcase Embroidered Icon,Charleston Suitcase,1pnYGINzQMTZZIFue4ozqGI2e4bX04EbX,high,High confidence,0.7801,1,Grey Rolling Suitcase | Charleston Suitcase | Red Rolling Suitcase | Pink Lighter | Lighter | Red Hot Chocolate | Pink Suitcase | Spicy Marg | Ski Pass | Navy Suitcase | Green Hot Chocolate | Holiday Shopping Bag
,summer-suitcase-embroidered-icon,ICON-46316005130497,Summer Suitcase Embroidered Icon,,,low,No match - likely cut,0.9302,-1,Red Rolling Suitcase | Charleston Suitcase | Sun Tan Lotion | Pink Lighter | Lighter | Wine Bottle | Old Fashioned | Grey Rolling Suitcase | Charleston Iced Tea | Boston Dunkin | Ski Pass | Nantucket Basket
,summer-sun-embroidered-icon,ICON-46315934974209,Summer Sun Embroidered Icon,,,low,No match - likely cut,0.9383,-1,Summer Sun | Sun | Statue of Liberty Head | Star | Yellow Flower | Pink Flower | Three Stars | Snowflake | Daisy | Pink Sunglasses | Diamond | Lemon Slice
,v2-sun,ICON-45782342467841,Sun Embroidered Icon,,,low,No match - likely cut,0.8749,-1,Sun | Summer Sun | Yellow Flower | Pink Flower | Daisy | Cherry Blossom | Chicago Ferris Wheel | Lemon Slice | Smiley Face | Lime Slice | Snowflake | Fish Bone
,sun-tan-lotion-embroidered-icon,ICON-46316053561601,Sun Tan Lotion Embroidered Icon,,,low,No match - likely cut,0.9305,-1,Sun Tan Lotion | Sriracha | Wine Bottle | Aperol Bottle | Lighter | Hot Sauce | Ozempic Vial | Champagne Bottle | Topo Chico | Red Rolling Suitcase | Pink Lighter | Lipstick
,sunglasses-2-embroidered-icon,ICON-46316045074689,Sunglasses 2 Embroidered Icon,Pink Sunglasses,1Q5YpmIBPdIZM9sGLP8StW0be2RCSoK4j,high,High confidence,0.9256,0,Pink Sunglasses | Brown Sunglasses | Two Olives on Toothpick | 8 Ball | Olive on Toothpick | Three Olives on Toothpick | Fish Bone | Blush | Hot Sauce | Locket Filled Bow | Four Olives on Toothpick | Bikini
,sunglasses-embroidered-icon,ICON-46316027805953,Sunglasses Embroidered Icon,,,low,No match - likely cut,0.8796,-1,Brown Sunglasses | Ski Goggles | Abbode Bow | Santa Hat | Yorkie Locket | Pink Sunglasses | California Border | Brown Doodle Locket | Locket Filled Bow | Cane Corso Locket | Black Doodle Locket | Pug Locket
,sunscreen-embroidered-icon,ICON-46316010504449,Sunscreen Embroidered Icon,Sunscreen,1LlFk1JSsf2HThjOHw0NOUDh9d8YDIIa9,high,High confidence,0.8872,0,Sunscreen | Pink Lip Balms | Lip Balms | Coffee | Chocolate Ice Cream | Surf Board | Lipstick | Bandana W | Makeup Brushes | Pill Bottle | Prozac | Lighter
,surf-board-embroidered-icon,ICON-46316049367297,Surf Board Embroidered Icon,,,low,No match - likely cut,0.9536,-1,Surf Board | Lipstick | Three Fish | Broken Heart | The Hamptons Stamp | Pink Plaid W | Champagne Bottle | Lighter | Flip Flops | Chicago Skyline | Strawberry Candy | Pink Lip Balms
,v2-sushi,ICON-45782342566145,Sushi Embroidered Icon,,,low,No match - likely cut,0.7000,-1,Sushi Nigiri | Taco | Chicago Bean | Sushi Roll | Shrimp Sashimi | Boston Cannoli | Lips | Oyster | Caviar Latke | Hot Dog | Croissant | Seashell
,v2-sushi-fixed,ICON-45782342664449,Sushi Fixed Embroidered Icon,,,low,No match - likely cut,0.6327,-1,Sushi Roll | Oyster | Plane Window | Steak | Boston Cannoli | Chicago Hot Dog Script | Hot Dog | Tomato | Chicago Bean | Smile Pancakes | World Cup 26 Soccer Ball | Chicago Hot Dog Print
,swim-trunks-embroidered-icon,ICON-46315923702017,Swim Trunks Embroidered Icon,,,high,No match - likely cut,0.5531,-1,Bandana M | Pickleball Paddles | Bandana X | Bandana K | Bandana V | Yacht Flag G | Lingerie | Bandana W | Abbode Bow | Bandana A | Bandana T | Yacht Flag Y
,v2-swirl-ice-cream,ICON-45782342762753,Swirl Ice Cream Embroidered Icon,,,low,No match - likely cut,0.8280,-1,Ice Cream | Swirl Ice Cream | Chocolate Ice Cream | Coffee | LA Smoothie | Boston Dunkin | Ralph's Iced Coffee | Pink Lighter | Lighter | Ralph's Coffee | Takeout | Nantucket Basket
,t-cheetah-embroidered-icon,ICON-46172469264641,T Cheetah Embroidered Icon,Cheetah T,12IFtNHAUXKE-uG4gzVztgj-NB36x4b32,high,High confidence,0.9890,0,Cheetah T | Cheetah I | Cheetah P | Cheetah L | Cheetah F | Cheetah H | Cheetah R | Cheetah N | Cheetah G | Cheetah K | Cheetah B | Cheetah M
,t-cross-stitch-black-embroidered-icon,ICON-45923940827393,T Cross Stitch Black Embroidered Icon,,,low,No match - likely cut,0.9362,-1,Cross Stitch A | Cross Stitch T | Cross Stitch K | Cross Stitch E | Cross Stitch Z | Cross Stitch Y | Cross Stitch L | Cross Stitch G | Cross Stitch V | Cross Stitch P | Cross Stitch R | Cross Stitch I
,t-cross-stitch-red-embroidered-icon,ICON-45923657613569,T Cross Stitch Red Embroidered Icon,,,low,No match - likely cut,0.9390,-1,Cross Stitch A | Cross Stitch T | Cross Stitch K | Cross Stitch E | Cross Stitch Z | Cross Stitch Y | Cross Stitch L | Cross Stitch G | Cross Stitch V | Cross Stitch P | Cross Stitch R | Cross Stitch N
,v2-taco,ICON-45782342861057,Taco Embroidered Icon,,,low,No match - likely cut,0.8230,-1,Taco | Boston Cannoli | Hot Dog | Chicago Bean | Santa Hat | Cowboy Hat | Caviar Latke | Chicago Hot Dog Print | Chicago Hot Dog Script | New York Hot Dog | Brown Sunglasses | Seashell
,v2-takeout,ICON-45782342959361,Takeout Embroidered Icon,,,low,No match - likely cut,0.6486,-1,Nantucket Basket | Takeout | Boston Dunkin | Needlepoint | Coffee | LA Smoothie | Boston Tote | Ice Cream | Ralph's Iced Coffee | Matcha | Negroni | Fries
,tan-and-dark-grey-frenchie-dog-embroidered-icon-copy,ICON-46416409755905,Tan and Dark Grey Frenchie Dog Embroidered Icon,,,low,No match - likely cut,0.8760,-1,Tan and Dark Grey Frenchie | Tan Frenchie | Dark Grey Frenchie | White and Grey Frenchie | Ski Tan And Grey Frenchie | Ski White And Grey Frenchie | Long Hair Striped Cat | German Shepherd | Ski White Frenchie | Black Pug | Ski Tan Frenchie | English Bulldog
,tan-frenchie-dog-embroidered-icon,ICON-46416410345729,Tan Frenchie Dog Embroidered Icon,,,low,No match - likely cut,0.8720,-1,Dark Grey Frenchie | Tan Frenchie | Tan and Dark Grey Frenchie | Cane Corso | Ski White Frenchie | White and Grey Frenchie | Ski Tan And Grey Frenchie | Ski Tan Frenchie | Chihuahua | Black Pug | Great Dane | Belgian Malinois
,v2-taxi-cc-1,ICON-45784350097665,Taxi CC 1 Embroidered Icon,,,low,No match - likely cut,0.7954,-1,Taxi | Tree Taxi | Convertible | Convertible Beetle | Moped | LA Vintage Car | Christmas Tree Truck | Taxi Snowglobe | Golf Cart | Martha's Vineyard Stamp | Bronco | Grey Rolling Suitcase
,taxi-snowglobe-embroidered-icon,ICON-46892780388609,Taxi Snowglobe Embroidered Icon,,,low,No match - likely cut,0.9340,-1,Taxi Snowglobe | Tree Taxi | Convertible Beetle | Bronco | Taxi | Christmas Tree Truck | Martha's Vineyard Stamp | Convertible | LA Vintage Car | Moped | Golf Cart | Caviar
,v2-tennis-ball,ICON-45782343057665,Tennis Ball Embroidered Icon,,,low,No match - likely cut,0.5991,-1,Basketball | Tomato | Olive | Volleyball | Bagel | Hot Dog | Adderall | Egg | XOXO Heart Blue | Donut | Smile Pancakes | Chicago Bean
,v2-three-olives-on-toothpick,ICON-45782344335617,Three Olives on Toothpick Embroidered Icon,,,low,No match - likely cut,0.7690,-1,Four Olives on Toothpick | Three Olives on Toothpick | Two Olives on Toothpick | Lemonade | Snowboard | Cherries | Olive on Toothpick | Charleston Iced Tea | Golf Clubs | Cross Stitch I | Fish Bone | Purple Hydrangea
,v2-tomato,ICON-45782344433921,Tomato Embroidered Icon,,,low,No match - likely cut,0.7482,-1,Tomato | Apple | Peach | Vine Tomatoes | Cherries | New York Apple | Strawberry | Rose | Locket Filled Bow | Bikini | Bikini Polka Dot | Two Olives on Toothpick
,v2-treble-cleff,ICON-45782344597761,Treble Cleff Embroidered Icon,,,low,No match - likely cut,0.8404,-1,Treble Cleff | XOXO | Rx | Swans | I Love BOS | Bikini | Cactus | Vine Tomatoes | I Love CHS | Bikini Polka Dot | Locket Filled Bow | I Love SF
,tree-taxi-embroidered-icon,ICON-46892780552449,Tree Taxi Embroidered Icon,Tree Taxi,1p-vnNdfCYrrFw7Ayy2r26OPHt260UWqB,high,High confidence,0.8579,0,Tree Taxi | Taxi | Convertible | LA Vintage Car | Taxi Snowglobe | Golf Cart | Convertible Beetle | Bronco | Moped | Christmas Tree Truck | Martha's Vineyard Stamp | Ugg Boots
,tulips-embroidered-icon,ICON-46316060770561,Tulips Embroidered Icon,,,low,No match - likely cut,0.6836,-1,Rose | Red Rose | Charleston SC Palm Tree | Rosebud | Banana | Broccoli | Cherry Blossom Branch | Two Olives on Toothpick | Boston Clover | Statue of Liberty | Purple Hydrangea | Cowgirl Hat
,v2-two-olives-on-toothpick,ICON-45782344925441,Two Olives on Toothpick Embroidered Icon,Two Olives on Toothpick,1_DRqKDMQhRGb7z3JDx_OD5cJPktk0ttC,high,High confidence,0.7615,1,Three Olives on Toothpick | Two Olives on Toothpick | Four Olives on Toothpick | Olive on Toothpick | Cherries | Pink Sunglasses | Snowboard | Skis | Lemonade | USA Skis | Beamed Sixteenth Note | Golf Clubs
,u-cheetah-embroidered-icon,ICON-46172470116609,U Cheetah Embroidered Icon,,,low,No match - likely cut,0.9858,-1,Cheetah U | Cheetah D | Blue Plaid U | Bandana U | Cheetah P | Cheetah L | Cheetah G | Cheetah B | Cheetah C | Pink Plaid U | Cheetah O | Cheetah J
,u-cross-stitch-black-embroidered-icon,ICON-45923941155073,U Cross Stitch Black Embroidered Icon,,,low,No match - likely cut,0.9575,-1,Cross Stitch W | Cross Stitch M | Cross Stitch U | Cross Stitch V | Cross Stitch Y | Cross Stitch G | Cross Stitch X | Cross Stitch N | Cross Stitch Z | Cross Stitch R | Cross Stitch H | Cross Stitch E
,u-cross-stitch-red-embroidered-icon,ICON-45923658072321,U Cross Stitch Red Embroidered Icon,Cross Stitch U,1VIIpHptisCuOM7g8Pw1k7sc5NhhCV110,high,High confidence,0.9574,2,Cross Stitch W | Cross Stitch V | Cross Stitch U | Cross Stitch M | Cross Stitch Y | Cross Stitch X | Cross Stitch G | Cross Stitch N | Cross Stitch Z | Cross Stitch R | Cross Stitch H | Cross Stitch E
,ugg-boots-embroidered-icon,ICON-46892780683521,Ugg Boots Embroidered Icon,,,low,No match - likely cut,0.9530,-1,Ugg Boots | Cowboy Boot | Ice Skate | Ski Boot | Cowboy Hat | Lingerie | New York Hot Dog | Chicago Hot Dog Script | Chicago Hot Dog Print | Football | Boston Red Sock | Boston Cannoli
,umbrella-embroidered-icon,ICON-46316011094273,Umbrella Embroidered Icon,,,low,No match - likely cut,0.9174,-1,Umbrella | Cowgirl Hat | Western Saddle | Nantucket Basket | Rain Umbrella | Purple Hydrangea | Boston Dunkin | Blue Hydrangea | Donut | Cosmopolitan | LA Smoothie | Pink Hydrangea
,usa-skis-embroidered-icon,ICON-46892781076737,Usa Skis Embroidered Icon,,,low,No match - likely cut,0.8738,-1,Skis | USA Skis | Golf Clubs | Cactus | Snowboard | Candy Cane Bow | Two Olives on Toothpick | Treble Cleff | Flip Flops | Olive on Toothpick | Airplane | Three Olives on Toothpick
,v-cheetah-embroidered-icon,ICON-46172470968577,V Cheetah Embroidered Icon,,,low,No match - likely cut,0.9834,-1,Cheetah V | Cheetah W | Cheetah Y | Cheetah M | Blue Plaid V | Cheetah N | Blue Plaid W | Blue Plaid Y | Pink Plaid V | Cheetah K | Cheetah X | Cheetah P
,v-cross-stitch-black-embroidered-icon,ICON-45923941515521,V Cross Stitch Black Embroidered Icon,,,low,No match - likely cut,0.9485,-1,Cross Stitch V | Cross Stitch Y | Cross Stitch Z | Cross Stitch X | Cross Stitch W | Cross Stitch E | Cross Stitch G | Cross Stitch R | Cross Stitch U | Cross Stitch A | Cross Stitch L | Cross Stitch N
,v-cross-stitch-red-embroidered-icon,ICON-45923658465537,V Cross Stitch Red Embroidered Icon,,,low,No match - likely cut,0.9499,-1,Cross Stitch V | Cross Stitch Y | Cross Stitch Z | Cross Stitch X | Cross Stitch W | Cross Stitch E | Cross Stitch R | Cross Stitch G | Cross Stitch U | Cross Stitch A | Cross Stitch L | Cross Stitch P
,v2-vine-tomatoes,ICON-45782345023745,Vine Tomatoes Embroidered Icon,,,low,No match - likely cut,0.7841,-1,Vine Tomatoes | Cherries | Rose | Two Olives on Toothpick | Three Olives on Toothpick | Tomato | Four Olives on Toothpick | Red Rose | Purple Hydrangea | Apple | Bikini | Hibiscus
,v2-volleyball,ICON-45782345122049,Volleyball Embroidered Icon,,,low,No match - likely cut,0.8676,-1,Volleyball | World Cup 26 Soccer Ball | Donut | Smile Pancakes | Basketball | Football | Blue Plaid C | Blue Plaid O | Blue Plaid Q | Adderall | Blue Plaid D | Chicago Bean
,w-cheetah-embroidered-icon,ICON-46172472312065,W Cheetah Embroidered Icon,,,low,No match - likely cut,0.9791,-1,Cheetah W | Cheetah V | Cheetah M | Blue Plaid W | Cheetah Y | Blue Plaid V | Pink Plaid W | Cheetah N | Blue Plaid Y | Pink Plaid V | Cheetah P | Cheetah T
,w-cross-stitch-black-embroidered-icon,ICON-45923941646593,W Cross Stitch Black Embroidered Icon,,,low,No match - likely cut,0.9675,-1,Cross Stitch W | Cross Stitch M | Cross Stitch G | Cross Stitch N | Cross Stitch U | Cross Stitch Y | Cross Stitch V | Cross Stitch E | Cross Stitch L | Cross Stitch Z | Cross Stitch A | Cross Stitch H
,w-cross-stitch-red-embroidered-icon,ICON-45923658793217,W Cross Stitch Red Embroidered Icon,,,low,No match - likely cut,0.9689,-1,Cross Stitch W | Cross Stitch M | Cross Stitch G | Cross Stitch N | Cross Stitch U | Cross Stitch Y | Cross Stitch V | Cross Stitch E | Cross Stitch A | Cross Stitch Z | Cross Stitch L | Cross Stitch X
,v2-watermelon,ICON-45782345220353,Watermelon Embroidered Icon,Watermelon,1mk9J8VCk4T87jO4Xpi8qNroXOuHXscsZ,high,High confidence,0.8950,0,Watermelon | Cactus | Garlic | Rose | Football | Hot Dog | Baseball | Strawberry Candy | Sushi Roll | White Seashell | Plane Window | Basketball
,wave-embroidered-icon,ICON-46315983995137,Wave Embroidered Icon,Wave,1RwVYx9B1J6zU1akJUoaK8OtKqd323-wK,high,High confidence,0.9133,0,Wave | Whale | Blue Plaid Q | New York Hot Dog | Croissant | San Francisco Sea Lion | Chicago Hot Dog Print | Chicago Hot Dog Script | Lake Michigan | Bandana S | World Cup 26 Soccer Ball | Smile Pancakes
,v2-weed,ICON-45782345318657,Weed Embroidered Icon,,,low,No match - likely cut,0.8766,-1,Weed | Cactus | Hibiscus | Red Rose | Boston Clover | Rose | Clover | Charleston Palm Tree | White Seashell | Charleston Stamp | Crab | Watermelon
,v2-white-heart,ICON-45784350949633,White Heart Embroidered Icon,,,low,No match - likely cut,0.8283,-1,Heart Suit | New York Heart | Dallas Heart | Chicago Heart | Italian Greyhound Locket | Lace Heart | LA Heart | Austin Heart | Boxer Locket | Golden Retriever Locket | Boston Heart | San Diego Heart
,white-heart-outline-embroidered-icon,ICON-46264177066241,White Heart Outline Embroidered Icon,,,low,No match - likely cut,0.7845,-1,Lover Heart | Heart Suit | Heart Outline | New York Heart | Dallas Heart | Lover Arrow Heart | Chicago Heart | Italian Greyhound Locket | LA Heart | Tan Shorthair Dachshund Locket | Boxer Locket | San Diego Heart
,wine-bottle-embroidered-icon,ICON-46316059459841,Wine Bottle Embroidered Icon,,,low,No match - likely cut,0.9612,-1,Wine Bottle | Champagne Bottle | Sriracha | Ozempic Vial | Sun Tan Lotion | Aperol Bottle | Lipstick | Nail Polish | Lighter | Topo Chico | Hot Sauce | Pink Lighter
,winter-hat-embroidered-icon,ICON-46892781207809,Winter Hat Embroidered Icon,,,high,No match - likely cut,0.6415,-1,Tomato | Peach | Round Perfume | Eggplant | Surf Board | Taco | Red Mushroom | Football | Lemon | Lighter | Lipstick | Smiley Face
,wreath-embroidered-icon,ICON-46892781338881,Wreath Embroidered Icon,,,high,No match - likely cut,0.6112,-1,Charleston SC Palm Tree | Caviar Latke | Bikini | Bandana Q | Fish Bone | Rx | Ring | Rosebud | Blue Plaid Q | Blue Plaid O | Bikini Polka Dot | Pretzel
,x-cheetah-embroidered-icon,ICON-46172472770817,X Cheetah Embroidered Icon,,,low,No match - likely cut,0.9781,-1,Cheetah X | Cheetah K | Cheetah F | Blue Plaid X | Cheetah Y | Cheetah M | Cheetah A | Cheetah P | Cheetah R | Cheetah N | Cheetah H | Cheetah V
,x-cross-stitch-black-embroidered-icon,ICON-45923942400257,X Cross Stitch Black Embroidered Icon,,,low,No match - likely cut,0.9536,-1,Cross Stitch X | Cross Stitch K | Cross Stitch Z | Cross Stitch Y | Cross Stitch R | Cross Stitch E | Cross Stitch H | Cross Stitch S | Cross Stitch V | Cross Stitch N | Cross Stitch A | Cross Stitch P
,x-cross-stitch-red-embroidered-icon,ICON-45923658989825,X Cross Stitch Red Embroidered Icon,Cross Stitch X,1m_YSu1wSJc6faiyltLjl07u6bILDx9n6,high,High confidence,0.9521,0,Cross Stitch X | Cross Stitch K | Cross Stitch Z | Cross Stitch Y | Cross Stitch R | Cross Stitch E | Cross Stitch H | Cross Stitch S | Cross Stitch V | Cross Stitch N | Cross Stitch A | Cross Stitch P
,v2-xmas24-candycane-bow,ICON-45782345515265,XMAS24 CANDYCANE BOW Embroidered Icon,,,low,No match - likely cut,0.8901,-1,Candy Cane Bow | Candy Cane Heart | Crossed Candy Canes | Pretzel | Abbode Bow | Bandana X | Cactus | Bandana K | Pickleball Paddles | Locket Filled Bow | Long Bow | Golf Clubs
,v2-xmas24-candycane,ICON-45782345613569,XMAS24 CANDYCANE Embroidered Icon,,,low,No match - likely cut,0.7251,-1,Candy Cane Heart | Candy Cane Bow | Crossed Candy Canes | Cheetah J | Scorpio | California Border | Bandana J | Cheetah T | Cheetah Z | I Love SF | Cheetah I | Cheetah P
,v2-xmas24-candycane-heart,ICON-45782345711873,XMAS24 CANDYCANE HEART Embroidered Icon,,,low,No match - likely cut,0.9067,-1,Candy Cane Heart | Crossed Candy Canes | Candy Cane Bow | Pretzel | Cheetah V | Locket Filled Bow | Broken Heart | Lace Heart | I Love CHS | Cheetah M | Bandana Heart | Heart Suit
,v2-xmas24-candycanes-crossed,ICON-45782345810177,XMAS24 CANDYCANES CROSSED Embroidered Icon,,,low,No match - likely cut,0.7965,-1,Crossed Candy Canes | Candy Cane Bow | Candy Cane Heart | Abbode Bow | Pretzel | Cheetah Z | Golf Clubs | Bandana X | Cheetah J | Cheetah X | Cheetah P | Cheetah M
,v2-xmas24-cocktail,ICON-45782345941249,XMAS24 COCKTAIL Embroidered Icon,,,low,No match - likely cut,0.8219,-1,Espresso Martini | Christmas Cocktail | Cosmopolitan | Margarita | Martini | Red Wine | Aperol Spritz | White Wine | Makeup Brushes | Pink Tennis Raquets | Pink Tennis | Champagne Glasses
,v2-xmas24-gingerbread,ICON-45782346039553,XMAS24 GINGERBREAD Embroidered Icon,,,low,No match - likely cut,0.8358,-1,Gingerbread Man | Lucky Cat | Bikini Polka Dot | Queen of Hearts | Abbode Bow | Bandana Star | Bandana Texas | Apple Core | Cheetah X | Jack of Hearts | Dog Paws | Candy Cane Bow
,v2-xmas24-gold-heart,ICON-45782346236161,XMAS24 GOLD HEART Embroidered Icon,,,low,No match - likely cut,0.8935,-1,Heart Suit | Heart | New York Heart | LA Heart | Austin Heart | Dallas Heart | Chicago Heart | San Francisco Heart | San Diego Heart | Boston Heart | Bandana Heart | XOXO Heart Pink
,v2-xmas24-hanukkah-matches,ICON-45782346334465,XMAS24 HANUKKAH MATCHES Embroidered Icon,,,low,No match - likely cut,0.5401,-1,Passport | Pink Suitcase | Navy Suitcase | Boarding Pass | Mahjong Tiles | Pink Sunglasses | Ski Pass | MetroCard | Boston License Plate | Chicago Wrigley Sign | Prozac | Bandana W
,v2-xmas24-hearts,ICON-45782346432769,XMAS24 HEARTS Embroidered Icon,,,low,No match - likely cut,0.7392,-1,Lover Locket | Lover Arrow Heart | Bandana B | Swans | Lace Heart | Queen of Hearts | Locket Filled Bow | Cane Corso Locket | Ace of Hearts | Italian Greyhound Locket | Jack of Hearts | Lover Heart
,v2-xmas24-hebrew-nyc,ICON-45782346563841,XMAS24 HEBREW NYC Embroidered Icon,,,low,No match - likely cut,0.8061,-1,Tokyo Kanji | Lucky Cat Kanji | Japan Kanji | XOXO | I Love DTX | I Love BOS | I Love CHS | Yeehaw | Howdy | Lover Locket | Rx | Lover Arrow Heart
,v2-xmas24-hot-chocolate,ICON-45782346662145,XMAS24 HOT CHOCOLATE Embroidered Icon,,,low,No match - likely cut,0.5808,-1,Negroni | Green Hot Chocolate | Red Hot Chocolate | Spicy Marg | Locket Filled Bow | Espresso | Smiley Face | Jack of Hearts | Ace of Hearts | Queen of Hearts | Charleston Iced Tea | Old Fashioned
,v2-xmas24-presents,ICON-45782346760449,XMAS24 PRESENTS Embroidered Icon,,,low,No match - likely cut,0.6419,-1,Candy Cane Bow | Abbode Bow | Locket Filled Bow | Charleston Stamp | Strawberry Candy | Long Bow | Pickleball Paddles | Lighter | Clover | Candy Cane Heart | Yacht Flag G | Jack of Hearts
,v2-xmas24-santa-hat,ICON-45782346858753,XMAS24 SANTA HAT Embroidered Icon,Santa Hat,1BnZtn1ZA9mYC1HDy55SN73siZEKE8-gn,high,High confidence,0.9432,0,Santa Hat | Taco | Cowboy Hat | Boston Cannoli | Chicago Baseball Cap | Boston Baseball Cap | New York Hot Dog | Red Mushroom | Soy Sauce | Seashell | Watermelon Slice | Shrimp Sashimi
,v2-xmas24-silver-bow,ICON-45782350135553,XMAS24 SILVER BOW Embroidered Icon,Abbode Bow,1GDTEKIMTF8rtsihYeQDCMJJPtsV8Jqmw,high,High confidence,0.8887,0,Abbode Bow | Candy Cane Bow | Locket Filled Bow | Long Bow | Gingerbread Man | Swans | Bikini | Candy Cane Heart | Lover Locket | Clover | Daisy | Rx
,v2-xmas24-snowflake,ICON-45782350233857,XMAS24 SNOWFLAKE Embroidered Icon,,,low,No match - likely cut,0.8470,-1,Snowflake | Cross Stitch Y | Cross Stitch Bow | Cross Stitch X | Cross Stitch Cherries | Cross Stitch E | Cross Stitch L | Cross Stitch Z | Cross Stitch P | Cross Stitch W | Cross Stitch V | Cross Stitch R
,v2-xmas24-star-of-david,ICON-45782350692609,XMAS24 STAR OF DAVID Embroidered Icon,,,low,No match - likely cut,0.6955,-1,Star | Pink Plaid K | Cross Stitch Bow | LA Logo | Yacht Flag B | Sagittarius | Cross Stitch Heart | Cross Stitch G | Diamond | Aquarius | Bandana A | Yacht Flag F
,v2-xmas24-taxi,ICON-45782350790913,XMAS24 TAXI Embroidered Icon,Taxi,1CVfVStkmxnlpxZ1QYgfya66nCcxA7TW5,high,High confidence,0.8376,1,Tree Taxi | Taxi | Convertible | Convertible Beetle | Taxi Snowglobe | LA Vintage Car | Christmas Tree Truck | Martha's Vineyard Stamp | Bronco | Moped | Golf Cart | MetroCard
,v2-xmas24-truck,ICON-45782350889217,XMAS24 TRUCK Embroidered Icon,,,low,No match - likely cut,0.8467,-1,Christmas Tree Truck | Bronco | Convertible | Convertible Beetle | Tree Taxi | Taxi | Moped | LA Vintage Car | Taxi Snowglobe | Golf Cart | Martha's Vineyard Stamp | Grey Rolling Suitcase
,v2-xmas24-wreath,ICON-45782351053057,XMAS24 WREATH Embroidered Icon,,,low,No match - likely cut,0.5530,-1,Caviar Latke | Charleston SC Palm Tree | Bikini | Candy Cane Bow | Bikini Polka Dot | Blue Plaid O | Ring | Christmas Tree | LA Rodeo Drive Sign | Blue Plaid Q | Rosebud | Bandana Q
,v2-xoxo,ICON-45784351080705,XOXO Embroidered Icon,,,low,No match - likely cut,0.8132,-1,XOXO | Yeehaw | Lucky Cat Kanji | Howdy | Boston License Plate | Tokyo Kanji | Lover Locket | I Love DTX | Lover Arrow Heart | Xanax | I Love BOS | I Love CHS
,v2-xoxo-heart-3d,ICON-45784351211777,XOXO Heart 3D Embroidered Icon,,,low,No match - likely cut,0.9191,-1,XOXO Heart Blue | XOXO Heart Pink | Call Me Heart | Love You Heart | Austin Heart | New York Heart | LA Heart | Boston Heart | San Francisco Heart | Dallas Heart | San Diego Heart | Chicago Heart
,v2-xoxo-red,ICON-45784351408385,XOXO Red Embroidered Icon,,,low,No match - likely cut,0.8149,-1,XOXO | Yeehaw | Lucky Cat Kanji | Howdy | Tokyo Kanji | Boston License Plate | I Love DTX | Xanax | Lover Locket | Lover Arrow Heart | I Love BOS | Japan Kanji
,v2-xx,ICON-45782351479041,XX Embroidered Icon,,,low,No match - likely cut,0.7002,-1,LA Logo | Sagittarius | Snowflake | Pisces | I Love ATX | I Love LA | Cross Stitch F | Cross Stitch I | Cross Stitch L | Gemini | Treble Cleff | Cross Stitch E
,v2-xx-red,ICON-45782351577345,XX Red Embroidered Icon,,,low,No match - likely cut,0.7023,-1,Sagittarius | LA Logo | Snowflake | I Love LA | I Love ATX | Cross Stitch F | Airplane | Pisces | I Love NY | Cross Stitch I | Cross Stitch L | Cross Stitch E
,y-cheetah-embroidered-icon,ICON-46172473524481,Y Cheetah Embroidered Icon,,,low,No match - likely cut,0.9779,-1,Cheetah Y | Cheetah V | Cheetah X | Cheetah W | Cheetah M | Cheetah K | Cheetah I | Blue Plaid Y | Cheetah P | Cheetah N | Cheetah T | Cheetah L
,y-cross-stitch-black-embroidered-icon,ICON-45923946201345,Y Cross Stitch Black Embroidered Icon,Cross Stitch Y,110Zc-uIYT8sqer3M0wvrLO3tJ22uqAgS,high,High confidence,0.9307,0,Cross Stitch Y | Cross Stitch K | Cross Stitch X | Cross Stitch Z | Cross Stitch V | Cross Stitch E | Cross Stitch R | Cross Stitch A | Cross Stitch P | Cross Stitch L | Cross Stitch N | Cross Stitch S
,y-cross-stitch-red-embroidered-icon,ICON-45923659743489,Y Cross Stitch Red Embroidered Icon,,,low,No match - likely cut,0.9308,-1,Cross Stitch Y | Cross Stitch X | Cross Stitch K | Cross Stitch Z | Cross Stitch V | Cross Stitch E | Cross Stitch R | Cross Stitch A | Cross Stitch P | Cross Stitch L | Cross Stitch N | Cross Stitch S
,v2-yellow-flower,ICON-45782351773953,Yellow Flower Embroidered Icon,,,low,No match - likely cut,0.8797,-1,Yellow Flower | Pink Flower | Sun | Daisy | Cherry Blossom | Snowflake | Charleston Palm Tree | Summer Sun | Clover | Candy Cane Bow | Purple Hydrangea | Claw Clip
,yorkie-embroidered-icon,ICON-45851609858305,Yorkie Embroidered Icon,Yorkie,1S71Nc7OTpkJeMX9Zi55HM7WgyF2dno9N,high,High confidence,0.9038,0,Yorkie | Westie | Ski Yorkie | Fluffy Brown Dog | Brussels Griffon | Blonde Doodle | Black Doodle | Chow Chow | Brown Doodle | Scottish Terrier | Fluffy Black Dog | Black and Tan Longhair Dachshund
,z-cheetah-embroidered-icon,ICON-46172474048769,Z Cheetah Embroidered Icon,,,low,No match - likely cut,0.9689,-1,Cheetah Z | Cheetah N | Cheetah P | Cheetah C | Cheetah M | Cheetah L | Cheetah K | Cheetah X | Cheetah V | Cheetah A | Cheetah R | Cheetah B
,z-cross-stitch-black-embroidered-icon,ICON-45923950166273,Z Cross Stitch Black Embroidered Icon,,,low,No match - likely cut,0.9446,-1,Cross Stitch K | Cross Stitch Z | Cross Stitch A | Cross Stitch E | Cross Stitch F | Cross Stitch R | Cross Stitch S | Cross Stitch G | Cross Stitch X | Cross Stitch P | Cross Stitch L | Cross Stitch Y
,z-cross-stitch-red-embroidered-icon,ICON-45923663053057,Z Cross Stitch Red Embroidered Icon,Cross Stitch Z,1BVWrq8fUWzvcnpR0Sjd7RsIC-jyZ8A-Z,high,High confidence,0.9433,1,Cross Stitch K | Cross Stitch Z | Cross Stitch A | Cross Stitch E | Cross Stitch F | Cross Stitch R | Cross Stitch S | Cross Stitch G | Cross Stitch X | Cross Stitch P | Cross Stitch Y | Cross Stitch L
