Handle,Title,Body (HTML),Vendor,Product Category,Type,Tags,Published,Option1 Name,Option1 Value,Option1 Linked To,Option2 Name,Option2 Value,Option2 Linked To,Option3 Name,Option3 Value,Option3 Linked To,Variant SKU,Variant Grams,Variant Inventory Tracker,Variant Inventory Policy,Variant Fulfillment Service,Variant Price,Variant Compare At Price,Variant Requires Shipping,Variant Taxable,Unit Price Total Measure,Unit Price Total Measure Unit,Unit Price Base Measure,Unit Price Base Measure Unit,Variant Barcode,Image Src,Image Position,Image Alt Text,Gift Card,SEO Title,SEO Description,Google Shopping / Google Product Category,Google Shopping / Gender,Google Shopping / Age Group,Google Shopping / MPN,Google Shopping / Condition,Google Shopping / Custom Product,Google Shopping / Custom Label 0,Google Shopping / Custom Label 1,Google Shopping / Custom Label 2,Google Shopping / Custom Label 3,Google Shopping / Custom Label 4,Badges (product.metafields.custom.badges),Base Product Cost (factory price)_NB (product.metafields.custom.base_product_cost_factory_price_nb),Base Product Name_NB (product.metafields.custom.base_product_name_nb),Base Product SKU_NB (product.metafields.custom.base_product_sku),Base Product Type_NB (product.metafields.custom.base_product_type_nb),Bundles (product.metafields.custom.bundle),Complexity Tier_NB (product.metafields.custom.complexity_tier_nb),Customisable Product (product.metafields.custom.customisable_product),Design Style (product.metafields.custom.design_style),Design Template Name_NB (product.metafields.custom.design_template_name_nb),Design Template Type_NB (product.metafields.custom.design_template_type_nb),Duty Rate_NB (product.metafields.custom.duty_rate_nb),Embroidery Base Cost_NB (product.metafields.custom.embroidery_base_cost_nb),Freight Cost_NB (product.metafields.custom.freight_cost_nb),Fulfillment / 3PL Fee_NB (product.metafields.custom.fulfillment_3pl_fee_nb),Gift Eligible (product.metafields.custom.gift_eligible),Occasion (product.metafields.custom.occasion),Overhead SKU - Wholesale (product.metafields.custom.overhead_sku_wholesale),Packaging Cost (Organza + poly)_NB (product.metafields.custom.packaging_cost_organza_poly_nb),Show Variant Colors? (product.metafields.custom.show_variant_colors),Tariff Rate_NB (product.metafields.custom.tariff_rate_nb),Theme (product.metafields.custom.theme),Google: Custom Product (product.metafields.mm-google-shopping.custom_product),SEO Hidden (product.metafields.seo.hidden),Accessory size (product.metafields.shopify.accessory-size),Age group (product.metafields.shopify.age-group),Bag/Case features (product.metafields.shopify.bag-case-features),Bag/Case material (product.metafields.shopify.bag-case-material),Bag/Case storage features (product.metafields.shopify.bag-case-storage-features),Barware material (product.metafields.shopify.barware-material),Bedding size (product.metafields.shopify.bedding-size),Candle container material (product.metafields.shopify.candle-container-material),Candle type (product.metafields.shopify.candle-type),Carry options (product.metafields.shopify.carry-options),Color (product.metafields.shopify.color-pattern),Cover color (product.metafields.shopify.cover-color),Decoration material (product.metafields.shopify.decoration-material),Dog toy type (product.metafields.shopify.dog-toy-type),Fabric (product.metafields.shopify.fabric),Flag shape (product.metafields.shopify.flag-shape),Headwear features (product.metafields.shopify.headwear-features),Mounting hardware (product.metafields.shopify.mounting-hardware),Neckline (product.metafields.shopify.neckline),Paper size (product.metafields.shopify.paper-size),Puzzle theme (product.metafields.shopify.puzzle-theme),Recommended age group (product.metafields.shopify.recommended-age-group),Season (product.metafields.shopify.season),Shape (product.metafields.shopify.shape),Size (product.metafields.shopify.size),Sleeve length type (product.metafields.shopify.sleeve-length-type),Target gender (product.metafields.shopify.target-gender),Theme (product.metafields.shopify.theme),Top length type (product.metafields.shopify.top-length-type),Toy/Game material (product.metafields.shopify.toy-game-material),Complementary products (product.metafields.shopify--discovery--product_recommendation.complementary_products),Related products (product.metafields.shopify--discovery--product_recommendation.related_products),Related products settings (product.metafields.shopify--discovery--product_recommendation.related_products_display),Search product boosts (product.metafields.shopify--discovery--product_search_boost.queries),Variant Image,Variant Weight Unit,Variant Tax Code,Cost per item,Included / United States,Price / United States,Compare At Price / United States,Included / International,Price / International,Compare At Price / International,Included / OB - Australia,Price / OB - Australia,Compare At Price / OB - Australia,Included / OB - Austria,Price / OB - Austria,Compare At Price / OB - Austria,Included / OB - Belgium,Price / OB - Belgium,Compare At Price / OB - Belgium,Included / OB - Bulgaria,Price / OB - Bulgaria,Compare At Price / OB - Bulgaria,Included / OB - Canada,Price / OB - Canada,Compare At Price / OB - Canada,Included / OB - Croatia,Price / OB - Croatia,Compare At Price / OB - Croatia,Included / OB - Cyprus,Price / OB - Cyprus,Compare At Price / OB - Cyprus,Included / OB - Czech Republic,Price / OB - Czech Republic,Compare At Price / OB - Czech Republic,Included / OB - Denmark,Price / OB - Denmark,Compare At Price / OB - Denmark,Included / OB - Estonia,Price / OB - Estonia,Compare At Price / OB - Estonia,Included / OB - Finland,Price / OB - Finland,Compare At Price / OB - Finland,Included / OB - France,Price / OB - France,Compare At Price / OB - France,Included / OB - Germany,Price / OB - Germany,Compare At Price / OB - Germany,Included / OB - Greece,Price / OB - Greece,Compare At Price / OB - Greece,Included / OB - Hungary,Price / OB - Hungary,Compare At Price / OB - Hungary,Included / OB - International,Price / OB - International,Compare At Price / OB - International,Included / OB - Ireland,Price / OB - Ireland,Compare At Price / OB - Ireland,Included / OB - Italy,Price / OB - Italy,Compare At Price / OB - Italy,Included / OB - Latvia,Price / OB - Latvia,Compare At Price / OB - Latvia,Included / OB - Lithuania,Price / OB - Lithuania,Compare At Price / OB - Lithuania,Included / OB - Luxembourg,Price / OB - Luxembourg,Compare At Price / OB - Luxembourg,Included / OB - Malta,Price / OB - Malta,Compare At Price / OB - Malta,Included / OB - Netherlands,Price / OB - Netherlands,Compare At Price / OB - Netherlands,Included / OB - Poland,Price / OB - Poland,Compare At Price / OB - Poland,Included / OB - Portugal,Price / OB - Portugal,Compare At Price / OB - Portugal,Included / OB - Romania,Price / OB - Romania,Compare At Price / OB - Romania,Included / OB - Slovakia,Price / OB - Slovakia,Compare At Price / OB - Slovakia,Included / OB - Slovenia,Price / OB - Slovenia,Compare At Price / OB - Slovenia,Included / OB - Spain,Price / OB - Spain,Compare At Price / OB - Spain,Included / OB - Sweden,Price / OB - Sweden,Compare At Price / OB - Sweden,Included / OB - UK,Price / OB - UK,Compare At Price / OB - UK,Included / US Retail,Price / US Retail,Compare At Price / US Retail,Status
diet-coke-embroidered-icon,Diet Coke Embroidered Icon,"",Abbode Embroidery Design,Product Add-Ons > Product Customization,Embroidery Design,"hidden, icon, import-bulk-001, instant_exclude, revoq-no-withdrawal, webster-live",true,Size,Small,,,,,,,,ICON-46943064719617,0.0,,deny,manual,24.00,,true,true,,,,,,https://cdn.shopify.com/s/files/1/0321/4956/9675/files/Diet_Coke_Soda_Can_2_in_3.png?v=1779835447,1,"",false,,,,,,,,,,,,,,,,,ICON-CU,,,,,,,,,,,,,,,,,,,,'1,,,,,,,,,,,,,,,,,,,,,,,,,,,,,,,,,,,,lb,,,false,,,false,,,false,,,false,,,false,,,false,,,false,,,false,,,false,,,false,,,false,,,false,,,false,,,false,,,false,,,false,,,false,,,false,,,false,,,false,,,false,,,false,,,false,,,false,,,false,,,false,,,false,,,false,,,false,,,false,,,false,,,false,,,false,,,false,,,active
diet-coke-embroidered-icon,,,,,,,,,Medium,,,,,,,,ICON-46943064752385,0.0,,deny,manual,24.00,,true,true,,,,,,,,,,,,,,,,,,,,,,,,,,,,,,,,,,,,,,,,,,,,,,,,,,,,,,,,,,,,,,,,,,,,,,,,,,,,,,,,,,lb,,,,,,,,,,,,,,,,,,,,,,,,,,,,,,,,,,,,,,,,,,,,,,,,,,,,,,,,,,,,,,,,,,,,,,,,,,,,,,,,,,,,,,,,,,,,,,,,,,,,,,,,,
diet-coke-embroidered-icon,,,,,,,,,Large,,,,,,,,ICON-46943064785153,0.0,,deny,manual,48.00,,true,true,,,,,,,,,,,,,,,,,,,,,,,,,,,,,,,,,,,,,,,,,,,,,,,,,,,,,,,,,,,,,,,,,,,,,,,,,,,,,,,,,,lb,,,,,,,,,,,,,,,,,,,,,,,,,,,,,,,,,,,,,,,,,,,,,,,,,,,,,,,,,,,,,,,,,,,,,,,,,,,,,,,,,,,,,,,,,,,,,,,,,,,,,,,,,
matcha-embroidered-icon,Matcha Embroidered Icon,"",Abbode Embroidery Design,Product Add-Ons > Product Customization,Embroidery Design,"hidden, icon, import-bulk-001, instant_exclude, revoq-no-withdrawal, webster-live",true,Size,Small,,,,,,,,ICON-46919650410753,0.0,,deny,manual,24.00,,true,true,,,,,,https://cdn.shopify.com/s/files/1/0321/4956/9675/files/Matcha_150_1.png?v=1779835447,1,"",false,,,,,,,,,,,,,,,,,ICON-CU,,,,,,,,,,,,,,,,,,,,'1,,,,,,,,,,,,,,,,,,,,,,,,,,,,,,,,,,,,lb,,,false,,,false,,,false,,,false,,,false,,,false,,,false,,,false,,,false,,,false,,,false,,,false,,,false,,,false,,,false,,,false,,,false,,,false,,,false,,,false,,,false,,,false,,,false,,,false,,,false,,,false,,,false,,,false,,,false,,,false,,,false,,,false,,,false,,,false,,,active
matcha-embroidered-icon,,,,,,,,,Medium,,,,,,,,ICON-46919650443521,0.0,,deny,manual,24.00,,true,true,,,,,,,,,,,,,,,,,,,,,,,,,,,,,,,,,,,,,,,,,,,,,,,,,,,,,,,,,,,,,,,,,,,,,,,,,,,,,,,,,,lb,,,,,,,,,,,,,,,,,,,,,,,,,,,,,,,,,,,,,,,,,,,,,,,,,,,,,,,,,,,,,,,,,,,,,,,,,,,,,,,,,,,,,,,,,,,,,,,,,,,,,,,,,
matcha-embroidered-icon,,,,,,,,,Large,,,,,,,,ICON-46919650476289,0.0,,deny,manual,48.00,,true,true,,,,,,,,,,,,,,,,,,,,,,,,,,,,,,,,,,,,,,,,,,,,,,,,,,,,,,,,,,,,,,,,,,,,,,,,,,,,,,,,,,lb,,,,,,,,,,,,,,,,,,,,,,,,,,,,,,,,,,,,,,,,,,,,,,,,,,,,,,,,,,,,,,,,,,,,,,,,,,,,,,,,,,,,,,,,,,,,,,,,,,,,,,,,,
spicy-marg-embroidered-icon,Spicy Marg Embroidered Icon,"",Abbode Embroidery Design,Product Add-Ons > Product Customization,Embroidery Design,"hidden, icon, import-bulk-001, instant_exclude, revoq-no-withdrawal, webster-live",true,Size,Small,,,,,,,,ICON-46919490076929,0.0,,deny,manual,24.00,,true,true,,,,,,https://cdn.shopify.com/s/files/1/0321/4956/9675/files/Spicy_Marg_1.png?v=1779835447,1,"",false,,,,,,,,,,,,,,,,,ICON-CU,,,,,,,,,,,,,,,,,,,,'1,,,,,,,,,,,,,,,,,,,,,,,,,,,,,,,,,,,,lb,,,false,,,false,,,false,,,false,,,false,,,false,,,false,,,false,,,false,,,false,,,false,,,false,,,false,,,false,,,false,,,false,,,false,,,false,,,false,,,false,,,false,,,false,,,false,,,false,,,false,,,false,,,false,,,false,,,false,,,false,,,false,,,false,,,false,,,false,,,active
spicy-marg-embroidered-icon,,,,,,,,,Medium,,,,,,,,ICON-46919490109697,0.0,,deny,manual,24.00,,true,true,,,,,,,,,,,,,,,,,,,,,,,,,,,,,,,,,,,,,,,,,,,,,,,,,,,,,,,,,,,,,,,,,,,,,,,,,,,,,,,,,,lb,,,,,,,,,,,,,,,,,,,,,,,,,,,,,,,,,,,,,,,,,,,,,,,,,,,,,,,,,,,,,,,,,,,,,,,,,,,,,,,,,,,,,,,,,,,,,,,,,,,,,,,,,
spicy-marg-embroidered-icon,,,,,,,,,Large,,,,,,,,ICON-46919490142465,0.0,,deny,manual,48.00,,true,true,,,,,,,,,,,,,,,,,,,,,,,,,,,,,,,,,,,,,,,,,,,,,,,,,,,,,,,,,,,,,,,,,,,,,,,,,,,,,,,,,,lb,,,,,,,,,,,,,,,,,,,,,,,,,,,,,,,,,,,,,,,,,,,,,,,,,,,,,,,,,,,,,,,,,,,,,,,,,,,,,,,,,,,,,,,,,,,,,,,,,,,,,,,,,
wreath-embroidered-icon,Wreath Embroidered Icon,"",Abbode Embroidery Design,Product Add-Ons > Product Customization,Embroidery Design,"hidden, icon, import-bulk-001, instant_exclude, revoq-no-withdrawal, webster-live",true,Size,Small,,,,,,,,ICON-46892781338881,0.0,,deny,manual,24.00,,true,true,,,,,,https://cdn.shopify.com/s/files/1/0321/4956/9675/files/Wreath_3b0cd726-26a5-4633-af2f-cd523cc3f3d6.png?v=1779836046,1,"",false,,,,,,,,,,,,,,,,,ICON-CU,,,,,,,,,,,,,,,,,,,,'1,,,,,,,,,,,,,,,,,,,,,,,,,,,,,,,,,,,,lb,,,false,,,false,,,false,,,false,,,false,,,false,,,false,,,false,,,false,,,false,,,false,,,false,,,false,,,false,,,false,,,false,,,false,,,false,,,false,,,false,,,false,,,false,,,false,,,false,,,false,,,false,,,false,,,false,,,false,,,false,,,false,,,false,,,false,,,false,,,active
wreath-embroidered-icon,,,,,,,,,Medium,,,,,,,,ICON-46892781371649,0.0,,deny,manual,24.00,,true,true,,,,,,,,,,,,,,,,,,,,,,,,,,,,,,,,,,,,,,,,,,,,,,,,,,,,,,,,,,,,,,,,,,,,,,,,,,,,,,,,,,lb,,,,,,,,,,,,,,,,,,,,,,,,,,,,,,,,,,,,,,,,,,,,,,,,,,,,,,,,,,,,,,,,,,,,,,,,,,,,,,,,,,,,,,,,,,,,,,,,,,,,,,,,,
wreath-embroidered-icon,,,,,,,,,Large,,,,,,,,ICON-46892781404417,0.0,,deny,manual,48.00,,true,true,,,,,,,,,,,,,,,,,,,,,,,,,,,,,,,,,,,,,,,,,,,,,,,,,,,,,,,,,,,,,,,,,,,,,,,,,,,,,,,,,,lb,,,,,,,,,,,,,,,,,,,,,,,,,,,,,,,,,,,,,,,,,,,,,,,,,,,,,,,,,,,,,,,,,,,,,,,,,,,,,,,,,,,,,,,,,,,,,,,,,,,,,,,,,
winter-hat-embroidered-icon,Winter Hat Embroidered Icon,"",Abbode Embroidery Design,Product Add-Ons > Product Customization,Embroidery Design,"hidden, icon, import-bulk-001, instant_exclude, revoq-no-withdrawal, webster-live",true,Size,Small,,,,,,,,ICON-46892781207809,0.0,,deny,manual,24.00,,true,true,,,,,,https://cdn.shopify.com/s/files/1/0321/4956/9675/files/Winter_Hat_26ea86ab-db02-485f-9aad-bda43ebb5b16.png?v=1779836046,1,"",false,,,,,,,,,,,,,,,,,ICON-CU,,,,,,,,,,,,,,,,,,,,'1,,,,,,,,,,,,,,,,,,,,,,,,,,,,,,,,,,,,lb,,,false,,,false,,,false,,,false,,,false,,,false,,,false,,,false,,,false,,,false,,,false,,,false,,,false,,,false,,,false,,,false,,,false,,,false,,,false,,,false,,,false,,,false,,,false,,,false,,,false,,,false,,,false,,,false,,,false,,,false,,,false,,,false,,,false,,,false,,,active
winter-hat-embroidered-icon,,,,,,,,,Medium,,,,,,,,ICON-46892781240577,0.0,,deny,manual,24.00,,true,true,,,,,,,,,,,,,,,,,,,,,,,,,,,,,,,,,,,,,,,,,,,,,,,,,,,,,,,,,,,,,,,,,,,,,,,,,,,,,,,,,,lb,,,,,,,,,,,,,,,,,,,,,,,,,,,,,,,,,,,,,,,,,,,,,,,,,,,,,,,,,,,,,,,,,,,,,,,,,,,,,,,,,,,,,,,,,,,,,,,,,,,,,,,,,
winter-hat-embroidered-icon,,,,,,,,,Large,,,,,,,,ICON-46892781273345,0.0,,deny,manual,48.00,,true,true,,,,,,,,,,,,,,,,,,,,,,,,,,,,,,,,,,,,,,,,,,,,,,,,,,,,,,,,,,,,,,,,,,,,,,,,,,,,,,,,,,lb,,,,,,,,,,,,,,,,,,,,,,,,,,,,,,,,,,,,,,,,,,,,,,,,,,,,,,,,,,,,,,,,,,,,,,,,,,,,,,,,,,,,,,,,,,,,,,,,,,,,,,,,,
usa-skis-embroidered-icon,Usa Skis Embroidered Icon,"",Abbode Embroidery Design,Product Add-Ons > Product Customization,Embroidery Design,"hidden, icon, import-bulk-001, instant_exclude, revoq-no-withdrawal, webster-live",true,Size,Small,,,,,,,,ICON-46892781076737,0.0,,deny,manual,24.00,,true,true,,,,,,https://cdn.shopify.com/s/files/1/0321/4956/9675/files/USA_Skis_5d68f344-a504-493a-82ee-e18930b54b50.png?v=1779836047,1,"",false,,,,,,,,,,,,,,,,,ICON-CU,,,,,,,,,,,,,,,,,,,,'1,,,,,,,,,,,,,,,,,,,,,,,,,,,,,,,,,,,,lb,,,false,,,false,,,false,,,false,,,false,,,false,,,false,,,false,,,false,,,false,,,false,,,false,,,false,,,false,,,false,,,false,,,false,,,false,,,false,,,false,,,false,,,false,,,false,,,false,,,false,,,false,,,false,,,false,,,false,,,false,,,false,,,false,,,false,,,false,,,active
usa-skis-embroidered-icon,,,,,,,,,Medium,,,,,,,,ICON-46892781109505,0.0,,deny,manual,24.00,,true,true,,,,,,,,,,,,,,,,,,,,,,,,,,,,,,,,,,,,,,,,,,,,,,,,,,,,,,,,,,,,,,,,,,,,,,,,,,,,,,,,,,lb,,,,,,,,,,,,,,,,,,,,,,,,,,,,,,,,,,,,,,,,,,,,,,,,,,,,,,,,,,,,,,,,,,,,,,,,,,,,,,,,,,,,,,,,,,,,,,,,,,,,,,,,,
usa-skis-embroidered-icon,,,,,,,,,Large,,,,,,,,ICON-46892781142273,0.0,,deny,manual,48.00,,true,true,,,,,,,,,,,,,,,,,,,,,,,,,,,,,,,,,,,,,,,,,,,,,,,,,,,,,,,,,,,,,,,,,,,,,,,,,,,,,,,,,,lb,,,,,,,,,,,,,,,,,,,,,,,,,,,,,,,,,,,,,,,,,,,,,,,,,,,,,,,,,,,,,,,,,,,,,,,,,,,,,,,,,,,,,,,,,,,,,,,,,,,,,,,,,
ugg-boots-embroidered-icon,Ugg Boots Embroidered Icon,"",Abbode Embroidery Design,Product Add-Ons > Product Customization,Embroidery Design,"hidden, icon, import-bulk-001, instant_exclude, revoq-no-withdrawal, webster-live",true,Size,Small,,,,,,,,ICON-46892780683521,0.0,,deny,manual,24.00,,true,true,,,,,,https://cdn.shopify.com/s/files/1/0321/4956/9675/files/Ugg_Boots_6e9300c7-458e-403e-a7e8-3c2be3dd7673.png?v=1779836046,1,"",false,,,,,,,,,,,,,,,,,ICON-CU,,,,,,,,,,,,,,,,,,,,'1,,,,,,,,,,,,,,,,,,,,,,,,,,,,,,,,,,,,lb,,,false,,,false,,,false,,,false,,,false,,,false,,,false,,,false,,,false,,,false,,,false,,,false,,,false,,,false,,,false,,,false,,,false,,,false,,,false,,,false,,,false,,,false,,,false,,,false,,,false,,,false,,,false,,,false,,,false,,,false,,,false,,,false,,,false,,,false,,,active
ugg-boots-embroidered-icon,,,,,,,,,Medium,,,,,,,,ICON-46892780716289,0.0,,deny,manual,24.00,,true,true,,,,,,,,,,,,,,,,,,,,,,,,,,,,,,,,,,,,,,,,,,,,,,,,,,,,,,,,,,,,,,,,,,,,,,,,,,,,,,,,,,lb,,,,,,,,,,,,,,,,,,,,,,,,,,,,,,,,,,,,,,,,,,,,,,,,,,,,,,,,,,,,,,,,,,,,,,,,,,,,,,,,,,,,,,,,,,,,,,,,,,,,,,,,,
ugg-boots-embroidered-icon,,,,,,,,,Large,,,,,,,,ICON-46892780749057,0.0,,deny,manual,48.00,,true,true,,,,,,,,,,,,,,,,,,,,,,,,,,,,,,,,,,,,,,,,,,,,,,,,,,,,,,,,,,,,,,,,,,,,,,,,,,,,,,,,,,lb,,,,,,,,,,,,,,,,,,,,,,,,,,,,,,,,,,,,,,,,,,,,,,,,,,,,,,,,,,,,,,,,,,,,,,,,,,,,,,,,,,,,,,,,,,,,,,,,,,,,,,,,,
tree-taxi-embroidered-icon,Tree Taxi Embroidered Icon,"",Abbode Embroidery Design,Product Add-Ons > Product Customization,Embroidery Design,"hidden, icon, import-bulk-001, instant_exclude, revoq-no-withdrawal, webster-live",true,Size,Small,,,,,,,,ICON-46892780552449,0.0,,deny,manual,24.00,,true,true,,,,,,https://cdn.shopify.com/s/files/1/0321/4956/9675/files/Tree_Taxi_e6805c96-80f4-40a3-9045-172b0ae1a4a5.png?v=1779836046,1,"",false,,,,,,,,,,,,,,,,,ICON-CU,,,,,,,,,,,,,,,,,,,,'1,,,,,,,,,,,,,,,,,,,,,,,,,,,,,,,,,,,,lb,,,false,,,false,,,false,,,false,,,false,,,false,,,false,,,false,,,false,,,false,,,false,,,false,,,false,,,false,,,false,,,false,,,false,,,false,,,false,,,false,,,false,,,false,,,false,,,false,,,false,,,false,,,false,,,false,,,false,,,false,,,false,,,false,,,false,,,false,,,active
tree-taxi-embroidered-icon,,,,,,,,,Medium,,,,,,,,ICON-46892780585217,0.0,,deny,manual,24.00,,true,true,,,,,,,,,,,,,,,,,,,,,,,,,,,,,,,,,,,,,,,,,,,,,,,,,,,,,,,,,,,,,,,,,,,,,,,,,,,,,,,,,,lb,,,,,,,,,,,,,,,,,,,,,,,,,,,,,,,,,,,,,,,,,,,,,,,,,,,,,,,,,,,,,,,,,,,,,,,,,,,,,,,,,,,,,,,,,,,,,,,,,,,,,,,,,
tree-taxi-embroidered-icon,,,,,,,,,Large,,,,,,,,ICON-46892780617985,0.0,,deny,manual,48.00,,true,true,,,,,,,,,,,,,,,,,,,,,,,,,,,,,,,,,,,,,,,,,,,,,,,,,,,,,,,,,,,,,,,,,,,,,,,,,,,,,,,,,,lb,,,,,,,,,,,,,,,,,,,,,,,,,,,,,,,,,,,,,,,,,,,,,,,,,,,,,,,,,,,,,,,,,,,,,,,,,,,,,,,,,,,,,,,,,,,,,,,,,,,,,,,,,
taxi-snowglobe-embroidered-icon,Taxi Snowglobe Embroidered Icon,"",Abbode Embroidery Design,Product Add-Ons > Product Customization,Embroidery Design,"hidden, icon, import-bulk-001, instant_exclude, revoq-no-withdrawal, webster-live",true,Size,Small,,,,,,,,ICON-46892780388609,0.0,,deny,manual,24.00,,true,true,,,,,,https://cdn.shopify.com/s/files/1/0321/4956/9675/files/Taxi_Snowglobe_261fc097-55a1-4ac7-a8a0-a10adebea636.png?v=1779836046,1,"",false,,,,,,,,,,,,,,,,,ICON-CU,,,,,,,,,,,,,,,,,,,,'1,,,,,,,,,,,,,,,,,,,,,,,,,,,,,,,,,,,,lb,,,false,,,false,,,false,,,false,,,false,,,false,,,false,,,false,,,false,,,false,,,false,,,false,,,false,,,false,,,false,,,false,,,false,,,false,,,false,,,false,,,false,,,false,,,false,,,false,,,false,,,false,,,false,,,false,,,false,,,false,,,false,,,false,,,false,,,false,,,active
taxi-snowglobe-embroidered-icon,,,,,,,,,Medium,,,,,,,,ICON-46892780421377,0.0,,deny,manual,24.00,,true,true,,,,,,,,,,,,,,,,,,,,,,,,,,,,,,,,,,,,,,,,,,,,,,,,,,,,,,,,,,,,,,,,,,,,,,,,,,,,,,,,,,lb,,,,,,,,,,,,,,,,,,,,,,,,,,,,,,,,,,,,,,,,,,,,,,,,,,,,,,,,,,,,,,,,,,,,,,,,,,,,,,,,,,,,,,,,,,,,,,,,,,,,,,,,,
taxi-snowglobe-embroidered-icon,,,,,,,,,Large,,,,,,,,ICON-46892780454145,0.0,,deny,manual,48.00,,true,true,,,,,,,,,,,,,,,,,,,,,,,,,,,,,,,,,,,,,,,,,,,,,,,,,,,,,,,,,,,,,,,,,,,,,,,,,,,,,,,,,,lb,,,,,,,,,,,,,,,,,,,,,,,,,,,,,,,,,,,,,,,,,,,,,,,,,,,,,,,,,,,,,,,,,,,,,,,,,,,,,,,,,,,,,,,,,,,,,,,,,,,,,,,,,
stocking-embroidered-icon,Stocking Embroidered Icon,"",Abbode Embroidery Design,Product Add-Ons > Product Customization,Embroidery Design,"hidden, icon, import-bulk-001, instant_exclude, revoq-no-withdrawal, webster-live",true,Size,Small,,,,,,,,ICON-46892779766017,0.0,,deny,manual,24.00,,true,true,,,,,,https://cdn.shopify.com/s/files/1/0321/4956/9675/files/Stocking_12a4da41-2fb7-4491-b5bb-1062fb6c530a.png?v=1779836046,1,"",false,,,,,,,,,,,,,,,,,ICON-CU,,,,,,,,,,,,,,,,,,,,'1,,,,,,,,,,,,,,,,,,,,,,,,,,,,,,,,,,,,lb,,,false,,,false,,,false,,,false,,,false,,,false,,,false,,,false,,,false,,,false,,,false,,,false,,,false,,,false,,,false,,,false,,,false,,,false,,,false,,,false,,,false,,,false,,,false,,,false,,,false,,,false,,,false,,,false,,,false,,,false,,,false,,,false,,,false,,,false,,,active
stocking-embroidered-icon,,,,,,,,,Medium,,,,,,,,ICON-46892779798785,0.0,,deny,manual,24.00,,true,true,,,,,,,,,,,,,,,,,,,,,,,,,,,,,,,,,,,,,,,,,,,,,,,,,,,,,,,,,,,,,,,,,,,,,,,,,,,,,,,,,,lb,,,,,,,,,,,,,,,,,,,,,,,,,,,,,,,,,,,,,,,,,,,,,,,,,,,,,,,,,,,,,,,,,,,,,,,,,,,,,,,,,,,,,,,,,,,,,,,,,,,,,,,,,
stocking-embroidered-icon,,,,,,,,,Large,,,,,,,,ICON-46892779831553,0.0,,deny,manual,48.00,,true,true,,,,,,,,,,,,,,,,,,,,,,,,,,,,,,,,,,,,,,,,,,,,,,,,,,,,,,,,,,,,,,,,,,,,,,,,,,,,,,,,,,lb,,,,,,,,,,,,,,,,,,,,,,,,,,,,,,,,,,,,,,,,,,,,,,,,,,,,,,,,,,,,,,,,,,,,,,,,,,,,,,,,,,,,,,,,,,,,,,,,,,,,,,,,,
snowflake-embroidered-icon,Snowflake Embroidered Icon,"",Abbode Embroidery Design,Product Add-Ons > Product Customization,Embroidery Design,"hidden, icon, import-bulk-001, instant_exclude, revoq-no-withdrawal, webster-live",true,Size,Small,,,,,,,,ICON-46892779667713,0.0,,deny,manual,24.00,,true,true,,,,,,https://cdn.shopify.com/s/files/1/0321/4956/9675/files/Snowflake_bb828617-d7a3-4bfc-822e-7cbe4945b5e7.png?v=1779836046,1,"",false,,,,,,,,,,,,,,,,,ICON-CU,,,,,,,,,,,,,,,,,,,,'1,,,,,,,,,,,,,,,,,,,,,,,,,,,,,,,,,,,,lb,,,false,,,false,,,false,,,false,,,false,,,false,,,false,,,false,,,false,,,false,,,false,,,false,,,false,,,false,,,false,,,false,,,false,,,false,,,false,,,false,,,false,,,false,,,false,,,false,,,false,,,false,,,false,,,false,,,false,,,false,,,false,,,false,,,false,,,false,,,active
snowflake-embroidered-icon,,,,,,,,,Medium,,,,,,,,ICON-46892779700481,0.0,,deny,manual,24.00,,true,true,,,,,,,,,,,,,,,,,,,,,,,,,,,,,,,,,,,,,,,,,,,,,,,,,,,,,,,,,,,,,,,,,,,,,,,,,,,,,,,,,,lb,,,,,,,,,,,,,,,,,,,,,,,,,,,,,,,,,,,,,,,,,,,,,,,,,,,,,,,,,,,,,,,,,,,,,,,,,,,,,,,,,,,,,,,,,,,,,,,,,,,,,,,,,
snowflake-embroidered-icon,,,,,,,,,Large,,,,,,,,ICON-46892779733249,0.0,,deny,manual,48.00,,true,true,,,,,,,,,,,,,,,,,,,,,,,,,,,,,,,,,,,,,,,,,,,,,,,,,,,,,,,,,,,,,,,,,,,,,,,,,,,,,,,,,,lb,,,,,,,,,,,,,,,,,,,,,,,,,,,,,,,,,,,,,,,,,,,,,,,,,,,,,,,,,,,,,,,,,,,,,,,,,,,,,,,,,,,,,,,,,,,,,,,,,,,,,,,,,
skis-embroidered-icon,Skis Embroidered Icon,"",Abbode Embroidery Design,Product Add-Ons > Product Customization,Embroidery Design,"hidden, icon, import-bulk-001, instant_exclude, revoq-no-withdrawal, webster-live",true,Size,Small,,,,,,,,ICON-46892779536641,0.0,,deny,manual,24.00,,true,true,,,,,,https://cdn.shopify.com/s/files/1/0321/4956/9675/files/Skis_251d808a-e416-48f2-bf91-04b92fe33cee.png?v=1779836046,1,"",false,,,,,,,,,,,,,,,,,ICON-CU,,,,,,,,,,,,,,,,,,,,'1,,,,,,,,,,,,,,,,,,,,,,,,,,,,,,,,,,,,lb,,,false,,,false,,,false,,,false,,,false,,,false,,,false,,,false,,,false,,,false,,,false,,,false,,,false,,,false,,,false,,,false,,,false,,,false,,,false,,,false,,,false,,,false,,,false,,,false,,,false,,,false,,,false,,,false,,,false,,,false,,,false,,,false,,,false,,,false,,,active
skis-embroidered-icon,,,,,,,,,Medium,,,,,,,,ICON-46892779569409,0.0,,deny,manual,24.00,,true,true,,,,,,,,,,,,,,,,,,,,,,,,,,,,,,,,,,,,,,,,,,,,,,,,,,,,,,,,,,,,,,,,,,,,,,,,,,,,,,,,,,lb,,,,,,,,,,,,,,,,,,,,,,,,,,,,,,,,,,,,,,,,,,,,,,,,,,,,,,,,,,,,,,,,,,,,,,,,,,,,,,,,,,,,,,,,,,,,,,,,,,,,,,,,,
skis-embroidered-icon,,,,,,,,,Large,,,,,,,,ICON-46892779602177,0.0,,deny,manual,48.00,,true,true,,,,,,,,,,,,,,,,,,,,,,,,,,,,,,,,,,,,,,,,,,,,,,,,,,,,,,,,,,,,,,,,,,,,,,,,,,,,,,,,,,lb,,,,,,,,,,,,,,,,,,,,,,,,,,,,,,,,,,,,,,,,,,,,,,,,,,,,,,,,,,,,,,,,,,,,,,,,,,,,,,,,,,,,,,,,,,,,,,,,,,,,,,,,,
skier-embroidered-icon,Skier Embroidered Icon,"",Abbode Embroidery Design,Product Add-Ons > Product Customization,Embroidery Design,"hidden, icon, import-bulk-001, instant_exclude, revoq-no-withdrawal, webster-live",true,Size,Small,,,,,,,,ICON-46892779405569,0.0,,deny,manual,24.00,,true,true,,,,,,https://cdn.shopify.com/s/files/1/0321/4956/9675/files/Skier_8b3d41af-9a22-45f2-9467-a06480d52b07.png?v=1779836046,1,"",false,,,,,,,,,,,,,,,,,ICON-CU,,,,,,,,,,,,,,,,,,,,'1,,,,,,,,,,,,,,,,,,,,,,,,,,,,,,,,,,,,lb,,,false,,,false,,,false,,,false,,,false,,,false,,,false,,,false,,,false,,,false,,,false,,,false,,,false,,,false,,,false,,,false,,,false,,,false,,,false,,,false,,,false,,,false,,,false,,,false,,,false,,,false,,,false,,,false,,,false,,,false,,,false,,,false,,,false,,,false,,,active
skier-embroidered-icon,,,,,,,,,Medium,,,,,,,,ICON-46892779438337,0.0,,deny,manual,24.00,,true,true,,,,,,,,,,,,,,,,,,,,,,,,,,,,,,,,,,,,,,,,,,,,,,,,,,,,,,,,,,,,,,,,,,,,,,,,,,,,,,,,,,lb,,,,,,,,,,,,,,,,,,,,,,,,,,,,,,,,,,,,,,,,,,,,,,,,,,,,,,,,,,,,,,,,,,,,,,,,,,,,,,,,,,,,,,,,,,,,,,,,,,,,,,,,,
skier-embroidered-icon,,,,,,,,,Large,,,,,,,,ICON-46892779471105,0.0,,deny,manual,48.00,,true,true,,,,,,,,,,,,,,,,,,,,,,,,,,,,,,,,,,,,,,,,,,,,,,,,,,,,,,,,,,,,,,,,,,,,,,,,,,,,,,,,,,lb,,,,,,,,,,,,,,,,,,,,,,,,,,,,,,,,,,,,,,,,,,,,,,,,,,,,,,,,,,,,,,,,,,,,,,,,,,,,,,,,,,,,,,,,,,,,,,,,,,,,,,,,,
ski-pass-embroidered-icon,Ski Pass Embroidered Icon,"",Abbode Embroidery Design,Product Add-Ons > Product Customization,Embroidery Design,"hidden, icon, import-bulk-001, instant_exclude, revoq-no-withdrawal, webster-live",true,Size,Small,,,,,,,,ICON-46892779045121,0.0,,deny,manual,24.00,,true,true,,,,,,https://cdn.shopify.com/s/files/1/0321/4956/9675/files/Ski_Pass_3bf898f2-4002-45f4-8322-d9f68a11dd78.png?v=1779836046,1,"",false,,,,,,,,,,,,,,,,,ICON-CU,,,,,,,,,,,,,,,,,,,,'1,,,,,,,,,,,,,,,,,,,,,,,,,,,,,,,,,,,,lb,,,false,,,false,,,false,,,false,,,false,,,false,,,false,,,false,,,false,,,false,,,false,,,false,,,false,,,false,,,false,,,false,,,false,,,false,,,false,,,false,,,false,,,false,,,false,,,false,,,false,,,false,,,false,,,false,,,false,,,false,,,false,,,false,,,false,,,false,,,active
ski-pass-embroidered-icon,,,,,,,,,Medium,,,,,,,,ICON-46892779077889,0.0,,deny,manual,24.00,,true,true,,,,,,,,,,,,,,,,,,,,,,,,,,,,,,,,,,,,,,,,,,,,,,,,,,,,,,,,,,,,,,,,,,,,,,,,,,,,,,,,,,lb,,,,,,,,,,,,,,,,,,,,,,,,,,,,,,,,,,,,,,,,,,,,,,,,,,,,,,,,,,,,,,,,,,,,,,,,,,,,,,,,,,,,,,,,,,,,,,,,,,,,,,,,,
ski-pass-embroidered-icon,,,,,,,,,Large,,,,,,,,ICON-46892779110657,0.0,,deny,manual,48.00,,true,true,,,,,,,,,,,,,,,,,,,,,,,,,,,,,,,,,,,,,,,,,,,,,,,,,,,,,,,,,,,,,,,,,,,,,,,,,,,,,,,,,,lb,,,,,,,,,,,,,,,,,,,,,,,,,,,,,,,,,,,,,,,,,,,,,,,,,,,,,,,,,,,,,,,,,,,,,,,,,,,,,,,,,,,,,,,,,,,,,,,,,,,,,,,,,
ski-lift-embroidered-icon,Ski Lift Embroidered Icon,"",Abbode Embroidery Design,Product Add-Ons > Product Customization,Embroidery Design,"hidden, icon, import-bulk-001, instant_exclude, revoq-no-withdrawal, webster-live",true,Size,Small,,,,,,,,ICON-46892778848513,0.0,,deny,manual,24.00,,true,true,,,,,,https://cdn.shopify.com/s/files/1/0321/4956/9675/files/Ski_Lift_988b93dc-2bd7-4548-9497-05e308a62512.png?v=1779836046,1,"",false,,,,,,,,,,,,,,,,,ICON-CU,,,,,,,,,,,,,,,,,,,,'1,,,,,,,,,,,,,,,,,,,,,,,,,,,,,,,,,,,,lb,,,false,,,false,,,false,,,false,,,false,,,false,,,false,,,false,,,false,,,false,,,false,,,false,,,false,,,false,,,false,,,false,,,false,,,false,,,false,,,false,,,false,,,false,,,false,,,false,,,false,,,false,,,false,,,false,,,false,,,false,,,false,,,false,,,false,,,false,,,active
ski-lift-embroidered-icon,,,,,,,,,Medium,,,,,,,,ICON-46892778881281,0.0,,deny,manual,24.00,,true,true,,,,,,,,,,,,,,,,,,,,,,,,,,,,,,,,,,,,,,,,,,,,,,,,,,,,,,,,,,,,,,,,,,,,,,,,,,,,,,,,,,lb,,,,,,,,,,,,,,,,,,,,,,,,,,,,,,,,,,,,,,,,,,,,,,,,,,,,,,,,,,,,,,,,,,,,,,,,,,,,,,,,,,,,,,,,,,,,,,,,,,,,,,,,,
ski-lift-embroidered-icon,,,,,,,,,Large,,,,,,,,ICON-46892778914049,0.0,,deny,manual,48.00,,true,true,,,,,,,,,,,,,,,,,,,,,,,,,,,,,,,,,,,,,,,,,,,,,,,,,,,,,,,,,,,,,,,,,,,,,,,,,,,,,,,,,,lb,,,,,,,,,,,,,,,,,,,,,,,,,,,,,,,,,,,,,,,,,,,,,,,,,,,,,,,,,,,,,,,,,,,,,,,,,,,,,,,,,,,,,,,,,,,,,,,,,,,,,,,,,
ski-gondola-embroidered-icon,Ski Gondola Embroidered Icon,"",Abbode Embroidery Design,Product Add-Ons > Product Customization,Embroidery Design,"hidden, icon, import-bulk-001, instant_exclude, revoq-no-withdrawal, webster-live",true,Size,Small,,,,,,,,ICON-46892778717441,0.0,,deny,manual,24.00,,true,true,,,,,,https://cdn.shopify.com/s/files/1/0321/4956/9675/files/Ski_Gondola_cad3254f-46a5-47d6-8427-289f980362aa.png?v=1779836047,1,"",false,,,,,,,,,,,,,,,,,ICON-CU,,,,,,,,,,,,,,,,,,,,'1,,,,,,,,,,,,,,,,,,,,,,,,,,,,,,,,,,,,lb,,,false,,,false,,,false,,,false,,,false,,,false,,,false,,,false,,,false,,,false,,,false,,,false,,,false,,,false,,,false,,,false,,,false,,,false,,,false,,,false,,,false,,,false,,,false,,,false,,,false,,,false,,,false,,,false,,,false,,,false,,,false,,,false,,,false,,,false,,,active
ski-gondola-embroidered-icon,,,,,,,,,Medium,,,,,,,,ICON-46892778750209,0.0,,deny,manual,24.00,,true,true,,,,,,,,,,,,,,,,,,,,,,,,,,,,,,,,,,,,,,,,,,,,,,,,,,,,,,,,,,,,,,,,,,,,,,,,,,,,,,,,,,lb,,,,,,,,,,,,,,,,,,,,,,,,,,,,,,,,,,,,,,,,,,,,,,,,,,,,,,,,,,,,,,,,,,,,,,,,,,,,,,,,,,,,,,,,,,,,,,,,,,,,,,,,,
ski-gondola-embroidered-icon,,,,,,,,,Large,,,,,,,,ICON-46892778782977,0.0,,deny,manual,48.00,,true,true,,,,,,,,,,,,,,,,,,,,,,,,,,,,,,,,,,,,,,,,,,,,,,,,,,,,,,,,,,,,,,,,,,,,,,,,,,,,,,,,,,lb,,,,,,,,,,,,,,,,,,,,,,,,,,,,,,,,,,,,,,,,,,,,,,,,,,,,,,,,,,,,,,,,,,,,,,,,,,,,,,,,,,,,,,,,,,,,,,,,,,,,,,,,,
ski-goggles-embroidered-icon,Ski Goggles Embroidered Icon,"",Abbode Embroidery Design,Product Add-Ons > Product Customization,Embroidery Design,"hidden, icon, import-bulk-001, instant_exclude, revoq-no-withdrawal, webster-live",true,Size,Small,,,,,,,,ICON-46892778520833,0.0,,deny,manual,24.00,,true,true,,,,,,https://cdn.shopify.com/s/files/1/0321/4956/9675/files/Ski_Goggles_e3070592-1487-416b-af67-697de702bdb3.png?v=1779836046,1,"",false,,,,,,,,,,,,,,,,,ICON-CU,,,,,,,,,,,,,,,,,,,,'1,,,,,,,,,,,,,,,,,,,,,,,,,,,,,,,,,,,,lb,,,false,,,false,,,false,,,false,,,false,,,false,,,false,,,false,,,false,,,false,,,false,,,false,,,false,,,false,,,false,,,false,,,false,,,false,,,false,,,false,,,false,,,false,,,false,,,false,,,false,,,false,,,false,,,false,,,false,,,false,,,false,,,false,,,false,,,false,,,active
ski-goggles-embroidered-icon,,,,,,,,,Medium,,,,,,,,ICON-46892778553601,0.0,,deny,manual,24.00,,true,true,,,,,,,,,,,,,,,,,,,,,,,,,,,,,,,,,,,,,,,,,,,,,,,,,,,,,,,,,,,,,,,,,,,,,,,,,,,,,,,,,,lb,,,,,,,,,,,,,,,,,,,,,,,,,,,,,,,,,,,,,,,,,,,,,,,,,,,,,,,,,,,,,,,,,,,,,,,,,,,,,,,,,,,,,,,,,,,,,,,,,,,,,,,,,
ski-goggles-embroidered-icon,,,,,,,,,Large,,,,,,,,ICON-46892778586369,0.0,,deny,manual,48.00,,true,true,,,,,,,,,,,,,,,,,,,,,,,,,,,,,,,,,,,,,,,,,,,,,,,,,,,,,,,,,,,,,,,,,,,,,,,,,,,,,,,,,,lb,,,,,,,,,,,,,,,,,,,,,,,,,,,,,,,,,,,,,,,,,,,,,,,,,,,,,,,,,,,,,,,,,,,,,,,,,,,,,,,,,,,,,,,,,,,,,,,,,,,,,,,,,
santa-hat-embroidered-icon,Santa Hat Embroidered Icon,"",Abbode Embroidery Design,Product Add-Ons > Product Customization,Embroidery Design,"hidden, icon, import-bulk-001, instant_exclude, revoq-no-withdrawal, webster-live",true,Size,Small,,,,,,,,ICON-46892778389761,0.0,,deny,manual,24.00,,true,true,,,,,,https://cdn.shopify.com/s/files/1/0321/4956/9675/files/Santa_Hat_15cba9ee-3608-4f4f-b86c-ebad638321ea.png?v=1779836046,1,"",false,,,,,,,,,,,,,,,,,ICON-CU,,,,,,,,,,,,,,,,,,,,'1,,,,,,,,,,,,,,,,,,,,,,,,,,,,,,,,,,,,lb,,,false,,,false,,,false,,,false,,,false,,,false,,,false,,,false,,,false,,,false,,,false,,,false,,,false,,,false,,,false,,,false,,,false,,,false,,,false,,,false,,,false,,,false,,,false,,,false,,,false,,,false,,,false,,,false,,,false,,,false,,,false,,,false,,,false,,,false,,,active
santa-hat-embroidered-icon,,,,,,,,,Medium,,,,,,,,ICON-46892778422529,0.0,,deny,manual,24.00,,true,true,,,,,,,,,,,,,,,,,,,,,,,,,,,,,,,,,,,,,,,,,,,,,,,,,,,,,,,,,,,,,,,,,,,,,,,,,,,,,,,,,,lb,,,,,,,,,,,,,,,,,,,,,,,,,,,,,,,,,,,,,,,,,,,,,,,,,,,,,,,,,,,,,,,,,,,,,,,,,,,,,,,,,,,,,,,,,,,,,,,,,,,,,,,,,
santa-hat-embroidered-icon,,,,,,,,,Large,,,,,,,,ICON-46892778455297,0.0,,deny,manual,48.00,,true,true,,,,,,,,,,,,,,,,,,,,,,,,,,,,,,,,,,,,,,,,,,,,,,,,,,,,,,,,,,,,,,,,,,,,,,,,,,,,,,,,,,lb,,,,,,,,,,,,,,,,,,,,,,,,,,,,,,,,,,,,,,,,,,,,,,,,,,,,,,,,,,,,,,,,,,,,,,,,,,,,,,,,,,,,,,,,,,,,,,,,,,,,,,,,,
reindeer-embroidered-icon,Reindeer Embroidered Icon,"",Abbode Embroidery Design,Product Add-Ons > Product Customization,Embroidery Design,"hidden, icon, import-bulk-001, instant_exclude, revoq-no-withdrawal, webster-live",true,Size,Small,,,,,,,,ICON-46892778291457,0.0,,deny,manual,24.00,,true,true,,,,,,https://cdn.shopify.com/s/files/1/0321/4956/9675/files/Reindeer_1bdd7114-d1a7-427a-95c1-b1a616860daf.png?v=1779836047,1,"",false,,,,,,,,,,,,,,,,,ICON-CU,,,,,,,,,,,,,,,,,,,,'1,,,,,,,,,,,,,,,,,,,,,,,,,,,,,,,,,,,,lb,,,false,,,false,,,false,,,false,,,false,,,false,,,false,,,false,,,false,,,false,,,false,,,false,,,false,,,false,,,false,,,false,,,false,,,false,,,false,,,false,,,false,,,false,,,false,,,false,,,false,,,false,,,false,,,false,,,false,,,false,,,false,,,false,,,false,,,false,,,active
reindeer-embroidered-icon,,,,,,,,,Medium,,,,,,,,ICON-46892778324225,0.0,,deny,manual,24.00,,true,true,,,,,,,,,,,,,,,,,,,,,,,,,,,,,,,,,,,,,,,,,,,,,,,,,,,,,,,,,,,,,,,,,,,,,,,,,,,,,,,,,,lb,,,,,,,,,,,,,,,,,,,,,,,,,,,,,,,,,,,,,,,,,,,,,,,,,,,,,,,,,,,,,,,,,,,,,,,,,,,,,,,,,,,,,,,,,,,,,,,,,,,,,,,,,
reindeer-embroidered-icon,,,,,,,,,Large,,,,,,,,ICON-46892778356993,0.0,,deny,manual,48.00,,true,true,,,,,,,,,,,,,,,,,,,,,,,,,,,,,,,,,,,,,,,,,,,,,,,,,,,,,,,,,,,,,,,,,,,,,,,,,,,,,,,,,,lb,,,,,,,,,,,,,,,,,,,,,,,,,,,,,,,,,,,,,,,,,,,,,,,,,,,,,,,,,,,,,,,,,,,,,,,,,,,,,,,,,,,,,,,,,,,,,,,,,,,,,,,,,
red-hot-chocolate-embroidered-icon,Red Hot Chocolate Embroidered Icon,"",Abbode Embroidery Design,Product Add-Ons > Product Customization,Embroidery Design,"hidden, icon, import-bulk-001, instant_exclude, revoq-no-withdrawal, webster-live",true,Size,Small,,,,,,,,ICON-46892778193153,0.0,,deny,manual,24.00,,true,true,,,,,,https://cdn.shopify.com/s/files/1/0321/4956/9675/files/Red_Hot_Chocolate_00721ddd-d0ab-4c7d-aac0-d0c714005e55.png?v=1779836046,1,"",false,,,,,,,,,,,,,,,,,ICON-CU,,,,,,,,,,,,,,,,,,,,'1,,,,,,,,,,,,,,,,,,,,,,,,,,,,,,,,,,,,lb,,,false,,,false,,,false,,,false,,,false,,,false,,,false,,,false,,,false,,,false,,,false,,,false,,,false,,,false,,,false,,,false,,,false,,,false,,,false,,,false,,,false,,,false,,,false,,,false,,,false,,,false,,,false,,,false,,,false,,,false,,,false,,,false,,,false,,,false,,,active
red-hot-chocolate-embroidered-icon,,,,,,,,,Medium,,,,,,,,ICON-46892778225921,0.0,,deny,manual,24.00,,true,true,,,,,,,,,,,,,,,,,,,,,,,,,,,,,,,,,,,,,,,,,,,,,,,,,,,,,,,,,,,,,,,,,,,,,,,,,,,,,,,,,,lb,,,,,,,,,,,,,,,,,,,,,,,,,,,,,,,,,,,,,,,,,,,,,,,,,,,,,,,,,,,,,,,,,,,,,,,,,,,,,,,,,,,,,,,,,,,,,,,,,,,,,,,,,
red-hot-chocolate-embroidered-icon,,,,,,,,,Large,,,,,,,,ICON-46892778258689,0.0,,deny,manual,48.00,,true,true,,,,,,,,,,,,,,,,,,,,,,,,,,,,,,,,,,,,,,,,,,,,,,,,,,,,,,,,,,,,,,,,,,,,,,,,,,,,,,,,,,lb,,,,,,,,,,,,,,,,,,,,,,,,,,,,,,,,,,,,,,,,,,,,,,,,,,,,,,,,,,,,,,,,,,,,,,,,,,,,,,,,,,,,,,,,,,,,,,,,,,,,,,,,,
ralphs-coffee-embroidered-icon,Ralph's Coffee Embroidered Icon,"",Abbode Embroidery Design,Product Add-Ons > Product Customization,Embroidery Design,"hidden, icon, import-bulk-001, instant_exclude, revoq-no-withdrawal, webster-live",true,Size,Small,,,,,,,,ICON-46892778094849,0.0,,deny,manual,24.00,,true,true,,,,,,https://cdn.shopify.com/s/files/1/0321/4956/9675/files/Ralph_s_Coffee_d839c0b9-ec84-46b0-a152-b314e5356eb4.png?v=1779836046,1,"",false,,,,,,,,,,,,,,,,,ICON-CU,,,,,,,,,,,,,,,,,,,,'1,,,,,,,,,,,,,,,,,,,,,,,,,,,,,,,,,,,,lb,,,false,,,false,,,false,,,false,,,false,,,false,,,false,,,false,,,false,,,false,,,false,,,false,,,false,,,false,,,false,,,false,,,false,,,false,,,false,,,false,,,false,,,false,,,false,,,false,,,false,,,false,,,false,,,false,,,false,,,false,,,false,,,false,,,false,,,false,,,active
ralphs-coffee-embroidered-icon,,,,,,,,,Medium,,,,,,,,ICON-46892778127617,0.0,,deny,manual,24.00,,true,true,,,,,,,,,,,,,,,,,,,,,,,,,,,,,,,,,,,,,,,,,,,,,,,,,,,,,,,,,,,,,,,,,,,,,,,,,,,,,,,,,,lb,,,,,,,,,,,,,,,,,,,,,,,,,,,,,,,,,,,,,,,,,,,,,,,,,,,,,,,,,,,,,,,,,,,,,,,,,,,,,,,,,,,,,,,,,,,,,,,,,,,,,,,,,
ralphs-coffee-embroidered-icon,,,,,,,,,Large,,,,,,,,ICON-46892778160385,0.0,,deny,manual,48.00,,true,true,,,,,,,,,,,,,,,,,,,,,,,,,,,,,,,,,,,,,,,,,,,,,,,,,,,,,,,,,,,,,,,,,,,,,,,,,,,,,,,,,,lb,,,,,,,,,,,,,,,,,,,,,,,,,,,,,,,,,,,,,,,,,,,,,,,,,,,,,,,,,,,,,,,,,,,,,,,,,,,,,,,,,,,,,,,,,,,,,,,,,,,,,,,,,
ralph-s-iced-coffee-embroidered-icon,Ralph's Iced Coffee Embroidered Icon,"",Abbode Embroidery Design,Product Add-Ons > Product Customization,Embroidery Design,"hidden, icon, import-bulk-001, instant_exclude, revoq-no-withdrawal, webster-live",true,Size,Small,,,,,,,,ICON-46892777996545,0.0,,deny,manual,24.00,,true,true,,,,,,https://cdn.shopify.com/s/files/1/0321/4956/9675/files/Ralph_s_Iced_Coffee_b368a64a-a344-476b-8be6-91d1dc8b5513.png?v=1779836047,1,"",false,,,,,,,,,,,,,,,,,ICON-CU,,,,,,,,,,,,,,,,,,,,'1,,,,,,,,,,,,,,,,,,,,,,,,,,,,,,,,,,,,lb,,,false,,,false,,,false,,,false,,,false,,,false,,,false,,,false,,,false,,,false,,,false,,,false,,,false,,,false,,,false,,,false,,,false,,,false,,,false,,,false,,,false,,,false,,,false,,,false,,,false,,,false,,,false,,,false,,,false,,,false,,,false,,,false,,,false,,,false,,,active
ralph-s-iced-coffee-embroidered-icon,,,,,,,,,Medium,,,,,,,,ICON-46892778029313,0.0,,deny,manual,24.00,,true,true,,,,,,,,,,,,,,,,,,,,,,,,,,,,,,,,,,,,,,,,,,,,,,,,,,,,,,,,,,,,,,,,,,,,,,,,,,,,,,,,,,lb,,,,,,,,,,,,,,,,,,,,,,,,,,,,,,,,,,,,,,,,,,,,,,,,,,,,,,,,,,,,,,,,,,,,,,,,,,,,,,,,,,,,,,,,,,,,,,,,,,,,,,,,,
ralph-s-iced-coffee-embroidered-icon,,,,,,,,,Large,,,,,,,,ICON-46892778062081,0.0,,deny,manual,48.00,,true,true,,,,,,,,,,,,,,,,,,,,,,,,,,,,,,,,,,,,,,,,,,,,,,,,,,,,,,,,,,,,,,,,,,,,,,,,,,,,,,,,,,lb,,,,,,,,,,,,,,,,,,,,,,,,,,,,,,,,,,,,,,,,,,,,,,,,,,,,,,,,,,,,,,,,,,,,,,,,,,,,,,,,,,,,,,,,,,,,,,,,,,,,,,,,,
ornament-embroidered-icon,Ornament Embroidered Icon,"",Abbode Embroidery Design,Product Add-Ons > Product Customization,Embroidery Design,"hidden, icon, import-bulk-001, instant_exclude, revoq-no-withdrawal, webster-live",true,Size,Small,,,,,,,,ICON-46892777898241,0.0,,deny,manual,24.00,,true,true,,,,,,https://cdn.shopify.com/s/files/1/0321/4956/9675/files/Ornament_b116f874-e0ba-4c5d-aca9-08a54789a7a4.png?v=1779836047,1,"",false,,,,,,,,,,,,,,,,,ICON-CU,,,,,,,,,,,,,,,,,,,,'1,,,,,,,,,,,,,,,,,,,,,,,,,,,,,,,,,,,,lb,,,false,,,false,,,false,,,false,,,false,,,false,,,false,,,false,,,false,,,false,,,false,,,false,,,false,,,false,,,false,,,false,,,false,,,false,,,false,,,false,,,false,,,false,,,false,,,false,,,false,,,false,,,false,,,false,,,false,,,false,,,false,,,false,,,false,,,false,,,active
ornament-embroidered-icon,,,,,,,,,Medium,,,,,,,,ICON-46892777931009,0.0,,deny,manual,24.00,,true,true,,,,,,,,,,,,,,,,,,,,,,,,,,,,,,,,,,,,,,,,,,,,,,,,,,,,,,,,,,,,,,,,,,,,,,,,,,,,,,,,,,lb,,,,,,,,,,,,,,,,,,,,,,,,,,,,,,,,,,,,,,,,,,,,,,,,,,,,,,,,,,,,,,,,,,,,,,,,,,,,,,,,,,,,,,,,,,,,,,,,,,,,,,,,,
ornament-embroidered-icon,,,,,,,,,Large,,,,,,,,ICON-46892777963777,0.0,,deny,manual,48.00,,true,true,,,,,,,,,,,,,,,,,,,,,,,,,,,,,,,,,,,,,,,,,,,,,,,,,,,,,,,,,,,,,,,,,,,,,,,,,,,,,,,,,,lb,,,,,,,,,,,,,,,,,,,,,,,,,,,,,,,,,,,,,,,,,,,,,,,,,,,,,,,,,,,,,,,,,,,,,,,,,,,,,,,,,,,,,,,,,,,,,,,,,,,,,,,,,
mittens-embroidered-icon,Mittens Embroidered Icon,"",Abbode Embroidery Design,Product Add-Ons > Product Customization,Embroidery Design,"hidden, icon, import-bulk-001, instant_exclude, revoq-no-withdrawal, webster-live",true,Size,Small,,,,,,,,ICON-46892777767169,0.0,,deny,manual,24.00,,true,true,,,,,,https://cdn.shopify.com/s/files/1/0321/4956/9675/files/Mittens_6814d4b8-7603-4571-a565-32901b2222e1.png?v=1779836047,1,"",false,,,,,,,,,,,,,,,,,ICON-CU,,,,,,,,,,,,,,,,,,,,'1,,,,,,,,,,,,,,,,,,,,,,,,,,,,,,,,,,,,lb,,,false,,,false,,,false,,,false,,,false,,,false,,,false,,,false,,,false,,,false,,,false,,,false,,,false,,,false,,,false,,,false,,,false,,,false,,,false,,,false,,,false,,,false,,,false,,,false,,,false,,,false,,,false,,,false,,,false,,,false,,,false,,,false,,,false,,,false,,,active
mittens-embroidered-icon,,,,,,,,,Medium,,,,,,,,ICON-46892777799937,0.0,,deny,manual,24.00,,true,true,,,,,,,,,,,,,,,,,,,,,,,,,,,,,,,,,,,,,,,,,,,,,,,,,,,,,,,,,,,,,,,,,,,,,,,,,,,,,,,,,,lb,,,,,,,,,,,,,,,,,,,,,,,,,,,,,,,,,,,,,,,,,,,,,,,,,,,,,,,,,,,,,,,,,,,,,,,,,,,,,,,,,,,,,,,,,,,,,,,,,,,,,,,,,
mittens-embroidered-icon,,,,,,,,,Large,,,,,,,,ICON-46892777832705,0.0,,deny,manual,48.00,,true,true,,,,,,,,,,,,,,,,,,,,,,,,,,,,,,,,,,,,,,,,,,,,,,,,,,,,,,,,,,,,,,,,,,,,,,,,,,,,,,,,,,lb,,,,,,,,,,,,,,,,,,,,,,,,,,,,,,,,,,,,,,,,,,,,,,,,,,,,,,,,,,,,,,,,,,,,,,,,,,,,,,,,,,,,,,,,,,,,,,,,,,,,,,,,,
menorah-embroidered-icon,Menorah Embroidered Icon,"",Abbode Embroidery Design,Product Add-Ons > Product Customization,Embroidery Design,"hidden, icon, import-bulk-001, instant_exclude, revoq-no-withdrawal, webster-live",true,Size,Small,,,,,,,,ICON-46892777636097,0.0,,deny,manual,24.00,,true,true,,,,,,https://cdn.shopify.com/s/files/1/0321/4956/9675/files/Menorah_8934632a-88b7-42eb-a090-190db099b690.png?v=1779836047,1,"",false,,,,,,,,,,,,,,,,,ICON-CU,,,,,,,,,,,,,,,,,,,,'1,,,,,,,,,,,,,,,,,,,,,,,,,,,,,,,,,,,,lb,,,false,,,false,,,false,,,false,,,false,,,false,,,false,,,false,,,false,,,false,,,false,,,false,,,false,,,false,,,false,,,false,,,false,,,false,,,false,,,false,,,false,,,false,,,false,,,false,,,false,,,false,,,false,,,false,,,false,,,false,,,false,,,false,,,false,,,false,,,active
menorah-embroidered-icon,,,,,,,,,Medium,,,,,,,,ICON-46892777668865,0.0,,deny,manual,24.00,,true,true,,,,,,,,,,,,,,,,,,,,,,,,,,,,,,,,,,,,,,,,,,,,,,,,,,,,,,,,,,,,,,,,,,,,,,,,,,,,,,,,,,lb,,,,,,,,,,,,,,,,,,,,,,,,,,,,,,,,,,,,,,,,,,,,,,,,,,,,,,,,,,,,,,,,,,,,,,,,,,,,,,,,,,,,,,,,,,,,,,,,,,,,,,,,,
menorah-embroidered-icon,,,,,,,,,Large,,,,,,,,ICON-46892777701633,0.0,,deny,manual,48.00,,true,true,,,,,,,,,,,,,,,,,,,,,,,,,,,,,,,,,,,,,,,,,,,,,,,,,,,,,,,,,,,,,,,,,,,,,,,,,,,,,,,,,,lb,,,,,,,,,,,,,,,,,,,,,,,,,,,,,,,,,,,,,,,,,,,,,,,,,,,,,,,,,,,,,,,,,,,,,,,,,,,,,,,,,,,,,,,,,,,,,,,,,,,,,,,,,
latke-embroidered-icon,Latke Embroidered Icon,"",Abbode Embroidery Design,Product Add-Ons > Product Customization,Embroidery Design,"hidden, icon, import-bulk-001, instant_exclude, revoq-no-withdrawal, webster-live",true,Size,Small,,,,,,,,ICON-46892777505025,0.0,,deny,manual,24.00,,true,true,,,,,,https://cdn.shopify.com/s/files/1/0321/4956/9675/files/Latke_268cdac1-a9b7-4829-8770-3f333fddaa19.png?v=1779836047,1,"",false,,,,,,,,,,,,,,,,,ICON-CU,,,,,,,,,,,,,,,,,,,,'1,,,,,,,,,,,,,,,,,,,,,,,,,,,,,,,,,,,,lb,,,false,,,false,,,false,,,false,,,false,,,false,,,false,,,false,,,false,,,false,,,false,,,false,,,false,,,false,,,false,,,false,,,false,,,false,,,false,,,false,,,false,,,false,,,false,,,false,,,false,,,false,,,false,,,false,,,false,,,false,,,false,,,false,,,false,,,false,,,active
latke-embroidered-icon,,,,,,,,,Medium,,,,,,,,ICON-46892777537793,0.0,,deny,manual,24.00,,true,true,,,,,,,,,,,,,,,,,,,,,,,,,,,,,,,,,,,,,,,,,,,,,,,,,,,,,,,,,,,,,,,,,,,,,,,,,,,,,,,,,,lb,,,,,,,,,,,,,,,,,,,,,,,,,,,,,,,,,,,,,,,,,,,,,,,,,,,,,,,,,,,,,,,,,,,,,,,,,,,,,,,,,,,,,,,,,,,,,,,,,,,,,,,,,
latke-embroidered-icon,,,,,,,,,Large,,,,,,,,ICON-46892777570561,0.0,,deny,manual,48.00,,true,true,,,,,,,,,,,,,,,,,,,,,,,,,,,,,,,,,,,,,,,,,,,,,,,,,,,,,,,,,,,,,,,,,,,,,,,,,,,,,,,,,,lb,,,,,,,,,,,,,,,,,,,,,,,,,,,,,,,,,,,,,,,,,,,,,,,,,,,,,,,,,,,,,,,,,,,,,,,,,,,,,,,,,,,,,,,,,,,,,,,,,,,,,,,,,
jelly-donut-embroidered-icon,Jelly Donut Embroidered Icon,"",Abbode Embroidery Design,Product Add-Ons > Product Customization,Embroidery Design,"hidden, icon, import-bulk-001, instant_exclude, revoq-no-withdrawal, webster-live",true,Size,Small,,,,,,,,ICON-46892777373953,0.0,,deny,manual,24.00,,true,true,,,,,,https://cdn.shopify.com/s/files/1/0321/4956/9675/files/Jelly_Donut_0df43d39-ca72-4812-9785-518896740d70.png?v=1779836047,1,"",false,,,,,,,,,,,,,,,,,ICON-CU,,,,,,,,,,,,,,,,,,,,'1,,,,,,,,,,,,,,,,,,,,,,,,,,,,,,,,,,,,lb,,,false,,,false,,,false,,,false,,,false,,,false,,,false,,,false,,,false,,,false,,,false,,,false,,,false,,,false,,,false,,,false,,,false,,,false,,,false,,,false,,,false,,,false,,,false,,,false,,,false,,,false,,,false,,,false,,,false,,,false,,,false,,,false,,,false,,,false,,,active
jelly-donut-embroidered-icon,,,,,,,,,Medium,,,,,,,,ICON-46892777406721,0.0,,deny,manual,24.00,,true,true,,,,,,,,,,,,,,,,,,,,,,,,,,,,,,,,,,,,,,,,,,,,,,,,,,,,,,,,,,,,,,,,,,,,,,,,,,,,,,,,,,lb,,,,,,,,,,,,,,,,,,,,,,,,,,,,,,,,,,,,,,,,,,,,,,,,,,,,,,,,,,,,,,,,,,,,,,,,,,,,,,,,,,,,,,,,,,,,,,,,,,,,,,,,,
jelly-donut-embroidered-icon,,,,,,,,,Large,,,,,,,,ICON-46892777439489,0.0,,deny,manual,48.00,,true,true,,,,,,,,,,,,,,,,,,,,,,,,,,,,,,,,,,,,,,,,,,,,,,,,,,,,,,,,,,,,,,,,,,,,,,,,,,,,,,,,,,lb,,,,,,,,,,,,,,,,,,,,,,,,,,,,,,,,,,,,,,,,,,,,,,,,,,,,,,,,,,,,,,,,,,,,,,,,,,,,,,,,,,,,,,,,,,,,,,,,,,,,,,,,,
ice-skater-embroidered-icon,Ice Skater Embroidered Icon,"",Abbode Embroidery Design,Product Add-Ons > Product Customization,Embroidery Design,"hidden, icon, import-bulk-001, instant_exclude, revoq-no-withdrawal, webster-live",true,Size,Small,,,,,,,,ICON-46892777242881,0.0,,deny,manual,24.00,,true,true,,,,,,https://cdn.shopify.com/s/files/1/0321/4956/9675/files/Ice_Skater_3c9f0f59-a787-4b83-9ba4-8a241052bff2.png?v=1779836047,1,"",false,,,,,,,,,,,,,,,,,ICON-CU,,,,,,,,,,,,,,,,,,,,'1,,,,,,,,,,,,,,,,,,,,,,,,,,,,,,,,,,,,lb,,,false,,,false,,,false,,,false,,,false,,,false,,,false,,,false,,,false,,,false,,,false,,,false,,,false,,,false,,,false,,,false,,,false,,,false,,,false,,,false,,,false,,,false,,,false,,,false,,,false,,,false,,,false,,,false,,,false,,,false,,,false,,,false,,,false,,,false,,,active
ice-skater-embroidered-icon,,,,,,,,,Medium,,,,,,,,ICON-46892777275649,0.0,,deny,manual,24.00,,true,true,,,,,,,,,,,,,,,,,,,,,,,,,,,,,,,,,,,,,,,,,,,,,,,,,,,,,,,,,,,,,,,,,,,,,,,,,,,,,,,,,,lb,,,,,,,,,,,,,,,,,,,,,,,,,,,,,,,,,,,,,,,,,,,,,,,,,,,,,,,,,,,,,,,,,,,,,,,,,,,,,,,,,,,,,,,,,,,,,,,,,,,,,,,,,
ice-skater-embroidered-icon,,,,,,,,,Large,,,,,,,,ICON-46892777308417,0.0,,deny,manual,48.00,,true,true,,,,,,,,,,,,,,,,,,,,,,,,,,,,,,,,,,,,,,,,,,,,,,,,,,,,,,,,,,,,,,,,,,,,,,,,,,,,,,,,,,lb,,,,,,,,,,,,,,,,,,,,,,,,,,,,,,,,,,,,,,,,,,,,,,,,,,,,,,,,,,,,,,,,,,,,,,,,,,,,,,,,,,,,,,,,,,,,,,,,,,,,,,,,,
ice-skate-embroidered-icon,Ice Skate Embroidered Icon,"",Abbode Embroidery Design,Product Add-Ons > Product Customization,Embroidery Design,"hidden, icon, import-bulk-001, instant_exclude, revoq-no-withdrawal, webster-live",true,Size,Small,,,,,,,,ICON-46892777111809,0.0,,deny,manual,24.00,,true,true,,,,,,https://cdn.shopify.com/s/files/1/0321/4956/9675/files/Ice_Skate_ea1e08c3-83f9-4794-a2ea-627292474712.png?v=1779836047,1,"",false,,,,,,,,,,,,,,,,,ICON-CU,,,,,,,,,,,,,,,,,,,,'1,,,,,,,,,,,,,,,,,,,,,,,,,,,,,,,,,,,,lb,,,false,,,false,,,false,,,false,,,false,,,false,,,false,,,false,,,false,,,false,,,false,,,false,,,false,,,false,,,false,,,false,,,false,,,false,,,false,,,false,,,false,,,false,,,false,,,false,,,false,,,false,,,false,,,false,,,false,,,false,,,false,,,false,,,false,,,false,,,active
ice-skate-embroidered-icon,,,,,,,,,Medium,,,,,,,,ICON-46892777144577,0.0,,deny,manual,24.00,,true,true,,,,,,,,,,,,,,,,,,,,,,,,,,,,,,,,,,,,,,,,,,,,,,,,,,,,,,,,,,,,,,,,,,,,,,,,,,,,,,,,,,lb,,,,,,,,,,,,,,,,,,,,,,,,,,,,,,,,,,,,,,,,,,,,,,,,,,,,,,,,,,,,,,,,,,,,,,,,,,,,,,,,,,,,,,,,,,,,,,,,,,,,,,,,,
ice-skate-embroidered-icon,,,,,,,,,Large,,,,,,,,ICON-46892777177345,0.0,,deny,manual,48.00,,true,true,,,,,,,,,,,,,,,,,,,,,,,,,,,,,,,,,,,,,,,,,,,,,,,,,,,,,,,,,,,,,,,,,,,,,,,,,,,,,,,,,,lb,,,,,,,,,,,,,,,,,,,,,,,,,,,,,,,,,,,,,,,,,,,,,,,,,,,,,,,,,,,,,,,,,,,,,,,,,,,,,,,,,,,,,,,,,,,,,,,,,,,,,,,,,
holiday-shopping-bag-embroidered-icon,Holiday Shopping Bag Embroidered Icon,"",Abbode Embroidery Design,Product Add-Ons > Product Customization,Embroidery Design,"hidden, icon, import-bulk-001, instant_exclude, revoq-no-withdrawal, webster-live",true,Size,Small,,,,,,,,ICON-46892776980737,0.0,,deny,manual,24.00,,true,true,,,,,,https://cdn.shopify.com/s/files/1/0321/4956/9675/files/Holiday_Shopping_Bag_19a31afa-5368-4a7b-8d7a-2b60ec7340ac.png?v=1779836047,1,"",false,,,,,,,,,,,,,,,,,ICON-CU,,,,,,,,,,,,,,,,,,,,'1,,,,,,,,,,,,,,,,,,,,,,,,,,,,,,,,,,,,lb,,,false,,,false,,,false,,,false,,,false,,,false,,,false,,,false,,,false,,,false,,,false,,,false,,,false,,,false,,,false,,,false,,,false,,,false,,,false,,,false,,,false,,,false,,,false,,,false,,,false,,,false,,,false,,,false,,,false,,,false,,,false,,,false,,,false,,,false,,,active
holiday-shopping-bag-embroidered-icon,,,,,,,,,Medium,,,,,,,,ICON-46892777013505,0.0,,deny,manual,24.00,,true,true,,,,,,,,,,,,,,,,,,,,,,,,,,,,,,,,,,,,,,,,,,,,,,,,,,,,,,,,,,,,,,,,,,,,,,,,,,,,,,,,,,lb,,,,,,,,,,,,,,,,,,,,,,,,,,,,,,,,,,,,,,,,,,,,,,,,,,,,,,,,,,,,,,,,,,,,,,,,,,,,,,,,,,,,,,,,,,,,,,,,,,,,,,,,,
holiday-shopping-bag-embroidered-icon,,,,,,,,,Large,,,,,,,,ICON-46892777046273,0.0,,deny,manual,48.00,,true,true,,,,,,,,,,,,,,,,,,,,,,,,,,,,,,,,,,,,,,,,,,,,,,,,,,,,,,,,,,,,,,,,,,,,,,,,,,,,,,,,,,lb,,,,,,,,,,,,,,,,,,,,,,,,,,,,,,,,,,,,,,,,,,,,,,,,,,,,,,,,,,,,,,,,,,,,,,,,,,,,,,,,,,,,,,,,,,,,,,,,,,,,,,,,,
hanukkah-matches-embroidered-icon,Hanukkah Matches Embroidered Icon,"",Abbode Embroidery Design,Product Add-Ons > Product Customization,Embroidery Design,"hidden, icon, import-bulk-001, instant_exclude, revoq-no-withdrawal, webster-live",true,Size,Small,,,,,,,,ICON-46892776849665,0.0,,deny,manual,24.00,,true,true,,,,,,https://cdn.shopify.com/s/files/1/0321/4956/9675/files/Hanukkah_Matches_6d7848c2-e0ec-4f76-a43f-883c04c4dbd8.png?v=1779836047,1,"",false,,,,,,,,,,,,,,,,,ICON-CU,,,,,,,,,,,,,,,,,,,,'1,,,,,,,,,,,,,,,,,,,,,,,,,,,,,,,,,,,,lb,,,false,,,false,,,false,,,false,,,false,,,false,,,false,,,false,,,false,,,false,,,false,,,false,,,false,,,false,,,false,,,false,,,false,,,false,,,false,,,false,,,false,,,false,,,false,,,false,,,false,,,false,,,false,,,false,,,false,,,false,,,false,,,false,,,false,,,false,,,active
hanukkah-matches-embroidered-icon,,,,,,,,,Medium,,,,,,,,ICON-46892776882433,0.0,,deny,manual,24.00,,true,true,,,,,,,,,,,,,,,,,,,,,,,,,,,,,,,,,,,,,,,,,,,,,,,,,,,,,,,,,,,,,,,,,,,,,,,,,,,,,,,,,,lb,,,,,,,,,,,,,,,,,,,,,,,,,,,,,,,,,,,,,,,,,,,,,,,,,,,,,,,,,,,,,,,,,,,,,,,,,,,,,,,,,,,,,,,,,,,,,,,,,,,,,,,,,
hanukkah-matches-embroidered-icon,,,,,,,,,Large,,,,,,,,ICON-46892776915201,0.0,,deny,manual,48.00,,true,true,,,,,,,,,,,,,,,,,,,,,,,,,,,,,,,,,,,,,,,,,,,,,,,,,,,,,,,,,,,,,,,,,,,,,,,,,,,,,,,,,,lb,,,,,,,,,,,,,,,,,,,,,,,,,,,,,,,,,,,,,,,,,,,,,,,,,,,,,,,,,,,,,,,,,,,,,,,,,,,,,,,,,,,,,,,,,,,,,,,,,,,,,,,,,
green-hot-chocolate-embroidered-icon,Green Hot Chocolate Embroidered Icon,"",Abbode Embroidery Design,Product Add-Ons > Product Customization,Embroidery Design,"hidden, icon, import-bulk-001, instant_exclude, revoq-no-withdrawal, webster-live",true,Size,Small,,,,,,,,ICON-46892776718593,0.0,,deny,manual,24.00,,true,true,,,,,,https://cdn.shopify.com/s/files/1/0321/4956/9675/files/Green_Hot_Chocolate_d313f59a-56e9-4764-86f7-c7648edb8499.png?v=1779836047,1,"",false,,,,,,,,,,,,,,,,,ICON-CU,,,,,,,,,,,,,,,,,,,,'1,,,,,,,,,,,,,,,,,,,,,,,,,,,,,,,,,,,,lb,,,false,,,false,,,false,,,false,,,false,,,false,,,false,,,false,,,false,,,false,,,false,,,false,,,false,,,false,,,false,,,false,,,false,,,false,,,false,,,false,,,false,,,false,,,false,,,false,,,false,,,false,,,false,,,false,,,false,,,false,,,false,,,false,,,false,,,false,,,active
green-hot-chocolate-embroidered-icon,,,,,,,,,Medium,,,,,,,,ICON-46892776751361,0.0,,deny,manual,24.00,,true,true,,,,,,,,,,,,,,,,,,,,,,,,,,,,,,,,,,,,,,,,,,,,,,,,,,,,,,,,,,,,,,,,,,,,,,,,,,,,,,,,,,lb,,,,,,,,,,,,,,,,,,,,,,,,,,,,,,,,,,,,,,,,,,,,,,,,,,,,,,,,,,,,,,,,,,,,,,,,,,,,,,,,,,,,,,,,,,,,,,,,,,,,,,,,,
green-hot-chocolate-embroidered-icon,,,,,,,,,Large,,,,,,,,ICON-46892776784129,0.0,,deny,manual,48.00,,true,true,,,,,,,,,,,,,,,,,,,,,,,,,,,,,,,,,,,,,,,,,,,,,,,,,,,,,,,,,,,,,,,,,,,,,,,,,,,,,,,,,,lb,,,,,,,,,,,,,,,,,,,,,,,,,,,,,,,,,,,,,,,,,,,,,,,,,,,,,,,,,,,,,,,,,,,,,,,,,,,,,,,,,,,,,,,,,,,,,,,,,,,,,,,,,
gingerbread-man-embroidered-icon,Gingerbread Man Embroidered Icon,"",Abbode Embroidery Design,Product Add-Ons > Product Customization,Embroidery Design,"hidden, icon, import-bulk-001, instant_exclude, revoq-no-withdrawal, webster-live",true,Size,Small,,,,,,,,ICON-46892776620289,0.0,,deny,manual,24.00,,true,true,,,,,,https://cdn.shopify.com/s/files/1/0321/4956/9675/files/Gingerbread_Man_32e175f1-53dc-4466-aa0d-db917a7a3a48.png?v=1779836047,1,"",false,,,,,,,,,,,,,,,,,ICON-CU,,,,,,,,,,,,,,,,,,,,'1,,,,,,,,,,,,,,,,,,,,,,,,,,,,,,,,,,,,lb,,,false,,,false,,,false,,,false,,,false,,,false,,,false,,,false,,,false,,,false,,,false,,,false,,,false,,,false,,,false,,,false,,,false,,,false,,,false,,,false,,,false,,,false,,,false,,,false,,,false,,,false,,,false,,,false,,,false,,,false,,,false,,,false,,,false,,,false,,,active
gingerbread-man-embroidered-icon,,,,,,,,,Medium,,,,,,,,ICON-46892776653057,0.0,,deny,manual,24.00,,true,true,,,,,,,,,,,,,,,,,,,,,,,,,,,,,,,,,,,,,,,,,,,,,,,,,,,,,,,,,,,,,,,,,,,,,,,,,,,,,,,,,,lb,,,,,,,,,,,,,,,,,,,,,,,,,,,,,,,,,,,,,,,,,,,,,,,,,,,,,,,,,,,,,,,,,,,,,,,,,,,,,,,,,,,,,,,,,,,,,,,,,,,,,,,,,
gingerbread-man-embroidered-icon,,,,,,,,,Large,,,,,,,,ICON-46892776685825,0.0,,deny,manual,48.00,,true,true,,,,,,,,,,,,,,,,,,,,,,,,,,,,,,,,,,,,,,,,,,,,,,,,,,,,,,,,,,,,,,,,,,,,,,,,,,,,,,,,,,lb,,,,,,,,,,,,,,,,,,,,,,,,,,,,,,,,,,,,,,,,,,,,,,,,,,,,,,,,,,,,,,,,,,,,,,,,,,,,,,,,,,,,,,,,,,,,,,,,,,,,,,,,,
earmuffs-embroidered-icon,Earmuffs Embroidered Icon,"",Abbode Embroidery Design,Product Add-Ons > Product Customization,Embroidery Design,"hidden, icon, import-bulk-001, instant_exclude, revoq-no-withdrawal, webster-live",true,Size,Small,,,,,,,,ICON-46892775833857,0.0,,deny,manual,24.00,,true,true,,,,,,https://cdn.shopify.com/s/files/1/0321/4956/9675/files/Earmuffs_0d2fb7e3-1731-4ec7-8815-13fed7feb1cd.png?v=1779836047,1,"",false,,,,,,,,,,,,,,,,,ICON-CU,,,,,,,,,,,,,,,,,,,,'1,,,,,,,,,,,,,,,,,,,,,,,,,,,,,,,,,,,,lb,,,false,,,false,,,false,,,false,,,false,,,false,,,false,,,false,,,false,,,false,,,false,,,false,,,false,,,false,,,false,,,false,,,false,,,false,,,false,,,false,,,false,,,false,,,false,,,false,,,false,,,false,,,false,,,false,,,false,,,false,,,false,,,false,,,false,,,false,,,active
earmuffs-embroidered-icon,,,,,,,,,Medium,,,,,,,,ICON-46892775866625,0.0,,deny,manual,24.00,,true,true,,,,,,,,,,,,,,,,,,,,,,,,,,,,,,,,,,,,,,,,,,,,,,,,,,,,,,,,,,,,,,,,,,,,,,,,,,,,,,,,,,lb,,,,,,,,,,,,,,,,,,,,,,,,,,,,,,,,,,,,,,,,,,,,,,,,,,,,,,,,,,,,,,,,,,,,,,,,,,,,,,,,,,,,,,,,,,,,,,,,,,,,,,,,,
earmuffs-embroidered-icon,,,,,,,,,Large,,,,,,,,ICON-46892775899393,0.0,,deny,manual,48.00,,true,true,,,,,,,,,,,,,,,,,,,,,,,,,,,,,,,,,,,,,,,,,,,,,,,,,,,,,,,,,,,,,,,,,,,,,,,,,,,,,,,,,,lb,,,,,,,,,,,,,,,,,,,,,,,,,,,,,,,,,,,,,,,,,,,,,,,,,,,,,,,,,,,,,,,,,,,,,,,,,,,,,,,,,,,,,,,,,,,,,,,,,,,,,,,,,
dreidel-embroidered-icon,Dreidel Embroidered Icon,"",Abbode Embroidery Design,Product Add-Ons > Product Customization,Embroidery Design,"hidden, icon, import-bulk-001, instant_exclude, revoq-no-withdrawal, webster-live",true,Size,Small,,,,,,,,ICON-46892775735553,0.0,,deny,manual,24.00,,true,true,,,,,,https://cdn.shopify.com/s/files/1/0321/4956/9675/files/Dreidel_780ae1cd-5758-4d70-a9e0-054a6c9c1e3e.png?v=1779836047,1,"",false,,,,,,,,,,,,,,,,,ICON-CU,,,,,,,,,,,,,,,,,,,,'1,,,,,,,,,,,,,,,,,,,,,,,,,,,,,,,,,,,,lb,,,false,,,false,,,false,,,false,,,false,,,false,,,false,,,false,,,false,,,false,,,false,,,false,,,false,,,false,,,false,,,false,,,false,,,false,,,false,,,false,,,false,,,false,,,false,,,false,,,false,,,false,,,false,,,false,,,false,,,false,,,false,,,false,,,false,,,false,,,active
dreidel-embroidered-icon,,,,,,,,,Medium,,,,,,,,ICON-46892775768321,0.0,,deny,manual,24.00,,true,true,,,,,,,,,,,,,,,,,,,,,,,,,,,,,,,,,,,,,,,,,,,,,,,,,,,,,,,,,,,,,,,,,,,,,,,,,,,,,,,,,,lb,,,,,,,,,,,,,,,,,,,,,,,,,,,,,,,,,,,,,,,,,,,,,,,,,,,,,,,,,,,,,,,,,,,,,,,,,,,,,,,,,,,,,,,,,,,,,,,,,,,,,,,,,
dreidel-embroidered-icon,,,,,,,,,Large,,,,,,,,ICON-46892775801089,0.0,,deny,manual,48.00,,true,true,,,,,,,,,,,,,,,,,,,,,,,,,,,,,,,,,,,,,,,,,,,,,,,,,,,,,,,,,,,,,,,,,,,,,,,,,,,,,,,,,,lb,,,,,,,,,,,,,,,,,,,,,,,,,,,,,,,,,,,,,,,,,,,,,,,,,,,,,,,,,,,,,,,,,,,,,,,,,,,,,,,,,,,,,,,,,,,,,,,,,,,,,,,,,
crossed-candy-canes-embroidered-icon,Crossed Candy Canes Embroidered Icon,"",Abbode Embroidery Design,Product Add-Ons > Product Customization,Embroidery Design,"hidden, icon, import-bulk-001, instant_exclude, revoq-no-withdrawal, webster-live",true,Size,Small,,,,,,,,ICON-46892775571713,0.0,,deny,manual,24.00,,true,true,,,,,,https://cdn.shopify.com/s/files/1/0321/4956/9675/files/Crossed_Candy_Canes_92734e11-c758-45ed-ba68-0ad306cc943f.png?v=1779836047,1,"",false,,,,,,,,,,,,,,,,,ICON-CU,,,,,,,,,,,,,,,,,,,,'1,,,,,,,,,,,,,,,,,,,,,,,,,,,,,,,,,,,,lb,,,false,,,false,,,false,,,false,,,false,,,false,,,false,,,false,,,false,,,false,,,false,,,false,,,false,,,false,,,false,,,false,,,false,,,false,,,false,,,false,,,false,,,false,,,false,,,false,,,false,,,false,,,false,,,false,,,false,,,false,,,false,,,false,,,false,,,false,,,active
crossed-candy-canes-embroidered-icon,,,,,,,,,Medium,,,,,,,,ICON-46892775604481,0.0,,deny,manual,24.00,,true,true,,,,,,,,,,,,,,,,,,,,,,,,,,,,,,,,,,,,,,,,,,,,,,,,,,,,,,,,,,,,,,,,,,,,,,,,,,,,,,,,,,lb,,,,,,,,,,,,,,,,,,,,,,,,,,,,,,,,,,,,,,,,,,,,,,,,,,,,,,,,,,,,,,,,,,,,,,,,,,,,,,,,,,,,,,,,,,,,,,,,,,,,,,,,,
crossed-candy-canes-embroidered-icon,,,,,,,,,Large,,,,,,,,ICON-46892775637249,0.0,,deny,manual,48.00,,true,true,,,,,,,,,,,,,,,,,,,,,,,,,,,,,,,,,,,,,,,,,,,,,,,,,,,,,,,,,,,,,,,,,,,,,,,,,,,,,,,,,,lb,,,,,,,,,,,,,,,,,,,,,,,,,,,,,,,,,,,,,,,,,,,,,,,,,,,,,,,,,,,,,,,,,,,,,,,,,,,,,,,,,,,,,,,,,,,,,,,,,,,,,,,,,
christmas-tree-truck-embroidered-icon,Christmas Tree Truck Embroidered Icon,"",Abbode Embroidery Design,Product Add-Ons > Product Customization,Embroidery Design,"hidden, icon, import-bulk-001, instant_exclude, revoq-no-withdrawal, webster-live",true,Size,Small,,,,,,,,ICON-46892775440641,0.0,,deny,manual,24.00,,true,true,,,,,,https://cdn.shopify.com/s/files/1/0321/4956/9675/files/Christmas_Tree_Truck_6fe017e3-333f-4f3b-bd11-984f99a5749b.png?v=1779836047,1,"",false,,,,,,,,,,,,,,,,,ICON-CU,,,,,,,,,,,,,,,,,,,,'1,,,,,,,,,,,,,,,,,,,,,,,,,,,,,,,,,,,,lb,,,false,,,false,,,false,,,false,,,false,,,false,,,false,,,false,,,false,,,false,,,false,,,false,,,false,,,false,,,false,,,false,,,false,,,false,,,false,,,false,,,false,,,false,,,false,,,false,,,false,,,false,,,false,,,false,,,false,,,false,,,false,,,false,,,false,,,false,,,active
christmas-tree-truck-embroidered-icon,,,,,,,,,Medium,,,,,,,,ICON-46892775473409,0.0,,deny,manual,24.00,,true,true,,,,,,,,,,,,,,,,,,,,,,,,,,,,,,,,,,,,,,,,,,,,,,,,,,,,,,,,,,,,,,,,,,,,,,,,,,,,,,,,,,lb,,,,,,,,,,,,,,,,,,,,,,,,,,,,,,,,,,,,,,,,,,,,,,,,,,,,,,,,,,,,,,,,,,,,,,,,,,,,,,,,,,,,,,,,,,,,,,,,,,,,,,,,,
christmas-tree-truck-embroidered-icon,,,,,,,,,Large,,,,,,,,ICON-46892775506177,0.0,,deny,manual,48.00,,true,true,,,,,,,,,,,,,,,,,,,,,,,,,,,,,,,,,,,,,,,,,,,,,,,,,,,,,,,,,,,,,,,,,,,,,,,,,,,,,,,,,,lb,,,,,,,,,,,,,,,,,,,,,,,,,,,,,,,,,,,,,,,,,,,,,,,,,,,,,,,,,,,,,,,,,,,,,,,,,,,,,,,,,,,,,,,,,,,,,,,,,,,,,,,,,
christmas-tree-embroidered-icon,Christmas Tree Embroidered Icon,"",Abbode Embroidery Design,Product Add-Ons > Product Customization,Embroidery Design,"hidden, icon, import-bulk-001, instant_exclude, revoq-no-withdrawal, webster-live",true,Size,Small,,,,,,,,ICON-46892775342337,0.0,,deny,manual,24.00,,true,true,,,,,,https://cdn.shopify.com/s/files/1/0321/4956/9675/files/Christmas_Tree_9d05cf5b-9759-440c-8ae9-3fcc598d4903.png?v=1779836047,1,"",false,,,,,,,,,,,,,,,,,ICON-CU,,,,,,,,,,,,,,,,,,,,'1,,,,,,,,,,,,,,,,,,,,,,,,,,,,,,,,,,,,lb,,,false,,,false,,,false,,,false,,,false,,,false,,,false,,,false,,,false,,,false,,,false,,,false,,,false,,,false,,,false,,,false,,,false,,,false,,,false,,,false,,,false,,,false,,,false,,,false,,,false,,,false,,,false,,,false,,,false,,,false,,,false,,,false,,,false,,,false,,,active
christmas-tree-embroidered-icon,,,,,,,,,Medium,,,,,,,,ICON-46892775375105,0.0,,deny,manual,24.00,,true,true,,,,,,,,,,,,,,,,,,,,,,,,,,,,,,,,,,,,,,,,,,,,,,,,,,,,,,,,,,,,,,,,,,,,,,,,,,,,,,,,,,lb,,,,,,,,,,,,,,,,,,,,,,,,,,,,,,,,,,,,,,,,,,,,,,,,,,,,,,,,,,,,,,,,,,,,,,,,,,,,,,,,,,,,,,,,,,,,,,,,,,,,,,,,,
christmas-tree-embroidered-icon,,,,,,,,,Large,,,,,,,,ICON-46892775407873,0.0,,deny,manual,48.00,,true,true,,,,,,,,,,,,,,,,,,,,,,,,,,,,,,,,,,,,,,,,,,,,,,,,,,,,,,,,,,,,,,,,,,,,,,,,,,,,,,,,,,lb,,,,,,,,,,,,,,,,,,,,,,,,,,,,,,,,,,,,,,,,,,,,,,,,,,,,,,,,,,,,,,,,,,,,,,,,,,,,,,,,,,,,,,,,,,,,,,,,,,,,,,,,,
christmas-presents-embroidered-icon,Christmas Presents Embroidered Icon,"",Abbode Embroidery Design,Product Add-Ons > Product Customization,Embroidery Design,"hidden, icon, import-bulk-001, instant_exclude, revoq-no-withdrawal, webster-live",true,Size,Small,,,,,,,,ICON-46892775211265,0.0,,deny,manual,24.00,,true,true,,,,,,https://cdn.shopify.com/s/files/1/0321/4956/9675/files/Christmas_Presents_f9dcc4e2-9ed0-4bc4-b6d7-82086bc16de7.png?v=1779836047,1,"",false,,,,,,,,,,,,,,,,,ICON-CU,,,,,,,,,,,,,,,,,,,,'1,,,,,,,,,,,,,,,,,,,,,,,,,,,,,,,,,,,,lb,,,false,,,false,,,false,,,false,,,false,,,false,,,false,,,false,,,false,,,false,,,false,,,false,,,false,,,false,,,false,,,false,,,false,,,false,,,false,,,false,,,false,,,false,,,false,,,false,,,false,,,false,,,false,,,false,,,false,,,false,,,false,,,false,,,false,,,false,,,active
christmas-presents-embroidered-icon,,,,,,,,,Medium,,,,,,,,ICON-46892775244033,0.0,,deny,manual,24.00,,true,true,,,,,,,,,,,,,,,,,,,,,,,,,,,,,,,,,,,,,,,,,,,,,,,,,,,,,,,,,,,,,,,,,,,,,,,,,,,,,,,,,,lb,,,,,,,,,,,,,,,,,,,,,,,,,,,,,,,,,,,,,,,,,,,,,,,,,,,,,,,,,,,,,,,,,,,,,,,,,,,,,,,,,,,,,,,,,,,,,,,,,,,,,,,,,
christmas-presents-embroidered-icon,,,,,,,,,Large,,,,,,,,ICON-46892775276801,0.0,,deny,manual,48.00,,true,true,,,,,,,,,,,,,,,,,,,,,,,,,,,,,,,,,,,,,,,,,,,,,,,,,,,,,,,,,,,,,,,,,,,,,,,,,,,,,,,,,,lb,,,,,,,,,,,,,,,,,,,,,,,,,,,,,,,,,,,,,,,,,,,,,,,,,,,,,,,,,,,,,,,,,,,,,,,,,,,,,,,,,,,,,,,,,,,,,,,,,,,,,,,,,
christmas-cocktail-embroidered-icon,Christmas Cocktail Embroidered Icon,"",Abbode Embroidery Design,Product Add-Ons > Product Customization,Embroidery Design,"hidden, icon, import-bulk-001, instant_exclude, revoq-no-withdrawal, webster-live",true,Size,Small,,,,,,,,ICON-46892775080193,0.0,,deny,manual,24.00,,true,true,,,,,,https://cdn.shopify.com/s/files/1/0321/4956/9675/files/Christmas_Cocktail_61642bfb-a156-4998-ad59-aa8afd425ecf.png?v=1779836047,1,"",false,,,,,,,,,,,,,,,,,ICON-CU,,,,,,,,,,,,,,,,,,,,'1,,,,,,,,,,,,,,,,,,,,,,,,,,,,,,,,,,,,lb,,,false,,,false,,,false,,,false,,,false,,,false,,,false,,,false,,,false,,,false,,,false,,,false,,,false,,,false,,,false,,,false,,,false,,,false,,,false,,,false,,,false,,,false,,,false,,,false,,,false,,,false,,,false,,,false,,,false,,,false,,,false,,,false,,,false,,,false,,,active
christmas-cocktail-embroidered-icon,,,,,,,,,Medium,,,,,,,,ICON-46892775112961,0.0,,deny,manual,24.00,,true,true,,,,,,,,,,,,,,,,,,,,,,,,,,,,,,,,,,,,,,,,,,,,,,,,,,,,,,,,,,,,,,,,,,,,,,,,,,,,,,,,,,lb,,,,,,,,,,,,,,,,,,,,,,,,,,,,,,,,,,,,,,,,,,,,,,,,,,,,,,,,,,,,,,,,,,,,,,,,,,,,,,,,,,,,,,,,,,,,,,,,,,,,,,,,,
christmas-cocktail-embroidered-icon,,,,,,,,,Large,,,,,,,,ICON-46892775145729,0.0,,deny,manual,48.00,,true,true,,,,,,,,,,,,,,,,,,,,,,,,,,,,,,,,,,,,,,,,,,,,,,,,,,,,,,,,,,,,,,,,,,,,,,,,,,,,,,,,,,lb,,,,,,,,,,,,,,,,,,,,,,,,,,,,,,,,,,,,,,,,,,,,,,,,,,,,,,,,,,,,,,,,,,,,,,,,,,,,,,,,,,,,,,,,,,,,,,,,,,,,,,,,,
candy-cane-heart-embroidered-icon,Candy Cane Heart Embroidered Icon,"",Abbode Embroidery Design,Product Add-Ons > Product Customization,Embroidery Design,"hidden, icon, import-bulk-001, instant_exclude, revoq-no-withdrawal, webster-live",true,Size,Small,,,,,,,,ICON-46892774949121,0.0,,deny,manual,24.00,,true,true,,,,,,https://cdn.shopify.com/s/files/1/0321/4956/9675/files/Candy_Cane_Heart_8bb5aa68-8ffd-40c4-a800-085c51974c26.png?v=1779836047,1,"",false,,,,,,,,,,,,,,,,,ICON-CU,,,,,,,,,,,,,,,,,,,,'1,,,,,,,,,,,,,,,,,,,,,,,,,,,,,,,,,,,,lb,,,false,,,false,,,false,,,false,,,false,,,false,,,false,,,false,,,false,,,false,,,false,,,false,,,false,,,false,,,false,,,false,,,false,,,false,,,false,,,false,,,false,,,false,,,false,,,false,,,false,,,false,,,false,,,false,,,false,,,false,,,false,,,false,,,false,,,false,,,active
candy-cane-heart-embroidered-icon,,,,,,,,,Medium,,,,,,,,ICON-46892774981889,0.0,,deny,manual,24.00,,true,true,,,,,,,,,,,,,,,,,,,,,,,,,,,,,,,,,,,,,,,,,,,,,,,,,,,,,,,,,,,,,,,,,,,,,,,,,,,,,,,,,,lb,,,,,,,,,,,,,,,,,,,,,,,,,,,,,,,,,,,,,,,,,,,,,,,,,,,,,,,,,,,,,,,,,,,,,,,,,,,,,,,,,,,,,,,,,,,,,,,,,,,,,,,,,
candy-cane-heart-embroidered-icon,,,,,,,,,Large,,,,,,,,ICON-46892775014657,0.0,,deny,manual,48.00,,true,true,,,,,,,,,,,,,,,,,,,,,,,,,,,,,,,,,,,,,,,,,,,,,,,,,,,,,,,,,,,,,,,,,,,,,,,,,,,,,,,,,,lb,,,,,,,,,,,,,,,,,,,,,,,,,,,,,,,,,,,,,,,,,,,,,,,,,,,,,,,,,,,,,,,,,,,,,,,,,,,,,,,,,,,,,,,,,,,,,,,,,,,,,,,,,
candy-cane-embroidered-icon,Candy Cane Embroidered Icon,"",Abbode Embroidery Design,Product Add-Ons > Product Customization,Embroidery Design,"hidden, icon, import-bulk-001, instant_exclude, revoq-no-withdrawal, webster-live",true,Size,Small,,,,,,,,ICON-46892774850817,0.0,,deny,manual,24.00,,true,true,,,,,,https://cdn.shopify.com/s/files/1/0321/4956/9675/files/Candy_Cane_61128064-12ae-486e-a37c-a74f7c904405.png?v=1779836047,1,"",false,,,,,,,,,,,,,,,,,ICON-CU,,,,,,,,,,,,,,,,,,,,'1,,,,,,,,,,,,,,,,,,,,,,,,,,,,,,,,,,,,lb,,,false,,,false,,,false,,,false,,,false,,,false,,,false,,,false,,,false,,,false,,,false,,,false,,,false,,,false,,,false,,,false,,,false,,,false,,,false,,,false,,,false,,,false,,,false,,,false,,,false,,,false,,,false,,,false,,,false,,,false,,,false,,,false,,,false,,,false,,,active
candy-cane-embroidered-icon,,,,,,,,,Medium,,,,,,,,ICON-46892774883585,0.0,,deny,manual,24.00,,true,true,,,,,,,,,,,,,,,,,,,,,,,,,,,,,,,,,,,,,,,,,,,,,,,,,,,,,,,,,,,,,,,,,,,,,,,,,,,,,,,,,,lb,,,,,,,,,,,,,,,,,,,,,,,,,,,,,,,,,,,,,,,,,,,,,,,,,,,,,,,,,,,,,,,,,,,,,,,,,,,,,,,,,,,,,,,,,,,,,,,,,,,,,,,,,
candy-cane-embroidered-icon,,,,,,,,,Large,,,,,,,,ICON-46892774916353,0.0,,deny,manual,48.00,,true,true,,,,,,,,,,,,,,,,,,,,,,,,,,,,,,,,,,,,,,,,,,,,,,,,,,,,,,,,,,,,,,,,,,,,,,,,,,,,,,,,,,lb,,,,,,,,,,,,,,,,,,,,,,,,,,,,,,,,,,,,,,,,,,,,,,,,,,,,,,,,,,,,,,,,,,,,,,,,,,,,,,,,,,,,,,,,,,,,,,,,,,,,,,,,,
candy-cane-bow-embroidered-icon,Candy Cane Bow Embroidered Icon,"",Abbode Embroidery Design,Product Add-Ons > Product Customization,Embroidery Design,"hidden, icon, import-bulk-001, instant_exclude, revoq-no-withdrawal, webster-live",true,Size,Small,,,,,,,,ICON-46892774719745,0.0,,deny,manual,24.00,,true,true,,,,,,https://cdn.shopify.com/s/files/1/0321/4956/9675/files/Candy_Cane_Bow_c7bad692-0372-4ed4-93ae-9f6986872b9d.png?v=1779836048,1,"",false,,,,,,,,,,,,,,,,,ICON-CU,,,,,,,,,,,,,,,,,,,,'1,,,,,,,,,,,,,,,,,,,,,,,,,,,,,,,,,,,,lb,,,false,,,false,,,false,,,false,,,false,,,false,,,false,,,false,,,false,,,false,,,false,,,false,,,false,,,false,,,false,,,false,,,false,,,false,,,false,,,false,,,false,,,false,,,false,,,false,,,false,,,false,,,false,,,false,,,false,,,false,,,false,,,false,,,false,,,false,,,active
candy-cane-bow-embroidered-icon,,,,,,,,,Medium,,,,,,,,ICON-46892774752513,0.0,,deny,manual,24.00,,true,true,,,,,,,,,,,,,,,,,,,,,,,,,,,,,,,,,,,,,,,,,,,,,,,,,,,,,,,,,,,,,,,,,,,,,,,,,,,,,,,,,,lb,,,,,,,,,,,,,,,,,,,,,,,,,,,,,,,,,,,,,,,,,,,,,,,,,,,,,,,,,,,,,,,,,,,,,,,,,,,,,,,,,,,,,,,,,,,,,,,,,,,,,,,,,
candy-cane-bow-embroidered-icon,,,,,,,,,Large,,,,,,,,ICON-46892774785281,0.0,,deny,manual,48.00,,true,true,,,,,,,,,,,,,,,,,,,,,,,,,,,,,,,,,,,,,,,,,,,,,,,,,,,,,,,,,,,,,,,,,,,,,,,,,,,,,,,,,,lb,,,,,,,,,,,,,,,,,,,,,,,,,,,,,,,,,,,,,,,,,,,,,,,,,,,,,,,,,,,,,,,,,,,,,,,,,,,,,,,,,,,,,,,,,,,,,,,,,,,,,,,,,
heart-suit-embroidered-icon,Heart Suit Embroidered Icon,"",Abbode Embroidery Design,Product Add-Ons > Product Customization,Embroidery Design,"icon, instant_exclude, revoq-no-withdrawal",true,Size,Small,,,,,,,,ICON-46626340995329,0.0,,deny,manual,24.00,,true,true,,,,,,https://cdn.shopify.com/s/files/1/0321/4956/9675/files/Heart_Suit.png?v=1779836289,1,"",false,,,,,,,,,,,,,,,,,ICON-CU,,,,,,,,,,,,,,,,,,,,'1,,,,,,,,,,,,,,,,,,,,,,,,,,,,,,,,,,,,lb,,,false,,,false,,,false,,,false,,,false,,,false,,,false,,,false,,,false,,,false,,,false,,,false,,,false,,,false,,,false,,,false,,,false,,,false,,,false,,,false,,,false,,,false,,,false,,,false,,,false,,,false,,,false,,,false,,,false,,,false,,,false,,,false,,,false,,,false,,,active
heart-suit-embroidered-icon,,,,,,,,,Medium,,,,,,,,ICON-46626341028097,0.0,,deny,manual,24.00,,true,true,,,,,,,,,,,,,,,,,,,,,,,,,,,,,,,,,,,,,,,,,,,,,,,,,,,,,,,,,,,,,,,,,,,,,,,,,,,,,,,,,,lb,,,,,,,,,,,,,,,,,,,,,,,,,,,,,,,,,,,,,,,,,,,,,,,,,,,,,,,,,,,,,,,,,,,,,,,,,,,,,,,,,,,,,,,,,,,,,,,,,,,,,,,,,
heart-suit-embroidered-icon,,,,,,,,,Large,,,,,,,,ICON-46626341060865,0.0,,deny,manual,48.00,,true,true,,,,,,,,,,,,,,,,,,,,,,,,,,,,,,,,,,,,,,,,,,,,,,,,,,,,,,,,,,,,,,,,,,,,,,,,,,,,,,,,,,lb,,,,,,,,,,,,,,,,,,,,,,,,,,,,,,,,,,,,,,,,,,,,,,,,,,,,,,,,,,,,,,,,,,,,,,,,,,,,,,,,,,,,,,,,,,,,,,,,,,,,,,,,,
new-york-hot-dog-embroidered-icon,New York Hot Dog Embroidered Icon,"",Abbode Embroidery Design,Product Add-Ons > Product Customization,Embroidery Design,"icon, instant_exclude, revoq-no-withdrawal",true,Size,Small,,,,,,,,ICON-46626340667649,0.0,,deny,manual,24.00,,true,true,,,,,,https://cdn.shopify.com/s/files/1/0321/4956/9675/files/NY_Hot_Dog.png?v=1779836288,1,"",false,,,,,,,,,,,,,,,,,ICON-CU,,,,,,,,,,,,,,,,,,,,'1,,,,,,,,,,,,,,,,,,,,,,,,,,,,,,,,,,,,lb,,,false,,,false,,,false,,,false,,,false,,,false,,,false,,,false,,,false,,,false,,,false,,,false,,,false,,,false,,,false,,,false,,,false,,,false,,,false,,,false,,,false,,,false,,,false,,,false,,,false,,,false,,,false,,,false,,,false,,,false,,,false,,,false,,,false,,,false,,,active
new-york-hot-dog-embroidered-icon,,,,,,,,,Medium,,,,,,,,ICON-46626340700417,0.0,,deny,manual,24.00,,true,true,,,,,,,,,,,,,,,,,,,,,,,,,,,,,,,,,,,,,,,,,,,,,,,,,,,,,,,,,,,,,,,,,,,,,,,,,,,,,,,,,,lb,,,,,,,,,,,,,,,,,,,,,,,,,,,,,,,,,,,,,,,,,,,,,,,,,,,,,,,,,,,,,,,,,,,,,,,,,,,,,,,,,,,,,,,,,,,,,,,,,,,,,,,,,
new-york-hot-dog-embroidered-icon,,,,,,,,,Large,,,,,,,,ICON-46626340733185,0.0,,deny,manual,48.00,,true,true,,,,,,,,,,,,,,,,,,,,,,,,,,,,,,,,,,,,,,,,,,,,,,,,,,,,,,,,,,,,,,,,,,,,,,,,,,,,,,,,,,lb,,,,,,,,,,,,,,,,,,,,,,,,,,,,,,,,,,,,,,,,,,,,,,,,,,,,,,,,,,,,,,,,,,,,,,,,,,,,,,,,,,,,,,,,,,,,,,,,,,,,,,,,,
lipstick-embroidered-icon,Lipstick Embroidered Icon,"",Abbode Embroidery Design,Product Add-Ons > Product Customization,Embroidery Design,"icon, instant_exclude, revoq-no-withdrawal",true,Size,Small,,,,,,,,ICON-46626340372737,0.0,,deny,manual,24.00,,true,true,,,,,,https://cdn.shopify.com/s/files/1/0321/4956/9675/files/Lipstick_1.png?v=1779836288,1,"",false,,,,,,,,,,,,,,,,,ICON-CU,,,,,,,,,,,,,,,,,,,,'1,,,,,,,,,,,,,,,,,,,,,,,,,,,,,,,,,,,,lb,,,false,,,false,,,false,,,false,,,false,,,false,,,false,,,false,,,false,,,false,,,false,,,false,,,false,,,false,,,false,,,false,,,false,,,false,,,false,,,false,,,false,,,false,,,false,,,false,,,false,,,false,,,false,,,false,,,false,,,false,,,false,,,false,,,false,,,false,,,active
lipstick-embroidered-icon,,,,,,,,,Medium,,,,,,,,ICON-46626340405505,0.0,,deny,manual,24.00,,true,true,,,,,,,,,,,,,,,,,,,,,,,,,,,,,,,,,,,,,,,,,,,,,,,,,,,,,,,,,,,,,,,,,,,,,,,,,,,,,,,,,,lb,,,,,,,,,,,,,,,,,,,,,,,,,,,,,,,,,,,,,,,,,,,,,,,,,,,,,,,,,,,,,,,,,,,,,,,,,,,,,,,,,,,,,,,,,,,,,,,,,,,,,,,,,
lipstick-embroidered-icon,,,,,,,,,Large,,,,,,,,ICON-46626340438273,0.0,,deny,manual,48.00,,true,true,,,,,,,,,,,,,,,,,,,,,,,,,,,,,,,,,,,,,,,,,,,,,,,,,,,,,,,,,,,,,,,,,,,,,,,,,,,,,,,,,,lb,,,,,,,,,,,,,,,,,,,,,,,,,,,,,,,,,,,,,,,,,,,,,,,,,,,,,,,,,,,,,,,,,,,,,,,,,,,,,,,,,,,,,,,,,,,,,,,,,,,,,,,,,
3-day-dinner-napkin,3 DAY Dinner Napkin,"<p>The cutest custom embroidered text and icons on a white cotton napkin. The choice is yours! </p>
<p>Included in the base price is 1 accent. If you would like multiple elements such as the initials and lemon, that will be an additional $18 per item. All embroidery will be done in the bottom right corner. We recommend 4 for a set. </p>
<p><strong>Our napkins are made to order!</strong></p>",Abbode Embroidery,Home & Garden > Linens & Bedding > Table Linens > Cloth Napkins,Embroidery,"3-Day Embroidery, embroidery product, icon, revoq-no-withdrawal, webster-skip",false,Title,Default Title,,,,,,,,DN-XX-3D,136.077711,shopify,deny,manual,44.00,,true,true,,,,,,https://cdn.shopify.com/s/files/1/0321/4956/9675/files/CustomInitialNapkins.png?v=1686758604,1,"",false,,,,,,,,,,,,,,,,,,,,,,,,,,,,,,,,,,,,,,,,,,,,,,,,,,,,,,,,,,,,,,,,,,,,,,,,,lb,,1.83,true,,,true,,,true,,,true,,,true,,,true,,,true,,,true,,,true,,,true,,,true,,,true,,,true,,,true,,,true,,,true,,,true,,,true,,,true,,,true,,,true,,,true,,,true,,,true,,,true,,,true,,,true,,,true,,,true,,,true,,,true,,,true,,,true,,,true,,,draft
3-day-dinner-napkin,,,,,,,,,,,,,,,,,,,,,,,,,,,,,,,https://cdn.shopify.com/s/files/1/0321/4956/9675/files/Customweddinggiftembroidereddishtowels.png?v=1695003894,2,"",,,,,,,,,,,,,,,,,,,,,,,,,,,,,,,,,,,,,,,,,,,,,,,,,,,,,,,,,,,,,,,,,,,,,,,,,,,,,,,,,,,,,,,,,,,,,,,,,,,,,,,,,,,,,,,,,,,,,,,,,,,,,,,,,,,,,,,,,,,,,,,,,,,,,,,,,,,,,,,,,,,,,,,,,,,,,,,,,,,
3-day-dinner-napkin,,,,,,,,,,,,,,,,,,,,,,,,,,,,,,,https://cdn.shopify.com/s/files/1/0321/4956/9675/products/9_4ba7ee38-71bf-41ca-b593-d649717060b1.png?v=1695003894,3,"",,,,,,,,,,,,,,,,,,,,,,,,,,,,,,,,,,,,,,,,,,,,,,,,,,,,,,,,,,,,,,,,,,,,,,,,,,,,,,,,,,,,,,,,,,,,,,,,,,,,,,,,,,,,,,,,,,,,,,,,,,,,,,,,,,,,,,,,,,,,,,,,,,,,,,,,,,,,,,,,,,,,,,,,,,,,,,,,,,,
3-day-dinner-napkin,,,,,,,,,,,,,,,,,,,,,,,,,,,,,,,https://cdn.shopify.com/s/files/1/0321/4956/9675/products/14_8ac186d9-368e-480d-bf38-9eb5c74720ff.png?v=1695003894,4,"",,,,,,,,,,,,,,,,,,,,,,,,,,,,,,,,,,,,,,,,,,,,,,,,,,,,,,,,,,,,,,,,,,,,,,,,,,,,,,,,,,,,,,,,,,,,,,,,,,,,,,,,,,,,,,,,,,,,,,,,,,,,,,,,,,,,,,,,,,,,,,,,,,,,,,,,,,,,,,,,,,,,,,,,,,,,,,,,,,,
tan-frenchie-dog-embroidered-icon,Tan Frenchie Dog Embroidered Icon,"",Abbode Embroidery Design,Product Add-Ons > Product Customization,Embroidery Design,"hidden, icon, instant_exclude, revoq-no-withdrawal, webster-live",true,Size,Small,,,,,,,,ICON-46416410345729,0.0,,deny,manual,24.00,,true,true,,,,,,https://cdn.shopify.com/s/files/1/0321/4956/9675/files/Frenchie_Tan.png?v=1779836347,1,"",false,,,,,,,,,,,,,,,,,ICON-CU,,,,,,,,,,,,,,,,,,,,'1,,,,,,,,,,,,,,,,,,,,,,,,,,,,,,,,,,,,lb,,,false,,,false,,,false,,,false,,,false,,,false,,,false,,,false,,,false,,,false,,,false,,,false,,,false,,,false,,,false,,,false,,,false,,,false,,,false,,,false,,,false,,,false,,,false,,,false,,,false,,,false,,,false,,,false,,,false,,,false,,,false,,,false,,,false,,,false,,,active
tan-frenchie-dog-embroidered-icon,,,,,,,,,Medium,,,,,,,,ICON-46416410378497,0.0,,deny,manual,24.00,,true,true,,,,,,,,,,,,,,,,,,,,,,,,,,,,,,,,,,,,,,,,,,,,,,,,,,,,,,,,,,,,,,,,,,,,,,,,,,,,,,,,,,lb,,,,,,,,,,,,,,,,,,,,,,,,,,,,,,,,,,,,,,,,,,,,,,,,,,,,,,,,,,,,,,,,,,,,,,,,,,,,,,,,,,,,,,,,,,,,,,,,,,,,,,,,,
tan-frenchie-dog-embroidered-icon,,,,,,,,,Large,,,,,,,,ICON-46416410411265,0.0,,deny,manual,48.00,,true,true,,,,,,,,,,,,,,,,,,,,,,,,,,,,,,,,,,,,,,,,,,,,,,,,,,,,,,,,,,,,,,,,,,,,,,,,,,,,,,,,,,lb,,,,,,,,,,,,,,,,,,,,,,,,,,,,,,,,,,,,,,,,,,,,,,,,,,,,,,,,,,,,,,,,,,,,,,,,,,,,,,,,,,,,,,,,,,,,,,,,,,,,,,,,,
tan-and-dark-grey-frenchie-dog-embroidered-icon-copy,Tan and Dark Grey Frenchie Dog Embroidered Icon,"",Abbode Embroidery Design,Product Add-Ons > Product Customization,Embroidery Design,"hidden, icon, instant_exclude, revoq-no-withdrawal, webster-live",true,Size,Small,,,,,,,,ICON-46416409755905,0.0,,deny,manual,24.00,,true,true,,,,,,https://cdn.shopify.com/s/files/1/0321/4956/9675/files/2_Color_Frenchie.png?v=1779836347,1,"",false,,,,,,,,,,,,,,,,,ICON-CU,,,,,,,,,,,,,,,,,,,,'1,,,,,,,,,,,,,,,,,,,,,,,,,,,,,,,,,,,,lb,,,false,,,false,,,false,,,false,,,false,,,false,,,false,,,false,,,false,,,false,,,false,,,false,,,false,,,false,,,false,,,false,,,false,,,false,,,false,,,false,,,false,,,false,,,false,,,false,,,false,,,false,,,false,,,false,,,false,,,false,,,false,,,false,,,false,,,false,,,active
tan-and-dark-grey-frenchie-dog-embroidered-icon-copy,,,,,,,,,Medium,,,,,,,,ICON-46416409788673,0.0,,deny,manual,24.00,,true,true,,,,,,,,,,,,,,,,,,,,,,,,,,,,,,,,,,,,,,,,,,,,,,,,,,,,,,,,,,,,,,,,,,,,,,,,,,,,,,,,,,lb,,,,,,,,,,,,,,,,,,,,,,,,,,,,,,,,,,,,,,,,,,,,,,,,,,,,,,,,,,,,,,,,,,,,,,,,,,,,,,,,,,,,,,,,,,,,,,,,,,,,,,,,,
tan-and-dark-grey-frenchie-dog-embroidered-icon-copy,,,,,,,,,Large,,,,,,,,ICON-46416409821441,0.0,,deny,manual,48.00,,true,true,,,,,,,,,,,,,,,,,,,,,,,,,,,,,,,,,,,,,,,,,,,,,,,,,,,,,,,,,,,,,,,,,,,,,,,,,,,,,,,,,,lb,,,,,,,,,,,,,,,,,,,,,,,,,,,,,,,,,,,,,,,,,,,,,,,,,,,,,,,,,,,,,,,,,,,,,,,,,,,,,,,,,,,,,,,,,,,,,,,,,,,,,,,,,
dark-grey-frenchie-dog-embroidered-icon,Dark Grey Frenchie Dog Embroidered Icon,"",Abbode Embroidery Design,Product Add-Ons > Product Customization,Embroidery Design,"hidden, icon, instant_exclude, revoq-no-withdrawal, webster-live",true,Size,Small,,,,,,,,ICON-46416409559297,0.0,,deny,manual,24.00,,true,true,,,,,,https://cdn.shopify.com/s/files/1/0321/4956/9675/files/frenchie_dark_grey.png?v=1779836347,1,"",false,,,,,,,,,,,,,,,,,ICON-CU,,,,,,,,,,,,,,,,,,,,'1,,,,,,,,,,,,,,,,,,,,,,,,,,,,,,,,,,,,lb,,,false,,,false,,,false,,,false,,,false,,,false,,,false,,,false,,,false,,,false,,,false,,,false,,,false,,,false,,,false,,,false,,,false,,,false,,,false,,,false,,,false,,,false,,,false,,,false,,,false,,,false,,,false,,,false,,,false,,,false,,,false,,,false,,,false,,,false,,,active
dark-grey-frenchie-dog-embroidered-icon,,,,,,,,,Medium,,,,,,,,ICON-46416409592065,0.0,,deny,manual,24.00,,true,true,,,,,,,,,,,,,,,,,,,,,,,,,,,,,,,,,,,,,,,,,,,,,,,,,,,,,,,,,,,,,,,,,,,,,,,,,,,,,,,,,,lb,,,,,,,,,,,,,,,,,,,,,,,,,,,,,,,,,,,,,,,,,,,,,,,,,,,,,,,,,,,,,,,,,,,,,,,,,,,,,,,,,,,,,,,,,,,,,,,,,,,,,,,,,
dark-grey-frenchie-dog-embroidered-icon,,,,,,,,,Large,,,,,,,,ICON-46416409624833,0.0,,deny,manual,48.00,,true,true,,,,,,,,,,,,,,,,,,,,,,,,,,,,,,,,,,,,,,,,,,,,,,,,,,,,,,,,,,,,,,,,,,,,,,,,,,,,,,,,,,lb,,,,,,,,,,,,,,,,,,,,,,,,,,,,,,,,,,,,,,,,,,,,,,,,,,,,,,,,,,,,,,,,,,,,,,,,,,,,,,,,,,,,,,,,,,,,,,,,,,,,,,,,,
short-hair-black-and-white-cat-embroidered-icon-1,Short Hair Black and White Cat Embroidered Icon,"",Abbode Embroidery Design,Arts & Entertainment > Hobbies & Creative Arts > Arts & Crafts > Art & Crafting Materials > Embellishments & Trims > Appliques & Patches > Embroidered Patches,Embroidery Design,"hidden, icon, instant_exclude, revoq-no-withdrawal, webster-live",true,Size,Small,,,,,,,,ICON-46405764514049,0.0,,deny,manual,24.00,,true,true,,,,,,https://cdn.shopify.com/s/files/1/0321/4956/9675/files/ShortHairBlackandWhiteCat.png?v=1779836347,1,"",false,,,,,,,,,,,,,,,,,ICON-CU,,,,,,,,,,,,,,,,,,,,'1,,,,,,,,,,,,,,,,,,,,,,,,,,,,,,,,,,,,lb,,,false,,,false,,,false,,,false,,,false,,,false,,,false,,,false,,,false,,,false,,,false,,,false,,,false,,,false,,,false,,,false,,,false,,,false,,,false,,,false,,,false,,,false,,,false,,,false,,,false,,,false,,,false,,,false,,,false,,,false,,,false,,,false,,,false,,,false,,,active
short-hair-black-and-white-cat-embroidered-icon-1,,,,,,,,,Medium,,,,,,,,ICON-46405764546817,0.0,,deny,manual,24.00,,true,true,,,,,,,,,,,,,,,,,,,,,,,,,,,,,,,,,,,,,,,,,,,,,,,,,,,,,,,,,,,,,,,,,,,,,,,,,,,,,,,,,,lb,,,,,,,,,,,,,,,,,,,,,,,,,,,,,,,,,,,,,,,,,,,,,,,,,,,,,,,,,,,,,,,,,,,,,,,,,,,,,,,,,,,,,,,,,,,,,,,,,,,,,,,,,
short-hair-black-and-white-cat-embroidered-icon-1,,,,,,,,,Large,,,,,,,,ICON-46405764579585,0.0,,deny,manual,48.00,,true,true,,,,,,,,,,,,,,,,,,,,,,,,,,,,,,,,,,,,,,,,,,,,,,,,,,,,,,,,,,,,,,,,,,,,,,,,,,,,,,,,,,lb,,,,,,,,,,,,,,,,,,,,,,,,,,,,,,,,,,,,,,,,,,,,,,,,,,,,,,,,,,,,,,,,,,,,,,,,,,,,,,,,,,,,,,,,,,,,,,,,,,,,,,,,,
siamese-cat-embroidered-icon,Siamese Cat Embroidered Icon,"",Abbode Embroidery Design,Product Add-Ons > Product Customization,Embroidery Design,"hidden, icon, instant_exclude, revoq-no-withdrawal, webster-live",true,Size,Small,,,,,,,,ICON-46386792038657,0.0,,deny,manual,24.00,,true,true,,,,,,https://cdn.shopify.com/s/files/1/0321/4956/9675/files/Siamese_Cat.png?v=1779837547,1,"",false,,,,,,,,,,,,,,,,,ICON-CU,,,,,,,,,,,,,,,,,,,,'1,,,,,,,,,,,,,,,,,,,,,,,,,,,,,,,,,,,,lb,,,false,,,false,,,false,,,false,,,false,,,false,,,false,,,false,,,false,,,false,,,false,,,false,,,false,,,false,,,false,,,false,,,false,,,false,,,false,,,false,,,false,,,false,,,false,,,false,,,false,,,false,,,false,,,false,,,false,,,false,,,false,,,false,,,false,,,false,,,active
siamese-cat-embroidered-icon,,,,,,,,,Medium,,,,,,,,ICON-46386792071425,0.0,,deny,manual,24.00,,true,true,,,,,,,,,,,,,,,,,,,,,,,,,,,,,,,,,,,,,,,,,,,,,,,,,,,,,,,,,,,,,,,,,,,,,,,,,,,,,,,,,,lb,,,,,,,,,,,,,,,,,,,,,,,,,,,,,,,,,,,,,,,,,,,,,,,,,,,,,,,,,,,,,,,,,,,,,,,,,,,,,,,,,,,,,,,,,,,,,,,,,,,,,,,,,
siamese-cat-embroidered-icon,,,,,,,,,Large,,,,,,,,ICON-46386792104193,0.0,,deny,manual,48.00,,true,true,,,,,,,,,,,,,,,,,,,,,,,,,,,,,,,,,,,,,,,,,,,,,,,,,,,,,,,,,,,,,,,,,,,,,,,,,,,,,,,,,,lb,,,,,,,,,,,,,,,,,,,,,,,,,,,,,,,,,,,,,,,,,,,,,,,,,,,,,,,,,,,,,,,,,,,,,,,,,,,,,,,,,,,,,,,,,,,,,,,,,,,,,,,,,
short-hair-orange-cat-embroidered-icon,Short Hair Orange Cat Embroidered Icon,"",Abbode Embroidery Design,Product Add-Ons > Product Customization,Embroidery Design,"hidden, icon, instant_exclude, revoq-no-withdrawal, webster-live",true,Size,Small,,,,,,,,ICON-46386789581057,0.0,,deny,manual,24.00,,true,true,,,,,,https://cdn.shopify.com/s/files/1/0321/4956/9675/files/Short_Hair_Orange_Cat.png?v=1779837547,1,"",false,,,,,,,,,,,,,,,,,ICON-CU,,,,,,,,,,,,,,,,,,,,'1,,,,,,,,,,,,,,,,,,,,,,,,,,,,,,,,,,,,lb,,,false,,,false,,,false,,,false,,,false,,,false,,,false,,,false,,,false,,,false,,,false,,,false,,,false,,,false,,,false,,,false,,,false,,,false,,,false,,,false,,,false,,,false,,,false,,,false,,,false,,,false,,,false,,,false,,,false,,,false,,,false,,,false,,,false,,,false,,,active
short-hair-orange-cat-embroidered-icon,,,,,,,,,Medium,,,,,,,,ICON-46386789613825,0.0,,deny,manual,24.00,,true,true,,,,,,,,,,,,,,,,,,,,,,,,,,,,,,,,,,,,,,,,,,,,,,,,,,,,,,,,,,,,,,,,,,,,,,,,,,,,,,,,,,lb,,,,,,,,,,,,,,,,,,,,,,,,,,,,,,,,,,,,,,,,,,,,,,,,,,,,,,,,,,,,,,,,,,,,,,,,,,,,,,,,,,,,,,,,,,,,,,,,,,,,,,,,,
short-hair-orange-cat-embroidered-icon,,,,,,,,,Large,,,,,,,,ICON-46386789646593,0.0,,deny,manual,48.00,,true,true,,,,,,,,,,,,,,,,,,,,,,,,,,,,,,,,,,,,,,,,,,,,,,,,,,,,,,,,,,,,,,,,,,,,,,,,,,,,,,,,,,lb,,,,,,,,,,,,,,,,,,,,,,,,,,,,,,,,,,,,,,,,,,,,,,,,,,,,,,,,,,,,,,,,,,,,,,,,,,,,,,,,,,,,,,,,,,,,,,,,,,,,,,,,,
short-hair-orange-and-white-cat-embroidered-icon,Short Hair Orange and White Cat Embroidered Icon,"",Abbode Embroidery Design,Product Add-Ons > Product Customization,Embroidery Design,"hidden, icon, instant_exclude, revoq-no-withdrawal, webster-live",false,Size,Small,,,,,,,,ICON-46386786959617,0.0,,deny,manual,24.00,,true,true,,,,,,https://cdn.shopify.com/s/files/1/0321/4956/9675/files/Short_Hair_Orange_and_White_Cat.png?v=1749581504,1,"",false,,,,,,,,,,,,,,,,,,,,,,,,,,,,,,,,,,,,,'1,,,,,,,,,,,,,,,,,,,,,,,,,,,,,,,,,,,,lb,,,true,,,true,,,true,,,true,,,true,,,true,,,true,,,true,,,true,,,true,,,true,,,true,,,true,,,true,,,true,,,true,,,true,,,true,,,true,,,true,,,true,,,true,,,true,,,true,,,true,,,true,,,true,,,true,,,true,,,true,,,true,,,true,,,true,,,true,,,active
short-hair-orange-and-white-cat-embroidered-icon,,,,,,,,,Medium,,,,,,,,ICON-46386786992385,0.0,,deny,manual,24.00,,true,true,,,,,,,,,,,,,,,,,,,,,,,,,,,,,,,,,,,,,,,,,,,,,,,,,,,,,,,,,,,,,,,,,,,,,,,,,,,,,,,,,,lb,,,,,,,,,,,,,,,,,,,,,,,,,,,,,,,,,,,,,,,,,,,,,,,,,,,,,,,,,,,,,,,,,,,,,,,,,,,,,,,,,,,,,,,,,,,,,,,,,,,,,,,,,
short-hair-orange-and-white-cat-embroidered-icon,,,,,,,,,Large,,,,,,,,ICON-46386787025153,0.0,,deny,manual,48.00,,true,true,,,,,,,,,,,,,,,,,,,,,,,,,,,,,,,,,,,,,,,,,,,,,,,,,,,,,,,,,,,,,,,,,,,,,,,,,,,,,,,,,,lb,,,,,,,,,,,,,,,,,,,,,,,,,,,,,,,,,,,,,,,,,,,,,,,,,,,,,,,,,,,,,,,,,,,,,,,,,,,,,,,,,,,,,,,,,,,,,,,,,,,,,,,,,
short-hair-grey-cat-embroidered-icon,Short Hair Grey Cat Embroidered Icon,"",Abbode Embroidery Design,Product Add-Ons > Product Customization,Embroidery Design,"hidden, icon, instant_exclude, revoq-no-withdrawal, webster-live",true,Size,Small,,,,,,,,ICON-46386783027457,0.0,,deny,manual,24.00,,true,true,,,,,,https://cdn.shopify.com/s/files/1/0321/4956/9675/files/Short_Hair_Grey_Cat.png?v=1779837547,1,"",false,,,,,,,,,,,,,,,,,ICON-CU,,,,,,,,,,,,,,,,,,,,'1,,,,,,,,,,,,,,,,,,,,,,,,,,,,,,,,,,,,lb,,,false,,,false,,,false,,,false,,,false,,,false,,,false,,,false,,,false,,,false,,,false,,,false,,,false,,,false,,,false,,,false,,,false,,,false,,,false,,,false,,,false,,,false,,,false,,,false,,,false,,,false,,,false,,,false,,,false,,,false,,,false,,,false,,,false,,,false,,,active
short-hair-grey-cat-embroidered-icon,,,,,,,,,Medium,,,,,,,,ICON-46386783060225,0.0,,deny,manual,24.00,,true,true,,,,,,,,,,,,,,,,,,,,,,,,,,,,,,,,,,,,,,,,,,,,,,,,,,,,,,,,,,,,,,,,,,,,,,,,,,,,,,,,,,lb,,,,,,,,,,,,,,,,,,,,,,,,,,,,,,,,,,,,,,,,,,,,,,,,,,,,,,,,,,,,,,,,,,,,,,,,,,,,,,,,,,,,,,,,,,,,,,,,,,,,,,,,,
short-hair-grey-cat-embroidered-icon,,,,,,,,,Large,,,,,,,,ICON-46386783092993,0.0,,deny,manual,48.00,,true,true,,,,,,,,,,,,,,,,,,,,,,,,,,,,,,,,,,,,,,,,,,,,,,,,,,,,,,,,,,,,,,,,,,,,,,,,,,,,,,,,,,lb,,,,,,,,,,,,,,,,,,,,,,,,,,,,,,,,,,,,,,,,,,,,,,,,,,,,,,,,,,,,,,,,,,,,,,,,,,,,,,,,,,,,,,,,,,,,,,,,,,,,,,,,,
short-hair-calico-cat-embroidered-icon,Short Hair Calico Cat Embroidered Icon,"",Abbode Embroidery Design,Product Add-Ons > Product Customization,Embroidery Design,"hidden, icon, instant_exclude, revoq-no-withdrawal, webster-live",true,Size,Small,,,,,,,,ICON-46386777751809,0.0,,deny,manual,24.00,,true,true,,,,,,https://cdn.shopify.com/s/files/1/0321/4956/9675/files/Short_Hair_Calico_Cat.png?v=1779837547,1,"",false,,,,,,,,,,,,,,,,,ICON-CU,,,,,,,,,,,,,,,,,,,,'1,,,,,,,,,,,,,,,,,,,,,,,,,,,,,,,,,,,,lb,,,false,,,false,,,false,,,false,,,false,,,false,,,false,,,false,,,false,,,false,,,false,,,false,,,false,,,false,,,false,,,false,,,false,,,false,,,false,,,false,,,false,,,false,,,false,,,false,,,false,,,false,,,false,,,false,,,false,,,false,,,false,,,false,,,false,,,false,,,active
short-hair-calico-cat-embroidered-icon,,,,,,,,,Medium,,,,,,,,ICON-46386777784577,0.0,,deny,manual,24.00,,true,true,,,,,,,,,,,,,,,,,,,,,,,,,,,,,,,,,,,,,,,,,,,,,,,,,,,,,,,,,,,,,,,,,,,,,,,,,,,,,,,,,,lb,,,,,,,,,,,,,,,,,,,,,,,,,,,,,,,,,,,,,,,,,,,,,,,,,,,,,,,,,,,,,,,,,,,,,,,,,,,,,,,,,,,,,,,,,,,,,,,,,,,,,,,,,
short-hair-calico-cat-embroidered-icon,,,,,,,,,Large,,,,,,,,ICON-46386777817345,0.0,,deny,manual,48.00,,true,true,,,,,,,,,,,,,,,,,,,,,,,,,,,,,,,,,,,,,,,,,,,,,,,,,,,,,,,,,,,,,,,,,,,,,,,,,,,,,,,,,,lb,,,,,,,,,,,,,,,,,,,,,,,,,,,,,,,,,,,,,,,,,,,,,,,,,,,,,,,,,,,,,,,,,,,,,,,,,,,,,,,,,,,,,,,,,,,,,,,,,,,,,,,,,
short-hair-black-cat-embroidered-icon,Short Hair Black Cat Embroidered Icon,"",Abbode Embroidery Design,Product Add-Ons > Product Customization,Embroidery Design,"hidden, icon, instant_exclude, revoq-no-withdrawal, webster-live",true,Size,Small,,,,,,,,ICON-46386775458049,0.0,,deny,manual,24.00,,true,true,,,,,,https://cdn.shopify.com/s/files/1/0321/4956/9675/files/Short_Hair_Black_Cat.png?v=1779837547,1,"",false,,,,,,,,,,,,,,,,,ICON-CU,,,,,,,,,,,,,,,,,,,,'1,,,,,,,,,,,,,,,,,,,,,,,,,,,,,,,,,,,,lb,,,false,,,false,,,false,,,false,,,false,,,false,,,false,,,false,,,false,,,false,,,false,,,false,,,false,,,false,,,false,,,false,,,false,,,false,,,false,,,false,,,false,,,false,,,false,,,false,,,false,,,false,,,false,,,false,,,false,,,false,,,false,,,false,,,false,,,false,,,active
short-hair-black-cat-embroidered-icon,,,,,,,,,Medium,,,,,,,,ICON-46386775490817,0.0,,deny,manual,24.00,,true,true,,,,,,,,,,,,,,,,,,,,,,,,,,,,,,,,,,,,,,,,,,,,,,,,,,,,,,,,,,,,,,,,,,,,,,,,,,,,,,,,,,lb,,,,,,,,,,,,,,,,,,,,,,,,,,,,,,,,,,,,,,,,,,,,,,,,,,,,,,,,,,,,,,,,,,,,,,,,,,,,,,,,,,,,,,,,,,,,,,,,,,,,,,,,,
short-hair-black-cat-embroidered-icon,,,,,,,,,Large,,,,,,,,ICON-46386775523585,0.0,,deny,manual,48.00,,true,true,,,,,,,,,,,,,,,,,,,,,,,,,,,,,,,,,,,,,,,,,,,,,,,,,,,,,,,,,,,,,,,,,,,,,,,,,,,,,,,,,,lb,,,,,,,,,,,,,,,,,,,,,,,,,,,,,,,,,,,,,,,,,,,,,,,,,,,,,,,,,,,,,,,,,,,,,,,,,,,,,,,,,,,,,,,,,,,,,,,,,,,,,,,,,
short-hair-black-and-white-cat-embroidered-icon,Short Hair Black and White Cat Embroidered Icon,"",Abbode Embroidery Design,Product Add-Ons > Product Customization,Embroidery Design,"hidden, icon, instant_exclude, revoq-no-withdrawal, webster-live",true,Size,Small,,,,,,,,ICON-46386773721345,0.0,,deny,manual,24.00,,true,true,,,,,,https://cdn.shopify.com/s/files/1/0321/4956/9675/files/Short_Hair_Black_and_White_Cat.png?v=1779837547,1,"",false,,,,,,,,,,,,,,,,,ICON-CU,,,,,,,,,,,,,,,,,,,,'1,,,,,,,,,,,,,,,,,,,,,,,,,,,,,,,,,,,,lb,,,false,,,false,,,false,,,false,,,false,,,false,,,false,,,false,,,false,,,false,,,false,,,false,,,false,,,false,,,false,,,false,,,false,,,false,,,false,,,false,,,false,,,false,,,false,,,false,,,false,,,false,,,false,,,false,,,false,,,false,,,false,,,false,,,false,,,false,,,active
short-hair-black-and-white-cat-embroidered-icon,,,,,,,,,Medium,,,,,,,,ICON-46386773754113,0.0,,deny,manual,24.00,,true,true,,,,,,,,,,,,,,,,,,,,,,,,,,,,,,,,,,,,,,,,,,,,,,,,,,,,,,,,,,,,,,,,,,,,,,,,,,,,,,,,,,lb,,,,,,,,,,,,,,,,,,,,,,,,,,,,,,,,,,,,,,,,,,,,,,,,,,,,,,,,,,,,,,,,,,,,,,,,,,,,,,,,,,,,,,,,,,,,,,,,,,,,,,,,,
short-hair-black-and-white-cat-embroidered-icon,,,,,,,,,Large,,,,,,,,ICON-46386773786881,0.0,,deny,manual,48.00,,true,true,,,,,,,,,,,,,,,,,,,,,,,,,,,,,,,,,,,,,,,,,,,,,,,,,,,,,,,,,,,,,,,,,,,,,,,,,,,,,,,,,,lb,,,,,,,,,,,,,,,,,,,,,,,,,,,,,,,,,,,,,,,,,,,,,,,,,,,,,,,,,,,,,,,,,,,,,,,,,,,,,,,,,,,,,,,,,,,,,,,,,,,,,,,,,
long-hair-striped-cat-embroidered-icon,Long Hair Striped Cat Embroidered Icon,"",Abbode Embroidery Design,Product Add-Ons > Product Customization,Embroidery Design,"hidden, icon, instant_exclude, revoq-no-withdrawal, webster-live",true,Size,Small,,,,,,,,ICON-46386771689729,0.0,,deny,manual,24.00,,true,true,,,,,,https://cdn.shopify.com/s/files/1/0321/4956/9675/files/Long_Hair_Striped_Cat.png?v=1779837547,1,"",false,,,,,,,,,,,,,,,,,ICON-CU,,,,,,,,,,,,,,,,,,,,'1,,,,,,,,,,,,,,,,,,,,,,,,,,,,,,,,,,,,lb,,,false,,,false,,,false,,,false,,,false,,,false,,,false,,,false,,,false,,,false,,,false,,,false,,,false,,,false,,,false,,,false,,,false,,,false,,,false,,,false,,,false,,,false,,,false,,,false,,,false,,,false,,,false,,,false,,,false,,,false,,,false,,,false,,,false,,,false,,,active
long-hair-striped-cat-embroidered-icon,,,,,,,,,Medium,,,,,,,,ICON-46386771722497,0.0,,deny,manual,24.00,,true,true,,,,,,,,,,,,,,,,,,,,,,,,,,,,,,,,,,,,,,,,,,,,,,,,,,,,,,,,,,,,,,,,,,,,,,,,,,,,,,,,,,lb,,,,,,,,,,,,,,,,,,,,,,,,,,,,,,,,,,,,,,,,,,,,,,,,,,,,,,,,,,,,,,,,,,,,,,,,,,,,,,,,,,,,,,,,,,,,,,,,,,,,,,,,,
long-hair-striped-cat-embroidered-icon,,,,,,,,,Large,,,,,,,,ICON-46386771755265,0.0,,deny,manual,48.00,,true,true,,,,,,,,,,,,,,,,,,,,,,,,,,,,,,,,,,,,,,,,,,,,,,,,,,,,,,,,,,,,,,,,,,,,,,,,,,,,,,,,,,lb,,,,,,,,,,,,,,,,,,,,,,,,,,,,,,,,,,,,,,,,,,,,,,,,,,,,,,,,,,,,,,,,,,,,,,,,,,,,,,,,,,,,,,,,,,,,,,,,,,,,,,,,,
long-hair-orange-cat-embroidered-icon,Long Hair Orange Cat Embroidered Icon,"",Abbode Embroidery Design,Product Add-Ons > Product Customization,Embroidery Design,"hidden, icon, instant_exclude, revoq-no-withdrawal, webster-live",true,Size,Small,,,,,,,,ICON-46386769887489,0.0,,deny,manual,24.00,,true,true,,,,,,https://cdn.shopify.com/s/files/1/0321/4956/9675/files/Long_Hair_Orange_Cat.png?v=1779837547,1,"",false,,,,,,,,,,,,,,,,,ICON-CU,,,,,,,,,,,,,,,,,,,,'1,,,,,,,,,,,,,,,,,,,,,,,,,,,,,,,,,,,,lb,,,false,,,false,,,false,,,false,,,false,,,false,,,false,,,false,,,false,,,false,,,false,,,false,,,false,,,false,,,false,,,false,,,false,,,false,,,false,,,false,,,false,,,false,,,false,,,false,,,false,,,false,,,false,,,false,,,false,,,false,,,false,,,false,,,false,,,false,,,active
long-hair-orange-cat-embroidered-icon,,,,,,,,,Medium,,,,,,,,ICON-46386769920257,0.0,,deny,manual,24.00,,true,true,,,,,,,,,,,,,,,,,,,,,,,,,,,,,,,,,,,,,,,,,,,,,,,,,,,,,,,,,,,,,,,,,,,,,,,,,,,,,,,,,,lb,,,,,,,,,,,,,,,,,,,,,,,,,,,,,,,,,,,,,,,,,,,,,,,,,,,,,,,,,,,,,,,,,,,,,,,,,,,,,,,,,,,,,,,,,,,,,,,,,,,,,,,,,
long-hair-orange-cat-embroidered-icon,,,,,,,,,Large,,,,,,,,ICON-46386769953025,0.0,,deny,manual,48.00,,true,true,,,,,,,,,,,,,,,,,,,,,,,,,,,,,,,,,,,,,,,,,,,,,,,,,,,,,,,,,,,,,,,,,,,,,,,,,,,,,,,,,,lb,,,,,,,,,,,,,,,,,,,,,,,,,,,,,,,,,,,,,,,,,,,,,,,,,,,,,,,,,,,,,,,,,,,,,,,,,,,,,,,,,,,,,,,,,,,,,,,,,,,,,,,,,
long-hair-orange-and-white-cat-embroidered-icon,Long Hair Orange and White Cat Embroidered Icon,"",Abbode Embroidery Design,Product Add-Ons > Product Customization,Embroidery Design,"hidden, icon, instant_exclude, revoq-no-withdrawal, webster-live",true,Size,Small,,,,,,,,ICON-46386766774529,0.0,,deny,manual,24.00,,true,true,,,,,,https://cdn.shopify.com/s/files/1/0321/4956/9675/files/Long_Hair_Orange_and_White_Cat.png?v=1779837547,1,"",false,,,,,,,,,,,,,,,,,ICON-CU,,,,,,,,,,,,,,,,,,,,'1,,,,,,,,,,,,,,,,,,,,,,,,,,,,,,,,,,,,lb,,,false,,,false,,,false,,,false,,,false,,,false,,,false,,,false,,,false,,,false,,,false,,,false,,,false,,,false,,,false,,,false,,,false,,,false,,,false,,,false,,,false,,,false,,,false,,,false,,,false,,,false,,,false,,,false,,,false,,,false,,,false,,,false,,,false,,,false,,,active
long-hair-orange-and-white-cat-embroidered-icon,,,,,,,,,Medium,,,,,,,,ICON-46386766807297,0.0,,deny,manual,24.00,,true,true,,,,,,,,,,,,,,,,,,,,,,,,,,,,,,,,,,,,,,,,,,,,,,,,,,,,,,,,,,,,,,,,,,,,,,,,,,,,,,,,,,lb,,,,,,,,,,,,,,,,,,,,,,,,,,,,,,,,,,,,,,,,,,,,,,,,,,,,,,,,,,,,,,,,,,,,,,,,,,,,,,,,,,,,,,,,,,,,,,,,,,,,,,,,,
long-hair-orange-and-white-cat-embroidered-icon,,,,,,,,,Large,,,,,,,,ICON-46386766840065,0.0,,deny,manual,48.00,,true,true,,,,,,,,,,,,,,,,,,,,,,,,,,,,,,,,,,,,,,,,,,,,,,,,,,,,,,,,,,,,,,,,,,,,,,,,,,,,,,,,,,lb,,,,,,,,,,,,,,,,,,,,,,,,,,,,,,,,,,,,,,,,,,,,,,,,,,,,,,,,,,,,,,,,,,,,,,,,,,,,,,,,,,,,,,,,,,,,,,,,,,,,,,,,,
long-hair-grey-cat-embroidered-icon,Long Hair Grey Cat Embroidered Icon,"",Abbode Embroidery Design,Product Add-Ons > Product Customization,Embroidery Design,"hidden, icon, instant_exclude, revoq-no-withdrawal, webster-live",true,Size,Small,,,,,,,,ICON-46386763563265,0.0,,deny,manual,24.00,,true,true,,,,,,https://cdn.shopify.com/s/files/1/0321/4956/9675/files/Long_Hair_Grey_Cat.png?v=1779837548,1,"",false,,,,,,,,,,,,,,,,,ICON-CU,,,,,,,,,,,,,,,,,,,,'1,,,,,,,,,,,,,,,,,,,,,,,,,,,,,,,,,,,,lb,,,false,,,false,,,false,,,false,,,false,,,false,,,false,,,false,,,false,,,false,,,false,,,false,,,false,,,false,,,false,,,false,,,false,,,false,,,false,,,false,,,false,,,false,,,false,,,false,,,false,,,false,,,false,,,false,,,false,,,false,,,false,,,false,,,false,,,false,,,active
long-hair-grey-cat-embroidered-icon,,,,,,,,,Medium,,,,,,,,ICON-46386763596033,0.0,,deny,manual,24.00,,true,true,,,,,,,,,,,,,,,,,,,,,,,,,,,,,,,,,,,,,,,,,,,,,,,,,,,,,,,,,,,,,,,,,,,,,,,,,,,,,,,,,,lb,,,,,,,,,,,,,,,,,,,,,,,,,,,,,,,,,,,,,,,,,,,,,,,,,,,,,,,,,,,,,,,,,,,,,,,,,,,,,,,,,,,,,,,,,,,,,,,,,,,,,,,,,
long-hair-grey-cat-embroidered-icon,,,,,,,,,Large,,,,,,,,ICON-46386763628801,0.0,,deny,manual,48.00,,true,true,,,,,,,,,,,,,,,,,,,,,,,,,,,,,,,,,,,,,,,,,,,,,,,,,,,,,,,,,,,,,,,,,,,,,,,,,,,,,,,,,,lb,,,,,,,,,,,,,,,,,,,,,,,,,,,,,,,,,,,,,,,,,,,,,,,,,,,,,,,,,,,,,,,,,,,,,,,,,,,,,,,,,,,,,,,,,,,,,,,,,,,,,,,,,
long-hair-grey-and-white-cat-embroidered-icon,Long Hair Grey and White Cat Embroidered Icon,"",Abbode Embroidery Design,Product Add-Ons > Product Customization,Embroidery Design,"hidden, icon, instant_exclude, revoq-no-withdrawal, webster-live",true,Size,Small,,,,,,,,ICON-46386758254849,0.0,,deny,manual,24.00,,true,true,,,,,,https://cdn.shopify.com/s/files/1/0321/4956/9675/files/Long_Hair_Grey_and_White_Cat.png?v=1779837547,1,"",false,,,,,,,,,,,,,,,,,ICON-CU,,,,,,,,,,,,,,,,,,,,'1,,,,,,,,,,,,,,,,,,,,,,,,,,,,,,,,,,,,lb,,,false,,,false,,,false,,,false,,,false,,,false,,,false,,,false,,,false,,,false,,,false,,,false,,,false,,,false,,,false,,,false,,,false,,,false,,,false,,,false,,,false,,,false,,,false,,,false,,,false,,,false,,,false,,,false,,,false,,,false,,,false,,,false,,,false,,,false,,,active
long-hair-grey-and-white-cat-embroidered-icon,,,,,,,,,Medium,,,,,,,,ICON-46386758287617,0.0,,deny,manual,24.00,,true,true,,,,,,,,,,,,,,,,,,,,,,,,,,,,,,,,,,,,,,,,,,,,,,,,,,,,,,,,,,,,,,,,,,,,,,,,,,,,,,,,,,lb,,,,,,,,,,,,,,,,,,,,,,,,,,,,,,,,,,,,,,,,,,,,,,,,,,,,,,,,,,,,,,,,,,,,,,,,,,,,,,,,,,,,,,,,,,,,,,,,,,,,,,,,,
long-hair-grey-and-white-cat-embroidered-icon,,,,,,,,,Large,,,,,,,,ICON-46386758320385,0.0,,deny,manual,48.00,,true,true,,,,,,,,,,,,,,,,,,,,,,,,,,,,,,,,,,,,,,,,,,,,,,,,,,,,,,,,,,,,,,,,,,,,,,,,,,,,,,,,,,lb,,,,,,,,,,,,,,,,,,,,,,,,,,,,,,,,,,,,,,,,,,,,,,,,,,,,,,,,,,,,,,,,,,,,,,,,,,,,,,,,,,,,,,,,,,,,,,,,,,,,,,,,,
long-hair-calico-cat-embroidered-icon,Long Hair Calico Cat Embroidered Icon,"",Abbode Embroidery Design,Product Add-Ons > Product Customization,Embroidery Design,"hidden, icon, instant_exclude, revoq-no-withdrawal, webster-live",true,Size,Small,,,,,,,,ICON-46386756059393,0.0,,deny,manual,24.00,,true,true,,,,,,https://cdn.shopify.com/s/files/1/0321/4956/9675/files/Long_Hair_Calico_Cat.png?v=1779837547,1,"",false,,,,,,,,,,,,,,,,,ICON-CU,,,,,,,,,,,,,,,,,,,,'1,,,,,,,,,,,,,,,,,,,,,,,,,,,,,,,,,,,,lb,,,false,,,false,,,false,,,false,,,false,,,false,,,false,,,false,,,false,,,false,,,false,,,false,,,false,,,false,,,false,,,false,,,false,,,false,,,false,,,false,,,false,,,false,,,false,,,false,,,false,,,false,,,false,,,false,,,false,,,false,,,false,,,false,,,false,,,false,,,active
long-hair-calico-cat-embroidered-icon,,,,,,,,,Medium,,,,,,,,ICON-46386756092161,0.0,,deny,manual,24.00,,true,true,,,,,,,,,,,,,,,,,,,,,,,,,,,,,,,,,,,,,,,,,,,,,,,,,,,,,,,,,,,,,,,,,,,,,,,,,,,,,,,,,,lb,,,,,,,,,,,,,,,,,,,,,,,,,,,,,,,,,,,,,,,,,,,,,,,,,,,,,,,,,,,,,,,,,,,,,,,,,,,,,,,,,,,,,,,,,,,,,,,,,,,,,,,,,
long-hair-calico-cat-embroidered-icon,,,,,,,,,Large,,,,,,,,ICON-46386756124929,0.0,,deny,manual,48.00,,true,true,,,,,,,,,,,,,,,,,,,,,,,,,,,,,,,,,,,,,,,,,,,,,,,,,,,,,,,,,,,,,,,,,,,,,,,,,,,,,,,,,,lb,,,,,,,,,,,,,,,,,,,,,,,,,,,,,,,,,,,,,,,,,,,,,,,,,,,,,,,,,,,,,,,,,,,,,,,,,,,,,,,,,,,,,,,,,,,,,,,,,,,,,,,,,
long-hair-black-cat-embroidered-icon,Long Hair Black Cat Embroidered Icon,"",Abbode Embroidery Design,Product Add-Ons > Product Customization,Embroidery Design,"hidden, icon, instant_exclude, revoq-no-withdrawal, webster-live",true,Size,Small,,,,,,,,ICON-46386749440257,0.0,,deny,manual,24.00,,true,true,,,,,,https://cdn.shopify.com/s/files/1/0321/4956/9675/files/Long_Hair_Black_Cat.png?v=1779837547,1,"",false,,,,,,,,,,,,,,,,,ICON-CU,,,,,,,,,,,,,,,,,,,,'1,,,,,,,,,,,,,,,,,,,,,,,,,,,,,,,,,,,,lb,,,false,,,false,,,false,,,false,,,false,,,false,,,false,,,false,,,false,,,false,,,false,,,false,,,false,,,false,,,false,,,false,,,false,,,false,,,false,,,false,,,false,,,false,,,false,,,false,,,false,,,false,,,false,,,false,,,false,,,false,,,false,,,false,,,false,,,false,,,active
long-hair-black-cat-embroidered-icon,,,,,,,,,Medium,,,,,,,,ICON-46386749473025,0.0,,deny,manual,24.00,,true,true,,,,,,,,,,,,,,,,,,,,,,,,,,,,,,,,,,,,,,,,,,,,,,,,,,,,,,,,,,,,,,,,,,,,,,,,,,,,,,,,,,lb,,,,,,,,,,,,,,,,,,,,,,,,,,,,,,,,,,,,,,,,,,,,,,,,,,,,,,,,,,,,,,,,,,,,,,,,,,,,,,,,,,,,,,,,,,,,,,,,,,,,,,,,,
long-hair-black-cat-embroidered-icon,,,,,,,,,Large,,,,,,,,ICON-46386749505793,0.0,,deny,manual,48.00,,true,true,,,,,,,,,,,,,,,,,,,,,,,,,,,,,,,,,,,,,,,,,,,,,,,,,,,,,,,,,,,,,,,,,,,,,,,,,,,,,,,,,,lb,,,,,,,,,,,,,,,,,,,,,,,,,,,,,,,,,,,,,,,,,,,,,,,,,,,,,,,,,,,,,,,,,,,,,,,,,,,,,,,,,,,,,,,,,,,,,,,,,,,,,,,,,
long-hair-black-and-white-cat-embroidered-icon,Long Hair Black and White Cat Embroidered Icon,"",Abbode Embroidery Design,Product Add-Ons > Product Customization,Embroidery Design,"hidden, icon, instant_exclude, revoq-no-withdrawal, webster-live",true,Size,Small,,,,,,,,ICON-46386746884353,0.0,,deny,manual,24.00,,true,true,,,,,,https://cdn.shopify.com/s/files/1/0321/4956/9675/files/Long_Hair_Black_and_White_Cat.png?v=1779837547,1,"",false,,,,,,,,,,,,,,,,,ICON-CU,,,,,,,,,,,,,,,,,,,,'1,,,,,,,,,,,,,,,,,,,,,,,,,,,,,,,,,,,,lb,,,false,,,false,,,false,,,false,,,false,,,false,,,false,,,false,,,false,,,false,,,false,,,false,,,false,,,false,,,false,,,false,,,false,,,false,,,false,,,false,,,false,,,false,,,false,,,false,,,false,,,false,,,false,,,false,,,false,,,false,,,false,,,false,,,false,,,false,,,active
long-hair-black-and-white-cat-embroidered-icon,,,,,,,,,Medium,,,,,,,,ICON-46386746917121,0.0,,deny,manual,24.00,,true,true,,,,,,,,,,,,,,,,,,,,,,,,,,,,,,,,,,,,,,,,,,,,,,,,,,,,,,,,,,,,,,,,,,,,,,,,,,,,,,,,,,lb,,,,,,,,,,,,,,,,,,,,,,,,,,,,,,,,,,,,,,,,,,,,,,,,,,,,,,,,,,,,,,,,,,,,,,,,,,,,,,,,,,,,,,,,,,,,,,,,,,,,,,,,,
long-hair-black-and-white-cat-embroidered-icon,,,,,,,,,Large,,,,,,,,ICON-46386746949889,0.0,,deny,manual,48.00,,true,true,,,,,,,,,,,,,,,,,,,,,,,,,,,,,,,,,,,,,,,,,,,,,,,,,,,,,,,,,,,,,,,,,,,,,,,,,,,,,,,,,,lb,,,,,,,,,,,,,,,,,,,,,,,,,,,,,,,,,,,,,,,,,,,,,,,,,,,,,,,,,,,,,,,,,,,,,,,,,,,,,,,,,,,,,,,,,,,,,,,,,,,,,,,,,
balinese-cat-embroidered-icon,Balinese Cat Embroidered Icon,"",Abbode Embroidery Design,Product Add-Ons > Product Customization,Embroidery Design,"hidden, icon, instant_exclude, revoq-no-withdrawal, webster-live",true,Size,Small,,,,,,,,ICON-46386744426753,0.0,,deny,manual,24.00,,true,true,,,,,,https://cdn.shopify.com/s/files/1/0321/4956/9675/files/Balinese_Cat.png?v=1779837548,1,"",false,,,,,,,,,,,,,,,,,ICON-CU,,,,,,,,,,,,,,,,,,,,'1,,,,,,,,,,,,,,,,,,,,,,,,,,,,,,,,,,,,lb,,,false,,,false,,,false,,,false,,,false,,,false,,,false,,,false,,,false,,,false,,,false,,,false,,,false,,,false,,,false,,,false,,,false,,,false,,,false,,,false,,,false,,,false,,,false,,,false,,,false,,,false,,,false,,,false,,,false,,,false,,,false,,,false,,,false,,,false,,,active
balinese-cat-embroidered-icon,,,,,,,,,Medium,,,,,,,,ICON-46386744459521,0.0,,deny,manual,24.00,,true,true,,,,,,,,,,,,,,,,,,,,,,,,,,,,,,,,,,,,,,,,,,,,,,,,,,,,,,,,,,,,,,,,,,,,,,,,,,,,,,,,,,lb,,,,,,,,,,,,,,,,,,,,,,,,,,,,,,,,,,,,,,,,,,,,,,,,,,,,,,,,,,,,,,,,,,,,,,,,,,,,,,,,,,,,,,,,,,,,,,,,,,,,,,,,,
balinese-cat-embroidered-icon,,,,,,,,,Large,,,,,,,,ICON-46386744492289,0.0,,deny,manual,48.00,,true,true,,,,,,,,,,,,,,,,,,,,,,,,,,,,,,,,,,,,,,,,,,,,,,,,,,,,,,,,,,,,,,,,,,,,,,,,,,,,,,,,,,lb,,,,,,,,,,,,,,,,,,,,,,,,,,,,,,,,,,,,,,,,,,,,,,,,,,,,,,,,,,,,,,,,,,,,,,,,,,,,,,,,,,,,,,,,,,,,,,,,,,,,,,,,,
short-hair-grey-white-cat-embroidered-icon,Short Hair Grey & White Cat Embroidered Icon,"",Abbode Embroidery Design,Product Add-Ons > Product Customization,Embroidery Design,"hidden, icon, instant_exclude, revoq-no-withdrawal, webster-live",true,Size,Small,,,,,,,,ICON-46386739282177,0.0,,deny,manual,24.00,,true,true,,,,,,https://cdn.shopify.com/s/files/1/0321/4956/9675/files/Short_Hair_Grey_and_White_Cat.png?v=1779837548,1,"",false,,,,,,,,,,,,,,,,,ICON-CU,,,,,,,,,,,,,,,,,,,,'1,,,,,,,,,,,,,,,,,,,,,,,,,,,,,,,,,,,,lb,,,false,,,false,,,false,,,false,,,false,,,false,,,false,,,false,,,false,,,false,,,false,,,false,,,false,,,false,,,false,,,false,,,false,,,false,,,false,,,false,,,false,,,false,,,false,,,false,,,false,,,false,,,false,,,false,,,false,,,false,,,false,,,false,,,false,,,false,,,active
short-hair-grey-white-cat-embroidered-icon,,,,,,,,,Medium,,,,,,,,ICON-46386739314945,0.0,,deny,manual,24.00,,true,true,,,,,,,,,,,,,,,,,,,,,,,,,,,,,,,,,,,,,,,,,,,,,,,,,,,,,,,,,,,,,,,,,,,,,,,,,,,,,,,,,,lb,,,,,,,,,,,,,,,,,,,,,,,,,,,,,,,,,,,,,,,,,,,,,,,,,,,,,,,,,,,,,,,,,,,,,,,,,,,,,,,,,,,,,,,,,,,,,,,,,,,,,,,,,
short-hair-grey-white-cat-embroidered-icon,,,,,,,,,Large,,,,,,,,ICON-46386739347713,0.0,,deny,manual,48.00,,true,true,,,,,,,,,,,,,,,,,,,,,,,,,,,,,,,,,,,,,,,,,,,,,,,,,,,,,,,,,,,,,,,,,,,,,,,,,,,,,,,,,,lb,,,,,,,,,,,,,,,,,,,,,,,,,,,,,,,,,,,,,,,,,,,,,,,,,,,,,,,,,,,,,,,,,,,,,,,,,,,,,,,,,,,,,,,,,,,,,,,,,,,,,,,,,
short-hair-striped-cat-embroidered-icon,Short Hair Striped Cat Embroidered Icon,"",Abbode Embroidery Design,Product Add-Ons > Product Customization,Embroidery Design,"hidden, icon, instant_exclude, revoq-no-withdrawal, webster-live",true,Size,Small,,,,,,,,ICON-46386730598657,0.0,,deny,manual,24.00,,true,true,,,,,,https://cdn.shopify.com/s/files/1/0321/4956/9675/files/Short_Hair_Striped_Cat.png?v=1779837548,1,"",false,,,,,,,,,,,,,,,,,ICON-CU,,,,,,,,,,,,,,,,,,,,'1,,,,,,,,,,,,,,,,,,,,,,,,,,,,,,,,,,,,lb,,,false,,,false,,,false,,,false,,,false,,,false,,,false,,,false,,,false,,,false,,,false,,,false,,,false,,,false,,,false,,,false,,,false,,,false,,,false,,,false,,,false,,,false,,,false,,,false,,,false,,,false,,,false,,,false,,,false,,,false,,,false,,,false,,,false,,,false,,,active
short-hair-striped-cat-embroidered-icon,,,,,,,,,Medium,,,,,,,,ICON-46386730631425,0.0,,deny,manual,24.00,,true,true,,,,,,,,,,,,,,,,,,,,,,,,,,,,,,,,,,,,,,,,,,,,,,,,,,,,,,,,,,,,,,,,,,,,,,,,,,,,,,,,,,lb,,,,,,,,,,,,,,,,,,,,,,,,,,,,,,,,,,,,,,,,,,,,,,,,,,,,,,,,,,,,,,,,,,,,,,,,,,,,,,,,,,,,,,,,,,,,,,,,,,,,,,,,,
short-hair-striped-cat-embroidered-icon,,,,,,,,,Large,,,,,,,,ICON-46386730664193,0.0,,deny,manual,48.00,,true,true,,,,,,,,,,,,,,,,,,,,,,,,,,,,,,,,,,,,,,,,,,,,,,,,,,,,,,,,,,,,,,,,,,,,,,,,,,,,,,,,,,lb,,,,,,,,,,,,,,,,,,,,,,,,,,,,,,,,,,,,,,,,,,,,,,,,,,,,,,,,,,,,,,,,,,,,,,,,,,,,,,,,,,,,,,,,,,,,,,,,,,,,,,,,,
silverware-embroidered-icon,Silverware Embroidered Icon,"",Abbode Embroidery Design,Product Add-Ons > Product Customization,Embroidery Design,"hidden, icon, instant_exclude, revoq-no-withdrawal, webster-live",true,Size,Small,,,,,,,,ICON-46316086296833,0.0,,deny,manual,24.00,,true,true,,,,,,https://cdn.shopify.com/s/files/1/0321/4956/9675/files/Silverware.png?v=1779837548,1,"",false,,,,,,,,,,,,,,,,,ICON-CU,,,,,,,,,,,,,,,,,,,,'1,,,,,,,,,,,,,,,,,,,,,,,,,,,,,,,,,,,,lb,,,false,,,false,,,false,,,false,,,false,,,false,,,false,,,false,,,false,,,false,,,false,,,false,,,false,,,false,,,false,,,false,,,false,,,false,,,false,,,false,,,false,,,false,,,false,,,false,,,false,,,false,,,false,,,false,,,false,,,false,,,false,,,false,,,false,,,false,,,active
silverware-embroidered-icon,,,,,,,,,Medium,,,,,,,,ICON-46316086329601,0.0,,deny,manual,24.00,,true,true,,,,,,,,,,,,,,,,,,,,,,,,,,,,,,,,,,,,,,,,,,,,,,,,,,,,,,,,,,,,,,,,,,,,,,,,,,,,,,,,,,lb,,,,,,,,,,,,,,,,,,,,,,,,,,,,,,,,,,,,,,,,,,,,,,,,,,,,,,,,,,,,,,,,,,,,,,,,,,,,,,,,,,,,,,,,,,,,,,,,,,,,,,,,,
silverware-embroidered-icon,,,,,,,,,Large,,,,,,,,ICON-46316086362369,0.0,,deny,manual,48.00,,true,true,,,,,,,,,,,,,,,,,,,,,,,,,,,,,,,,,,,,,,,,,,,,,,,,,,,,,,,,,,,,,,,,,,,,,,,,,,,,,,,,,,lb,,,,,,,,,,,,,,,,,,,,,,,,,,,,,,,,,,,,,,,,,,,,,,,,,,,,,,,,,,,,,,,,,,,,,,,,,,,,,,,,,,,,,,,,,,,,,,,,,,,,,,,,,
bikini-embroidered-icon,Bikini Embroidered Icon,"",Abbode Embroidery Design,Product Add-Ons > Product Customization,Embroidery Design,"hidden, icon, instant_exclude, revoq-no-withdrawal, webster-live",true,Size,Small,,,,,,,,ICON-46316071190785,0.0,,deny,manual,24.00,,true,true,,,,,,https://cdn.shopify.com/s/files/1/0321/4956/9675/files/BIKINI.png?v=1779837547,1,"",false,,,,,,,,,,,,,,,,,ICON-CU,,,,,,,,,,,,,,,,,,,,'1,,,,,,,,,,,,,,,,,,,,,,,,,,,,,,,,,,,,lb,,,false,,,false,,,false,,,false,,,false,,,false,,,false,,,false,,,false,,,false,,,false,,,false,,,false,,,false,,,false,,,false,,,false,,,false,,,false,,,false,,,false,,,false,,,false,,,false,,,false,,,false,,,false,,,false,,,false,,,false,,,false,,,false,,,false,,,false,,,active
bikini-embroidered-icon,,,,,,,,,Medium,,,,,,,,ICON-46316071223553,0.0,,deny,manual,24.00,,true,true,,,,,,,,,,,,,,,,,,,,,,,,,,,,,,,,,,,,,,,,,,,,,,,,,,,,,,,,,,,,,,,,,,,,,,,,,,,,,,,,,,lb,,,,,,,,,,,,,,,,,,,,,,,,,,,,,,,,,,,,,,,,,,,,,,,,,,,,,,,,,,,,,,,,,,,,,,,,,,,,,,,,,,,,,,,,,,,,,,,,,,,,,,,,,
bikini-embroidered-icon,,,,,,,,,Large,,,,,,,,ICON-46316071256321,0.0,,deny,manual,48.00,,true,true,,,,,,,,,,,,,,,,,,,,,,,,,,,,,,,,,,,,,,,,,,,,,,,,,,,,,,,,,,,,,,,,,,,,,,,,,,,,,,,,,,lb,,,,,,,,,,,,,,,,,,,,,,,,,,,,,,,,,,,,,,,,,,,,,,,,,,,,,,,,,,,,,,,,,,,,,,,,,,,,,,,,,,,,,,,,,,,,,,,,,,,,,,,,,
aperol-bottle-embroidered-icon,Aperol Bottle Embroidered Icon,"",Abbode Embroidery Design,Product Add-Ons > Product Customization,Embroidery Design,"hidden, icon, instant_exclude, revoq-no-withdrawal, webster-live",true,Size,Small,,,,,,,,ICON-46316061982977,0.0,,deny,manual,24.00,,true,true,,,,,,https://cdn.shopify.com/s/files/1/0321/4956/9675/files/Aperol_Bottle.png?v=1779837548,1,"",false,,,,,,,,,,,,,,,,,ICON-CU,,,,,,,,,,,,,,,,,,,,'1,,,,,,,,,,,,,,,,,,,,,,,,,,,,,,,,,,,,lb,,,false,,,false,,,false,,,false,,,false,,,false,,,false,,,false,,,false,,,false,,,false,,,false,,,false,,,false,,,false,,,false,,,false,,,false,,,false,,,false,,,false,,,false,,,false,,,false,,,false,,,false,,,false,,,false,,,false,,,false,,,false,,,false,,,false,,,false,,,active
aperol-bottle-embroidered-icon,,,,,,,,,Medium,,,,,,,,ICON-46316062015745,0.0,,deny,manual,24.00,,true,true,,,,,,,,,,,,,,,,,,,,,,,,,,,,,,,,,,,,,,,,,,,,,,,,,,,,,,,,,,,,,,,,,,,,,,,,,,,,,,,,,,lb,,,,,,,,,,,,,,,,,,,,,,,,,,,,,,,,,,,,,,,,,,,,,,,,,,,,,,,,,,,,,,,,,,,,,,,,,,,,,,,,,,,,,,,,,,,,,,,,,,,,,,,,,
aperol-bottle-embroidered-icon,,,,,,,,,Large,,,,,,,,ICON-46316062048513,0.0,,deny,manual,48.00,,true,true,,,,,,,,,,,,,,,,,,,,,,,,,,,,,,,,,,,,,,,,,,,,,,,,,,,,,,,,,,,,,,,,,,,,,,,,,,,,,,,,,,lb,,,,,,,,,,,,,,,,,,,,,,,,,,,,,,,,,,,,,,,,,,,,,,,,,,,,,,,,,,,,,,,,,,,,,,,,,,,,,,,,,,,,,,,,,,,,,,,,,,,,,,,,,
tulips-embroidered-icon,Tulips Embroidered Icon,"",Abbode Embroidery Design,Product Add-Ons > Product Customization,Embroidery Design,"hidden, icon, instant_exclude, revoq-no-withdrawal, webster-live",true,Size,Small,,,,,,,,ICON-46316060770561,0.0,,deny,manual,24.00,,true,true,,,,,,https://cdn.shopify.com/s/files/1/0321/4956/9675/files/Tulips.png?v=1779837548,1,"",false,,,,,,,,,,,,,,,,,ICON-CU,,,,,,,,,,,,,,,,,,,,'1,,,,,,,,,,,,,,,,,,,,,,,,,,,,,,,,,,,,lb,,,false,,,false,,,false,,,false,,,false,,,false,,,false,,,false,,,false,,,false,,,false,,,false,,,false,,,false,,,false,,,false,,,false,,,false,,,false,,,false,,,false,,,false,,,false,,,false,,,false,,,false,,,false,,,false,,,false,,,false,,,false,,,false,,,false,,,false,,,active
tulips-embroidered-icon,,,,,,,,,Medium,,,,,,,,ICON-46316060803329,0.0,,deny,manual,24.00,,true,true,,,,,,,,,,,,,,,,,,,,,,,,,,,,,,,,,,,,,,,,,,,,,,,,,,,,,,,,,,,,,,,,,,,,,,,,,,,,,,,,,,lb,,,,,,,,,,,,,,,,,,,,,,,,,,,,,,,,,,,,,,,,,,,,,,,,,,,,,,,,,,,,,,,,,,,,,,,,,,,,,,,,,,,,,,,,,,,,,,,,,,,,,,,,,
tulips-embroidered-icon,,,,,,,,,Large,,,,,,,,ICON-46316060836097,0.0,,deny,manual,48.00,,true,true,,,,,,,,,,,,,,,,,,,,,,,,,,,,,,,,,,,,,,,,,,,,,,,,,,,,,,,,,,,,,,,,,,,,,,,,,,,,,,,,,,lb,,,,,,,,,,,,,,,,,,,,,,,,,,,,,,,,,,,,,,,,,,,,,,,,,,,,,,,,,,,,,,,,,,,,,,,,,,,,,,,,,,,,,,,,,,,,,,,,,,,,,,,,,
wine-bottle-embroidered-icon,Wine Bottle Embroidered Icon,"",Abbode Embroidery Design,Product Add-Ons > Product Customization,Embroidery Design,"hidden, icon, instant_exclude, revoq-no-withdrawal, webster-live",true,Size,Small,,,,,,,,ICON-46316059459841,0.0,,deny,manual,24.00,,true,true,,,,,,https://cdn.shopify.com/s/files/1/0321/4956/9675/files/Wine_Bottle.png?v=1779837548,1,"",false,,,,,,,,,,,,,,,,,ICON-CU,,,,,,,,,,,,,,,,,,,,'1,,,,,,,,,,,,,,,,,,,,,,,,,,,,,,,,,,,,lb,,,false,,,false,,,false,,,false,,,false,,,false,,,false,,,false,,,false,,,false,,,false,,,false,,,false,,,false,,,false,,,false,,,false,,,false,,,false,,,false,,,false,,,false,,,false,,,false,,,false,,,false,,,false,,,false,,,false,,,false,,,false,,,false,,,false,,,false,,,active
wine-bottle-embroidered-icon,,,,,,,,,Medium,,,,,,,,ICON-46316059492609,0.0,,deny,manual,24.00,,true,true,,,,,,,,,,,,,,,,,,,,,,,,,,,,,,,,,,,,,,,,,,,,,,,,,,,,,,,,,,,,,,,,,,,,,,,,,,,,,,,,,,lb,,,,,,,,,,,,,,,,,,,,,,,,,,,,,,,,,,,,,,,,,,,,,,,,,,,,,,,,,,,,,,,,,,,,,,,,,,,,,,,,,,,,,,,,,,,,,,,,,,,,,,,,,
wine-bottle-embroidered-icon,,,,,,,,,Large,,,,,,,,ICON-46316059525377,0.0,,deny,manual,48.00,,true,true,,,,,,,,,,,,,,,,,,,,,,,,,,,,,,,,,,,,,,,,,,,,,,,,,,,,,,,,,,,,,,,,,,,,,,,,,,,,,,,,,,lb,,,,,,,,,,,,,,,,,,,,,,,,,,,,,,,,,,,,,,,,,,,,,,,,,,,,,,,,,,,,,,,,,,,,,,,,,,,,,,,,,,,,,,,,,,,,,,,,,,,,,,,,,
fish-bone-embroidered-icon,Fish Bone Embroidered Icon,"",Abbode Embroidery Design,Product Add-Ons > Product Customization,Embroidery Design,"hidden, icon, instant_exclude, revoq-no-withdrawal, webster-live",true,Size,Small,,,,,,,,ICON-46316057362689,0.0,,deny,manual,24.00,,true,true,,,,,,https://cdn.shopify.com/s/files/1/0321/4956/9675/files/Fish_Bone.png?v=1779837548,1,"",false,,,,,,,,,,,,,,,,,ICON-CU,,,,,,,,,,,,,,,,,,,,'1,,,,,,,,,,,,,,,,,,,,,,,,,,,,,,,,,,,,lb,,,false,,,false,,,false,,,false,,,false,,,false,,,false,,,false,,,false,,,false,,,false,,,false,,,false,,,false,,,false,,,false,,,false,,,false,,,false,,,false,,,false,,,false,,,false,,,false,,,false,,,false,,,false,,,false,,,false,,,false,,,false,,,false,,,false,,,false,,,active
fish-bone-embroidered-icon,,,,,,,,,Medium,,,,,,,,ICON-46316057395457,0.0,,deny,manual,24.00,,true,true,,,,,,,,,,,,,,,,,,,,,,,,,,,,,,,,,,,,,,,,,,,,,,,,,,,,,,,,,,,,,,,,,,,,,,,,,,,,,,,,,,lb,,,,,,,,,,,,,,,,,,,,,,,,,,,,,,,,,,,,,,,,,,,,,,,,,,,,,,,,,,,,,,,,,,,,,,,,,,,,,,,,,,,,,,,,,,,,,,,,,,,,,,,,,
fish-bone-embroidered-icon,,,,,,,,,Large,,,,,,,,ICON-46316057428225,0.0,,deny,manual,48.00,,true,true,,,,,,,,,,,,,,,,,,,,,,,,,,,,,,,,,,,,,,,,,,,,,,,,,,,,,,,,,,,,,,,,,,,,,,,,,,,,,,,,,,lb,,,,,,,,,,,,,,,,,,,,,,,,,,,,,,,,,,,,,,,,,,,,,,,,,,,,,,,,,,,,,,,,,,,,,,,,,,,,,,,,,,,,,,,,,,,,,,,,,,,,,,,,,
sun-tan-lotion-embroidered-icon,Sun Tan Lotion Embroidered Icon,"",Abbode Embroidery Design,Product Add-Ons > Product Customization,Embroidery Design,"hidden, icon, instant_exclude, revoq-no-withdrawal, webster-live",true,Size,Small,,,,,,,,ICON-46316053561601,0.0,,deny,manual,24.00,,true,true,,,,,,https://cdn.shopify.com/s/files/1/0321/4956/9675/files/Suntan_Lotion.png?v=1779837548,1,"",false,,,,,,,,,,,,,,,,,ICON-CU,,,,,,,,,,,,,,,,,,,,'1,,,,,,,,,,,,,,,,,,,,,,,,,,,,,,,,,,,,lb,,,false,,,false,,,false,,,false,,,false,,,false,,,false,,,false,,,false,,,false,,,false,,,false,,,false,,,false,,,false,,,false,,,false,,,false,,,false,,,false,,,false,,,false,,,false,,,false,,,false,,,false,,,false,,,false,,,false,,,false,,,false,,,false,,,false,,,false,,,active
sun-tan-lotion-embroidered-icon,,,,,,,,,Medium,,,,,,,,ICON-46316053594369,0.0,,deny,manual,24.00,,true,true,,,,,,,,,,,,,,,,,,,,,,,,,,,,,,,,,,,,,,,,,,,,,,,,,,,,,,,,,,,,,,,,,,,,,,,,,,,,,,,,,,lb,,,,,,,,,,,,,,,,,,,,,,,,,,,,,,,,,,,,,,,,,,,,,,,,,,,,,,,,,,,,,,,,,,,,,,,,,,,,,,,,,,,,,,,,,,,,,,,,,,,,,,,,,
sun-tan-lotion-embroidered-icon,,,,,,,,,Large,,,,,,,,ICON-46316053627137,0.0,,deny,manual,48.00,,true,true,,,,,,,,,,,,,,,,,,,,,,,,,,,,,,,,,,,,,,,,,,,,,,,,,,,,,,,,,,,,,,,,,,,,,,,,,,,,,,,,,,lb,,,,,,,,,,,,,,,,,,,,,,,,,,,,,,,,,,,,,,,,,,,,,,,,,,,,,,,,,,,,,,,,,,,,,,,,,,,,,,,,,,,,,,,,,,,,,,,,,,,,,,,,,
surf-board-embroidered-icon,Surf Board Embroidered Icon,"",Abbode Embroidery Design,Product Add-Ons > Product Customization,Embroidery Design,"hidden, icon, instant_exclude, revoq-no-withdrawal, webster-live",true,Size,Small,,,,,,,,ICON-46316049367297,0.0,,deny,manual,24.00,,true,true,,,,,,https://cdn.shopify.com/s/files/1/0321/4956/9675/files/SURF_BOARD.png?v=1779837549,1,"",false,,,,,,,,,,,,,,,,,ICON-CU,,,,,,,,,,,,,,,,,,,,'1,,,,,,,,,,,,,,,,,,,,,,,,,,,,,,,,,,,,lb,,,false,,,false,,,false,,,false,,,false,,,false,,,false,,,false,,,false,,,false,,,false,,,false,,,false,,,false,,,false,,,false,,,false,,,false,,,false,,,false,,,false,,,false,,,false,,,false,,,false,,,false,,,false,,,false,,,false,,,false,,,false,,,false,,,false,,,false,,,active
surf-board-embroidered-icon,,,,,,,,,Medium,,,,,,,,ICON-46316049400065,0.0,,deny,manual,24.00,,true,true,,,,,,,,,,,,,,,,,,,,,,,,,,,,,,,,,,,,,,,,,,,,,,,,,,,,,,,,,,,,,,,,,,,,,,,,,,,,,,,,,,lb,,,,,,,,,,,,,,,,,,,,,,,,,,,,,,,,,,,,,,,,,,,,,,,,,,,,,,,,,,,,,,,,,,,,,,,,,,,,,,,,,,,,,,,,,,,,,,,,,,,,,,,,,
surf-board-embroidered-icon,,,,,,,,,Large,,,,,,,,ICON-46316049432833,0.0,,deny,manual,48.00,,true,true,,,,,,,,,,,,,,,,,,,,,,,,,,,,,,,,,,,,,,,,,,,,,,,,,,,,,,,,,,,,,,,,,,,,,,,,,,,,,,,,,,lb,,,,,,,,,,,,,,,,,,,,,,,,,,,,,,,,,,,,,,,,,,,,,,,,,,,,,,,,,,,,,,,,,,,,,,,,,,,,,,,,,,,,,,,,,,,,,,,,,,,,,,,,,
sunglasses-2-embroidered-icon,Sunglasses 2 Embroidered Icon,"",Abbode Embroidery Design,Product Add-Ons > Product Customization,Embroidery Design,"hidden, icon, instant_exclude, revoq-no-withdrawal, webster-live",true,Size,Small,,,,,,,,ICON-46316045074689,0.0,,deny,manual,24.00,,true,true,,,,,,https://cdn.shopify.com/s/files/1/0321/4956/9675/files/Sunglasses2.png?v=1779837548,1,"",false,,,,,,,,,,,,,,,,,ICON-CU,,,,,,,,,,,,,,,,,,,,'1,,,,,,,,,,,,,,,,,,,,,,,,,,,,,,,,,,,,lb,,,false,,,false,,,false,,,false,,,false,,,false,,,false,,,false,,,false,,,false,,,false,,,false,,,false,,,false,,,false,,,false,,,false,,,false,,,false,,,false,,,false,,,false,,,false,,,false,,,false,,,false,,,false,,,false,,,false,,,false,,,false,,,false,,,false,,,false,,,active
sunglasses-2-embroidered-icon,,,,,,,,,Medium,,,,,,,,ICON-46316045107457,0.0,,deny,manual,24.00,,true,true,,,,,,,,,,,,,,,,,,,,,,,,,,,,,,,,,,,,,,,,,,,,,,,,,,,,,,,,,,,,,,,,,,,,,,,,,,,,,,,,,,lb,,,,,,,,,,,,,,,,,,,,,,,,,,,,,,,,,,,,,,,,,,,,,,,,,,,,,,,,,,,,,,,,,,,,,,,,,,,,,,,,,,,,,,,,,,,,,,,,,,,,,,,,,
sunglasses-2-embroidered-icon,,,,,,,,,Large,,,,,,,,ICON-46316045140225,0.0,,deny,manual,48.00,,true,true,,,,,,,,,,,,,,,,,,,,,,,,,,,,,,,,,,,,,,,,,,,,,,,,,,,,,,,,,,,,,,,,,,,,,,,,,,,,,,,,,,lb,,,,,,,,,,,,,,,,,,,,,,,,,,,,,,,,,,,,,,,,,,,,,,,,,,,,,,,,,,,,,,,,,,,,,,,,,,,,,,,,,,,,,,,,,,,,,,,,,,,,,,,,,
bicycle-embroidered-icon,Bicycle Embroidered Icon,"",Abbode Embroidery Design,Product Add-Ons > Product Customization,Embroidery Design,"hidden, icon, instant_exclude, revoq-no-withdrawal, webster-live",true,Size,Small,,,,,,,,ICON-46316040585473,0.0,,deny,manual,24.00,,true,true,,,,,,https://cdn.shopify.com/s/files/1/0321/4956/9675/files/Bicycle.png?v=1779837548,1,"",false,,,,,,,,,,,,,,,,,ICON-CU,,,,,,,,,,,,,,,,,,,,'1,,,,,,,,,,,,,,,,,,,,,,,,,,,,,,,,,,,,lb,,,false,,,false,,,false,,,false,,,false,,,false,,,false,,,false,,,false,,,false,,,false,,,false,,,false,,,false,,,false,,,false,,,false,,,false,,,false,,,false,,,false,,,false,,,false,,,false,,,false,,,false,,,false,,,false,,,false,,,false,,,false,,,false,,,false,,,false,,,active
bicycle-embroidered-icon,,,,,,,,,Medium,,,,,,,,ICON-46316040618241,0.0,,deny,manual,24.00,,true,true,,,,,,,,,,,,,,,,,,,,,,,,,,,,,,,,,,,,,,,,,,,,,,,,,,,,,,,,,,,,,,,,,,,,,,,,,,,,,,,,,,lb,,,,,,,,,,,,,,,,,,,,,,,,,,,,,,,,,,,,,,,,,,,,,,,,,,,,,,,,,,,,,,,,,,,,,,,,,,,,,,,,,,,,,,,,,,,,,,,,,,,,,,,,,
bicycle-embroidered-icon,,,,,,,,,Large,,,,,,,,ICON-46316040651009,0.0,,deny,manual,48.00,,true,true,,,,,,,,,,,,,,,,,,,,,,,,,,,,,,,,,,,,,,,,,,,,,,,,,,,,,,,,,,,,,,,,,,,,,,,,,,,,,,,,,,lb,,,,,,,,,,,,,,,,,,,,,,,,,,,,,,,,,,,,,,,,,,,,,,,,,,,,,,,,,,,,,,,,,,,,,,,,,,,,,,,,,,,,,,,,,,,,,,,,,,,,,,,,,
anchor-embroidered-icon,Anchor Embroidered Icon,"",Abbode Embroidery Design,Product Add-Ons > Product Customization,Embroidery Design,"hidden, icon, instant_exclude, revoq-no-withdrawal, webster-live",true,Size,Small,,,,,,,,ICON-46316035047681,0.0,,deny,manual,24.00,,true,true,,,,,,https://cdn.shopify.com/s/files/1/0321/4956/9675/files/Anchor.png?v=1779837548,1,"",false,,,,,,,,,,,,,,,,,ICON-CU,,,,,,,,,,,,,,,,,,,,'1,,,,,,,,,,,,,,,,,,,,,,,,,,,,,,,,,,,,lb,,,false,,,false,,,false,,,false,,,false,,,false,,,false,,,false,,,false,,,false,,,false,,,false,,,false,,,false,,,false,,,false,,,false,,,false,,,false,,,false,,,false,,,false,,,false,,,false,,,false,,,false,,,false,,,false,,,false,,,false,,,false,,,false,,,false,,,false,,,active
anchor-embroidered-icon,,,,,,,,,Medium,,,,,,,,ICON-46316035080449,0.0,,deny,manual,24.00,,true,true,,,,,,,,,,,,,,,,,,,,,,,,,,,,,,,,,,,,,,,,,,,,,,,,,,,,,,,,,,,,,,,,,,,,,,,,,,,,,,,,,,lb,,,,,,,,,,,,,,,,,,,,,,,,,,,,,,,,,,,,,,,,,,,,,,,,,,,,,,,,,,,,,,,,,,,,,,,,,,,,,,,,,,,,,,,,,,,,,,,,,,,,,,,,,
anchor-embroidered-icon,,,,,,,,,Large,,,,,,,,ICON-46316035113217,0.0,,deny,manual,48.00,,true,true,,,,,,,,,,,,,,,,,,,,,,,,,,,,,,,,,,,,,,,,,,,,,,,,,,,,,,,,,,,,,,,,,,,,,,,,,,,,,,,,,,lb,,,,,,,,,,,,,,,,,,,,,,,,,,,,,,,,,,,,,,,,,,,,,,,,,,,,,,,,,,,,,,,,,,,,,,,,,,,,,,,,,,,,,,,,,,,,,,,,,,,,,,,,,
sunglasses-embroidered-icon,Sunglasses Embroidered Icon,"",Abbode Embroidery Design,Product Add-Ons > Product Customization,Embroidery Design,"hidden, icon, instant_exclude, revoq-no-withdrawal, webster-live",true,Size,Small,,,,,,,,ICON-46316027805953,0.0,,deny,manual,24.00,,true,true,,,,,,https://cdn.shopify.com/s/files/1/0321/4956/9675/files/Sunglasses.png?v=1779837548,1,"",false,,,,,,,,,,,,,,,,,ICON-CU,,,,,,,,,,,,,,,,,,,,'1,,,,,,,,,,,,,,,,,,,,,,,,,,,,,,,,,,,,lb,,,false,,,false,,,false,,,false,,,false,,,false,,,false,,,false,,,false,,,false,,,false,,,false,,,false,,,false,,,false,,,false,,,false,,,false,,,false,,,false,,,false,,,false,,,false,,,false,,,false,,,false,,,false,,,false,,,false,,,false,,,false,,,false,,,false,,,false,,,active
sunglasses-embroidered-icon,,,,,,,,,Medium,,,,,,,,ICON-46316027838721,0.0,,deny,manual,24.00,,true,true,,,,,,,,,,,,,,,,,,,,,,,,,,,,,,,,,,,,,,,,,,,,,,,,,,,,,,,,,,,,,,,,,,,,,,,,,,,,,,,,,,lb,,,,,,,,,,,,,,,,,,,,,,,,,,,,,,,,,,,,,,,,,,,,,,,,,,,,,,,,,,,,,,,,,,,,,,,,,,,,,,,,,,,,,,,,,,,,,,,,,,,,,,,,,
sunglasses-embroidered-icon,,,,,,,,,Large,,,,,,,,ICON-46316027871489,0.0,,deny,manual,48.00,,true,true,,,,,,,,,,,,,,,,,,,,,,,,,,,,,,,,,,,,,,,,,,,,,,,,,,,,,,,,,,,,,,,,,,,,,,,,,,,,,,,,,,lb,,,,,,,,,,,,,,,,,,,,,,,,,,,,,,,,,,,,,,,,,,,,,,,,,,,,,,,,,,,,,,,,,,,,,,,,,,,,,,,,,,,,,,,,,,,,,,,,,,,,,,,,,
bikini-polka-dot-embroidered-icon,Bikini Polka Dot Embroidered Icon,"",Abbode Embroidery Design,Product Add-Ons > Product Customization,Embroidery Design,"hidden, icon, instant_exclude, revoq-no-withdrawal, webster-live",true,Size,Small,,,,,,,,ICON-46316016337153,0.0,,deny,manual,24.00,,true,true,,,,,,https://cdn.shopify.com/s/files/1/0321/4956/9675/files/BIKINI_POLKA_DOT.png?v=1779837549,1,"",false,,,,,,,,,,,,,,,,,ICON-CU,,,,,,,,,,,,,,,,,,,,'1,,,,,,,,,,,,,,,,,,,,,,,,,,,,,,,,,,,,lb,,,false,,,false,,,false,,,false,,,false,,,false,,,false,,,false,,,false,,,false,,,false,,,false,,,false,,,false,,,false,,,false,,,false,,,false,,,false,,,false,,,false,,,false,,,false,,,false,,,false,,,false,,,false,,,false,,,false,,,false,,,false,,,false,,,false,,,false,,,active
bikini-polka-dot-embroidered-icon,,,,,,,,,Medium,,,,,,,,ICON-46316016369921,0.0,,deny,manual,24.00,,true,true,,,,,,,,,,,,,,,,,,,,,,,,,,,,,,,,,,,,,,,,,,,,,,,,,,,,,,,,,,,,,,,,,,,,,,,,,,,,,,,,,,lb,,,,,,,,,,,,,,,,,,,,,,,,,,,,,,,,,,,,,,,,,,,,,,,,,,,,,,,,,,,,,,,,,,,,,,,,,,,,,,,,,,,,,,,,,,,,,,,,,,,,,,,,,
bikini-polka-dot-embroidered-icon,,,,,,,,,Large,,,,,,,,ICON-46316016402689,0.0,,deny,manual,48.00,,true,true,,,,,,,,,,,,,,,,,,,,,,,,,,,,,,,,,,,,,,,,,,,,,,,,,,,,,,,,,,,,,,,,,,,,,,,,,,,,,,,,,,lb,,,,,,,,,,,,,,,,,,,,,,,,,,,,,,,,,,,,,,,,,,,,,,,,,,,,,,,,,,,,,,,,,,,,,,,,,,,,,,,,,,,,,,,,,,,,,,,,,,,,,,,,,
moped-embroidered-icon,Moped Embroidered Icon,"",Abbode Embroidery Design,Product Add-Ons > Product Customization,Embroidery Design,"hidden, icon, instant_exclude, revoq-no-withdrawal, webster-live",true,Size,Small,,,,,,,,ICON-46316015124737,0.0,,deny,manual,24.00,,true,true,,,,,,https://cdn.shopify.com/s/files/1/0321/4956/9675/files/Moped.png?v=1779837548,1,"",false,,,,,,,,,,,,,,,,,ICON-CU,,,,,,,,,,,,,,,,,,,,'1,,,,,,,,,,,,,,,,,,,,,,,,,,,,,,,,,,,,lb,,,false,,,false,,,false,,,false,,,false,,,false,,,false,,,false,,,false,,,false,,,false,,,false,,,false,,,false,,,false,,,false,,,false,,,false,,,false,,,false,,,false,,,false,,,false,,,false,,,false,,,false,,,false,,,false,,,false,,,false,,,false,,,false,,,false,,,false,,,active
moped-embroidered-icon,,,,,,,,,Medium,,,,,,,,ICON-46316015157505,0.0,,deny,manual,24.00,,true,true,,,,,,,,,,,,,,,,,,,,,,,,,,,,,,,,,,,,,,,,,,,,,,,,,,,,,,,,,,,,,,,,,,,,,,,,,,,,,,,,,,lb,,,,,,,,,,,,,,,,,,,,,,,,,,,,,,,,,,,,,,,,,,,,,,,,,,,,,,,,,,,,,,,,,,,,,,,,,,,,,,,,,,,,,,,,,,,,,,,,,,,,,,,,,
moped-embroidered-icon,,,,,,,,,Large,,,,,,,,ICON-46316015190273,0.0,,deny,manual,48.00,,true,true,,,,,,,,,,,,,,,,,,,,,,,,,,,,,,,,,,,,,,,,,,,,,,,,,,,,,,,,,,,,,,,,,,,,,,,,,,,,,,,,,,lb,,,,,,,,,,,,,,,,,,,,,,,,,,,,,,,,,,,,,,,,,,,,,,,,,,,,,,,,,,,,,,,,,,,,,,,,,,,,,,,,,,,,,,,,,,,,,,,,,,,,,,,,,
convertible-embroidered-icon,Convertible Embroidered Icon,"",Abbode Embroidery Design,Product Add-Ons > Product Customization,Embroidery Design,"hidden, icon, instant_exclude, revoq-no-withdrawal, webster-live",true,Size,Small,,,,,,,,ICON-46316013551873,0.0,,deny,manual,24.00,,true,true,,,,,,https://cdn.shopify.com/s/files/1/0321/4956/9675/files/Convertable.png?v=1779837548,1,"",false,,,,,,,,,,,,,,,,,ICON-CU,,,,,,,,,,,,,,,,,,,,'1,,,,,,,,,,,,,,,,,,,,,,,,,,,,,,,,,,,,lb,,,false,,,false,,,false,,,false,,,false,,,false,,,false,,,false,,,false,,,false,,,false,,,false,,,false,,,false,,,false,,,false,,,false,,,false,,,false,,,false,,,false,,,false,,,false,,,false,,,false,,,false,,,false,,,false,,,false,,,false,,,false,,,false,,,false,,,false,,,active
convertible-embroidered-icon,,,,,,,,,Medium,,,,,,,,ICON-46316013584641,0.0,,deny,manual,24.00,,true,true,,,,,,,,,,,,,,,,,,,,,,,,,,,,,,,,,,,,,,,,,,,,,,,,,,,,,,,,,,,,,,,,,,,,,,,,,,,,,,,,,,lb,,,,,,,,,,,,,,,,,,,,,,,,,,,,,,,,,,,,,,,,,,,,,,,,,,,,,,,,,,,,,,,,,,,,,,,,,,,,,,,,,,,,,,,,,,,,,,,,,,,,,,,,,
convertible-embroidered-icon,,,,,,,,,Large,,,,,,,,ICON-46316013617409,0.0,,deny,manual,48.00,,true,true,,,,,,,,,,,,,,,,,,,,,,,,,,,,,,,,,,,,,,,,,,,,,,,,,,,,,,,,,,,,,,,,,,,,,,,,,,,,,,,,,,lb,,,,,,,,,,,,,,,,,,,,,,,,,,,,,,,,,,,,,,,,,,,,,,,,,,,,,,,,,,,,,,,,,,,,,,,,,,,,,,,,,,,,,,,,,,,,,,,,,,,,,,,,,
crab-embroidered-icon,Crab Embroidered Icon,"",Abbode Embroidery Design,Product Add-Ons > Product Customization,Embroidery Design,"hidden, icon, instant_exclude, revoq-no-withdrawal, webster-live",true,Size,Small,,,,,,,,ICON-46316011847937,0.0,,deny,manual,24.00,,true,true,,,,,,https://cdn.shopify.com/s/files/1/0321/4956/9675/files/Crab.png?v=1779837549,1,"",false,,,,,,,,,,,,,,,,,ICON-CU,,,,,,,,,,,,,,,,,,,,'1,,,,,,,,,,,,,,,,,,,,,,,,,,,,,,,,,,,,lb,,,false,,,false,,,false,,,false,,,false,,,false,,,false,,,false,,,false,,,false,,,false,,,false,,,false,,,false,,,false,,,false,,,false,,,false,,,false,,,false,,,false,,,false,,,false,,,false,,,false,,,false,,,false,,,false,,,false,,,false,,,false,,,false,,,false,,,false,,,active
crab-embroidered-icon,,,,,,,,,Medium,,,,,,,,ICON-46316011880705,0.0,,deny,manual,24.00,,true,true,,,,,,,,,,,,,,,,,,,,,,,,,,,,,,,,,,,,,,,,,,,,,,,,,,,,,,,,,,,,,,,,,,,,,,,,,,,,,,,,,,lb,,,,,,,,,,,,,,,,,,,,,,,,,,,,,,,,,,,,,,,,,,,,,,,,,,,,,,,,,,,,,,,,,,,,,,,,,,,,,,,,,,,,,,,,,,,,,,,,,,,,,,,,,
crab-embroidered-icon,,,,,,,,,Large,,,,,,,,ICON-46316011913473,0.0,,deny,manual,48.00,,true,true,,,,,,,,,,,,,,,,,,,,,,,,,,,,,,,,,,,,,,,,,,,,,,,,,,,,,,,,,,,,,,,,,,,,,,,,,,,,,,,,,,lb,,,,,,,,,,,,,,,,,,,,,,,,,,,,,,,,,,,,,,,,,,,,,,,,,,,,,,,,,,,,,,,,,,,,,,,,,,,,,,,,,,,,,,,,,,,,,,,,,,,,,,,,,
umbrella-embroidered-icon,Umbrella Embroidered Icon,"",Abbode Embroidery Design,Product Add-Ons > Product Customization,Embroidery Design,"hidden, icon, instant_exclude, revoq-no-withdrawal, webster-live",true,Size,Small,,,,,,,,ICON-46316011094273,0.0,,deny,manual,24.00,,true,true,,,,,,https://cdn.shopify.com/s/files/1/0321/4956/9675/files/Umbrella.png?v=1779837548,1,"",false,,,,,,,,,,,,,,,,,ICON-CU,,,,,,,,,,,,,,,,,,,,'1,,,,,,,,,,,,,,,,,,,,,,,,,,,,,,,,,,,,lb,,,false,,,false,,,false,,,false,,,false,,,false,,,false,,,false,,,false,,,false,,,false,,,false,,,false,,,false,,,false,,,false,,,false,,,false,,,false,,,false,,,false,,,false,,,false,,,false,,,false,,,false,,,false,,,false,,,false,,,false,,,false,,,false,,,false,,,false,,,active
umbrella-embroidered-icon,,,,,,,,,Medium,,,,,,,,ICON-46316011127041,0.0,,deny,manual,24.00,,true,true,,,,,,,,,,,,,,,,,,,,,,,,,,,,,,,,,,,,,,,,,,,,,,,,,,,,,,,,,,,,,,,,,,,,,,,,,,,,,,,,,,lb,,,,,,,,,,,,,,,,,,,,,,,,,,,,,,,,,,,,,,,,,,,,,,,,,,,,,,,,,,,,,,,,,,,,,,,,,,,,,,,,,,,,,,,,,,,,,,,,,,,,,,,,,
umbrella-embroidered-icon,,,,,,,,,Large,,,,,,,,ICON-46316011159809,0.0,,deny,manual,48.00,,true,true,,,,,,,,,,,,,,,,,,,,,,,,,,,,,,,,,,,,,,,,,,,,,,,,,,,,,,,,,,,,,,,,,,,,,,,,,,,,,,,,,,lb,,,,,,,,,,,,,,,,,,,,,,,,,,,,,,,,,,,,,,,,,,,,,,,,,,,,,,,,,,,,,,,,,,,,,,,,,,,,,,,,,,,,,,,,,,,,,,,,,,,,,,,,,
sunscreen-embroidered-icon,Sunscreen Embroidered Icon,"",Abbode Embroidery Design,Product Add-Ons > Product Customization,Embroidery Design,"hidden, icon, instant_exclude, revoq-no-withdrawal, webster-live",true,Size,Small,,,,,,,,ICON-46316010504449,0.0,,deny,manual,24.00,,true,true,,,,,,https://cdn.shopify.com/s/files/1/0321/4956/9675/files/Sunscreen.png?v=1779837549,1,"",false,,,,,,,,,,,,,,,,,ICON-CU,,,,,,,,,,,,,,,,,,,,'1,,,,,,,,,,,,,,,,,,,,,,,,,,,,,,,,,,,,lb,,,false,,,false,,,false,,,false,,,false,,,false,,,false,,,false,,,false,,,false,,,false,,,false,,,false,,,false,,,false,,,false,,,false,,,false,,,false,,,false,,,false,,,false,,,false,,,false,,,false,,,false,,,false,,,false,,,false,,,false,,,false,,,false,,,false,,,false,,,active
sunscreen-embroidered-icon,,,,,,,,,Medium,,,,,,,,ICON-46316010537217,0.0,,deny,manual,24.00,,true,true,,,,,,,,,,,,,,,,,,,,,,,,,,,,,,,,,,,,,,,,,,,,,,,,,,,,,,,,,,,,,,,,,,,,,,,,,,,,,,,,,,lb,,,,,,,,,,,,,,,,,,,,,,,,,,,,,,,,,,,,,,,,,,,,,,,,,,,,,,,,,,,,,,,,,,,,,,,,,,,,,,,,,,,,,,,,,,,,,,,,,,,,,,,,,
sunscreen-embroidered-icon,,,,,,,,,Large,,,,,,,,ICON-46316010569985,0.0,,deny,manual,48.00,,true,true,,,,,,,,,,,,,,,,,,,,,,,,,,,,,,,,,,,,,,,,,,,,,,,,,,,,,,,,,,,,,,,,,,,,,,,,,,,,,,,,,,lb,,,,,,,,,,,,,,,,,,,,,,,,,,,,,,,,,,,,,,,,,,,,,,,,,,,,,,,,,,,,,,,,,,,,,,,,,,,,,,,,,,,,,,,,,,,,,,,,,,,,,,,,,
espresso-1-embroidered-icon,Espresso 1 Embroidered Icon,"",Abbode Embroidery Design,Product Add-Ons > Product Customization,Embroidery Design,"hidden, icon, instant_exclude, revoq-no-withdrawal, webster-live",true,Size,Small,,,,,,,,ICON-46316009259265,0.0,,deny,manual,24.00,,true,true,,,,,,https://cdn.shopify.com/s/files/1/0321/4956/9675/files/Espresso1.png?v=1779837549,1,"",false,,,,,,,,,,,,,,,,,ICON-CU,,,,,,,,,,,,,,,,,,,,'1,,,,,,,,,,,,,,,,,,,,,,,,,,,,,,,,,,,,lb,,,false,,,false,,,false,,,false,,,false,,,false,,,false,,,false,,,false,,,false,,,false,,,false,,,false,,,false,,,false,,,false,,,false,,,false,,,false,,,false,,,false,,,false,,,false,,,false,,,false,,,false,,,false,,,false,,,false,,,false,,,false,,,false,,,false,,,false,,,active
espresso-1-embroidered-icon,,,,,,,,,Medium,,,,,,,,ICON-46316009292033,0.0,,deny,manual,24.00,,true,true,,,,,,,,,,,,,,,,,,,,,,,,,,,,,,,,,,,,,,,,,,,,,,,,,,,,,,,,,,,,,,,,,,,,,,,,,,,,,,,,,,lb,,,,,,,,,,,,,,,,,,,,,,,,,,,,,,,,,,,,,,,,,,,,,,,,,,,,,,,,,,,,,,,,,,,,,,,,,,,,,,,,,,,,,,,,,,,,,,,,,,,,,,,,,
espresso-1-embroidered-icon,,,,,,,,,Large,,,,,,,,ICON-46316009324801,0.0,,deny,manual,48.00,,true,true,,,,,,,,,,,,,,,,,,,,,,,,,,,,,,,,,,,,,,,,,,,,,,,,,,,,,,,,,,,,,,,,,,,,,,,,,,,,,,,,,,lb,,,,,,,,,,,,,,,,,,,,,,,,,,,,,,,,,,,,,,,,,,,,,,,,,,,,,,,,,,,,,,,,,,,,,,,,,,,,,,,,,,,,,,,,,,,,,,,,,,,,,,,,,
4-fishes-embroidered-icon,4 Fishes Embroidered Icon,"",Abbode Embroidery Design,Product Add-Ons > Product Customization,Embroidery Design,"hidden, icon, instant_exclude, revoq-no-withdrawal, webster-live",true,Size,Small,,,,,,,,ICON-46316008243457,0.0,,deny,manual,24.00,,true,true,,,,,,https://cdn.shopify.com/s/files/1/0321/4956/9675/files/4_Fishes.png?v=1779837549,1,"",false,,,,,,,,,,,,,,,,,ICON-CU,,,,,,,,,,,,,,,,,,,,'1,,,,,,,,,,,,,,,,,,,,,,,,,,,,,,,,,,,,lb,,,false,,,false,,,false,,,false,,,false,,,false,,,false,,,false,,,false,,,false,,,false,,,false,,,false,,,false,,,false,,,false,,,false,,,false,,,false,,,false,,,false,,,false,,,false,,,false,,,false,,,false,,,false,,,false,,,false,,,false,,,false,,,false,,,false,,,false,,,active
4-fishes-embroidered-icon,,,,,,,,,Medium,,,,,,,,ICON-46316008276225,0.0,,deny,manual,24.00,,true,true,,,,,,,,,,,,,,,,,,,,,,,,,,,,,,,,,,,,,,,,,,,,,,,,,,,,,,,,,,,,,,,,,,,,,,,,,,,,,,,,,,lb,,,,,,,,,,,,,,,,,,,,,,,,,,,,,,,,,,,,,,,,,,,,,,,,,,,,,,,,,,,,,,,,,,,,,,,,,,,,,,,,,,,,,,,,,,,,,,,,,,,,,,,,,
4-fishes-embroidered-icon,,,,,,,,,Large,,,,,,,,ICON-46316008308993,0.0,,deny,manual,48.00,,true,true,,,,,,,,,,,,,,,,,,,,,,,,,,,,,,,,,,,,,,,,,,,,,,,,,,,,,,,,,,,,,,,,,,,,,,,,,,,,,,,,,,lb,,,,,,,,,,,,,,,,,,,,,,,,,,,,,,,,,,,,,,,,,,,,,,,,,,,,,,,,,,,,,,,,,,,,,,,,,,,,,,,,,,,,,,,,,,,,,,,,,,,,,,,,,
3-fishes-embroidered-icon,3 Fishes Embroidered Icon,"",Abbode Embroidery Design,Product Add-Ons > Product Customization,Embroidery Design,"hidden, icon, instant_exclude, revoq-no-withdrawal, webster-live",true,Size,Small,,,,,,,,ICON-46316006113537,0.0,,deny,manual,24.00,,true,true,,,,,,https://cdn.shopify.com/s/files/1/0321/4956/9675/files/3_Fishes.png?v=1779837549,1,"",false,,,,,,,,,,,,,,,,,ICON-CU,,,,,,,,,,,,,,,,,,,,'1,,,,,,,,,,,,,,,,,,,,,,,,,,,,,,,,,,,,lb,,,false,,,false,,,false,,,false,,,false,,,false,,,false,,,false,,,false,,,false,,,false,,,false,,,false,,,false,,,false,,,false,,,false,,,false,,,false,,,false,,,false,,,false,,,false,,,false,,,false,,,false,,,false,,,false,,,false,,,false,,,false,,,false,,,false,,,false,,,active
3-fishes-embroidered-icon,,,,,,,,,Medium,,,,,,,,ICON-46316006146305,0.0,,deny,manual,24.00,,true,true,,,,,,,,,,,,,,,,,,,,,,,,,,,,,,,,,,,,,,,,,,,,,,,,,,,,,,,,,,,,,,,,,,,,,,,,,,,,,,,,,,lb,,,,,,,,,,,,,,,,,,,,,,,,,,,,,,,,,,,,,,,,,,,,,,,,,,,,,,,,,,,,,,,,,,,,,,,,,,,,,,,,,,,,,,,,,,,,,,,,,,,,,,,,,
3-fishes-embroidered-icon,,,,,,,,,Large,,,,,,,,ICON-46316006179073,0.0,,deny,manual,48.00,,true,true,,,,,,,,,,,,,,,,,,,,,,,,,,,,,,,,,,,,,,,,,,,,,,,,,,,,,,,,,,,,,,,,,,,,,,,,,,,,,,,,,,lb,,,,,,,,,,,,,,,,,,,,,,,,,,,,,,,,,,,,,,,,,,,,,,,,,,,,,,,,,,,,,,,,,,,,,,,,,,,,,,,,,,,,,,,,,,,,,,,,,,,,,,,,,
summer-suitcase-embroidered-icon,Summer Suitcase Embroidered Icon,"",Abbode Embroidery Design,Product Add-Ons > Product Customization,Embroidery Design,"hidden, icon, instant_exclude, revoq-no-withdrawal, webster-live",true,Size,Small,,,,,,,,ICON-46316005130497,0.0,,deny,manual,24.00,,true,true,,,,,,https://cdn.shopify.com/s/files/1/0321/4956/9675/files/Summer_Suitcase.png?v=1779837549,1,"",false,,,,,,,,,,,,,,,,,ICON-CU,,,,,,,,,,,,,,,,,,,,'1,,,,,,,,,,,,,,,,,,,,,,,,,,,,,,,,,,,,lb,,,false,,,false,,,false,,,false,,,false,,,false,,,false,,,false,,,false,,,false,,,false,,,false,,,false,,,false,,,false,,,false,,,false,,,false,,,false,,,false,,,false,,,false,,,false,,,false,,,false,,,false,,,false,,,false,,,false,,,false,,,false,,,false,,,false,,,false,,,active
summer-suitcase-embroidered-icon,,,,,,,,,Medium,,,,,,,,ICON-46316005163265,0.0,,deny,manual,24.00,,true,true,,,,,,,,,,,,,,,,,,,,,,,,,,,,,,,,,,,,,,,,,,,,,,,,,,,,,,,,,,,,,,,,,,,,,,,,,,,,,,,,,,lb,,,,,,,,,,,,,,,,,,,,,,,,,,,,,,,,,,,,,,,,,,,,,,,,,,,,,,,,,,,,,,,,,,,,,,,,,,,,,,,,,,,,,,,,,,,,,,,,,,,,,,,,,
summer-suitcase-embroidered-icon,,,,,,,,,Large,,,,,,,,ICON-46316005196033,0.0,,deny,manual,48.00,,true,true,,,,,,,,,,,,,,,,,,,,,,,,,,,,,,,,,,,,,,,,,,,,,,,,,,,,,,,,,,,,,,,,,,,,,,,,,,,,,,,,,,lb,,,,,,,,,,,,,,,,,,,,,,,,,,,,,,,,,,,,,,,,,,,,,,,,,,,,,,,,,,,,,,,,,,,,,,,,,,,,,,,,,,,,,,,,,,,,,,,,,,,,,,,,,
one-piece-swimsuit-embroidered-icon,One Piece Swimsuit Embroidered Icon,"",Abbode Embroidery Design,Product Add-Ons > Product Customization,Embroidery Design,"hidden, icon, instant_exclude, revoq-no-withdrawal, webster-live",true,Size,Small,,,,,,,,ICON-46316004114689,0.0,,deny,manual,24.00,,true,true,,,,,,https://cdn.shopify.com/s/files/1/0321/4956/9675/files/One_Piece_Swimsuit.png?v=1779837549,1,"",false,,,,,,,,,,,,,,,,,ICON-CU,,,,,,,,,,,,,,,,,,,,'1,,,,,,,,,,,,,,,,,,,,,,,,,,,,,,,,,,,,lb,,,false,,,false,,,false,,,false,,,false,,,false,,,false,,,false,,,false,,,false,,,false,,,false,,,false,,,false,,,false,,,false,,,false,,,false,,,false,,,false,,,false,,,false,,,false,,,false,,,false,,,false,,,false,,,false,,,false,,,false,,,false,,,false,,,false,,,false,,,active
one-piece-swimsuit-embroidered-icon,,,,,,,,,Medium,,,,,,,,ICON-46316004147457,0.0,,deny,manual,24.00,,true,true,,,,,,,,,,,,,,,,,,,,,,,,,,,,,,,,,,,,,,,,,,,,,,,,,,,,,,,,,,,,,,,,,,,,,,,,,,,,,,,,,,lb,,,,,,,,,,,,,,,,,,,,,,,,,,,,,,,,,,,,,,,,,,,,,,,,,,,,,,,,,,,,,,,,,,,,,,,,,,,,,,,,,,,,,,,,,,,,,,,,,,,,,,,,,
one-piece-swimsuit-embroidered-icon,,,,,,,,,Large,,,,,,,,ICON-46316004180225,0.0,,deny,manual,48.00,,true,true,,,,,,,,,,,,,,,,,,,,,,,,,,,,,,,,,,,,,,,,,,,,,,,,,,,,,,,,,,,,,,,,,,,,,,,,,,,,,,,,,,lb,,,,,,,,,,,,,,,,,,,,,,,,,,,,,,,,,,,,,,,,,,,,,,,,,,,,,,,,,,,,,,,,,,,,,,,,,,,,,,,,,,,,,,,,,,,,,,,,,,,,,,,,,
convertible-beetle-embroidered-icon,Convertible Beetle Embroidered Icon,"",Abbode Embroidery Design,Product Add-Ons > Product Customization,Embroidery Design,"hidden, icon, instant_exclude, revoq-no-withdrawal, webster-live",true,Size,Small,,,,,,,,ICON-46316000542977,0.0,,deny,manual,24.00,,true,true,,,,,,https://cdn.shopify.com/s/files/1/0321/4956/9675/files/Convertable_Beetle.png?v=1779837549,1,"",false,,,,,,,,,,,,,,,,,ICON-CU,,,,,,,,,,,,,,,,,,,,'1,,,,,,,,,,,,,,,,,,,,,,,,,,,,,,,,,,,,lb,,,false,,,false,,,false,,,false,,,false,,,false,,,false,,,false,,,false,,,false,,,false,,,false,,,false,,,false,,,false,,,false,,,false,,,false,,,false,,,false,,,false,,,false,,,false,,,false,,,false,,,false,,,false,,,false,,,false,,,false,,,false,,,false,,,false,,,false,,,active
convertible-beetle-embroidered-icon,,,,,,,,,Medium,,,,,,,,ICON-46316000575745,0.0,,deny,manual,24.00,,true,true,,,,,,,,,,,,,,,,,,,,,,,,,,,,,,,,,,,,,,,,,,,,,,,,,,,,,,,,,,,,,,,,,,,,,,,,,,,,,,,,,,lb,,,,,,,,,,,,,,,,,,,,,,,,,,,,,,,,,,,,,,,,,,,,,,,,,,,,,,,,,,,,,,,,,,,,,,,,,,,,,,,,,,,,,,,,,,,,,,,,,,,,,,,,,
convertible-beetle-embroidered-icon,,,,,,,,,Large,,,,,,,,ICON-46316000608513,0.0,,deny,manual,48.00,,true,true,,,,,,,,,,,,,,,,,,,,,,,,,,,,,,,,,,,,,,,,,,,,,,,,,,,,,,,,,,,,,,,,,,,,,,,,,,,,,,,,,,lb,,,,,,,,,,,,,,,,,,,,,,,,,,,,,,,,,,,,,,,,,,,,,,,,,,,,,,,,,,,,,,,,,,,,,,,,,,,,,,,,,,,,,,,,,,,,,,,,,,,,,,,,,
beach-chair-embroidered-icon,Beach Chair Embroidered Icon,"",Abbode Embroidery Design,Product Add-Ons > Product Customization,Embroidery Design,"hidden, icon, instant_exclude, revoq-no-withdrawal, webster-live",true,Size,Small,,,,,,,,ICON-46315996676353,0.0,,deny,manual,24.00,,true,true,,,,,,https://cdn.shopify.com/s/files/1/0321/4956/9675/files/Beach_Chair.png?v=1779837549,1,"",false,,,,,,,,,,,,,,,,,ICON-CU,,,,,,,,,,,,,,,,,,,,'1,,,,,,,,,,,,,,,,,,,,,,,,,,,,,,,,,,,,lb,,,false,,,false,,,false,,,false,,,false,,,false,,,false,,,false,,,false,,,false,,,false,,,false,,,false,,,false,,,false,,,false,,,false,,,false,,,false,,,false,,,false,,,false,,,false,,,false,,,false,,,false,,,false,,,false,,,false,,,false,,,false,,,false,,,false,,,false,,,active
beach-chair-embroidered-icon,,,,,,,,,Medium,,,,,,,,ICON-46315996709121,0.0,,deny,manual,24.00,,true,true,,,,,,,,,,,,,,,,,,,,,,,,,,,,,,,,,,,,,,,,,,,,,,,,,,,,,,,,,,,,,,,,,,,,,,,,,,,,,,,,,,lb,,,,,,,,,,,,,,,,,,,,,,,,,,,,,,,,,,,,,,,,,,,,,,,,,,,,,,,,,,,,,,,,,,,,,,,,,,,,,,,,,,,,,,,,,,,,,,,,,,,,,,,,,
beach-chair-embroidered-icon,,,,,,,,,Large,,,,,,,,ICON-46315996741889,0.0,,deny,manual,48.00,,true,true,,,,,,,,,,,,,,,,,,,,,,,,,,,,,,,,,,,,,,,,,,,,,,,,,,,,,,,,,,,,,,,,,,,,,,,,,,,,,,,,,,lb,,,,,,,,,,,,,,,,,,,,,,,,,,,,,,,,,,,,,,,,,,,,,,,,,,,,,,,,,,,,,,,,,,,,,,,,,,,,,,,,,,,,,,,,,,,,,,,,,,,,,,,,,
sailboat-embroidered-icon,Sailboat Embroidered Icon,"",Abbode Embroidery Design,Product Add-Ons > Product Customization,Embroidery Design,"hidden, icon, instant_exclude, revoq-no-withdrawal, webster-live",true,Size,Small,,,,,,,,ICON-46315994611969,0.0,,deny,manual,24.00,,true,true,,,,,,https://cdn.shopify.com/s/files/1/0321/4956/9675/files/Sailboat.png?v=1779837549,1,"",false,,,,,,,,,,,,,,,,,ICON-CU,,,,,,,,,,,,,,,,,,,,'1,,,,,,,,,,,,,,,,,,,,,,,,,,,,,,,,,,,,lb,,,false,,,false,,,false,,,false,,,false,,,false,,,false,,,false,,,false,,,false,,,false,,,false,,,false,,,false,,,false,,,false,,,false,,,false,,,false,,,false,,,false,,,false,,,false,,,false,,,false,,,false,,,false,,,false,,,false,,,false,,,false,,,false,,,false,,,false,,,active
sailboat-embroidered-icon,,,,,,,,,Medium,,,,,,,,ICON-46315994644737,0.0,,deny,manual,24.00,,true,true,,,,,,,,,,,,,,,,,,,,,,,,,,,,,,,,,,,,,,,,,,,,,,,,,,,,,,,,,,,,,,,,,,,,,,,,,,,,,,,,,,lb,,,,,,,,,,,,,,,,,,,,,,,,,,,,,,,,,,,,,,,,,,,,,,,,,,,,,,,,,,,,,,,,,,,,,,,,,,,,,,,,,,,,,,,,,,,,,,,,,,,,,,,,,
sailboat-embroidered-icon,,,,,,,,,Large,,,,,,,,ICON-46315994677505,0.0,,deny,manual,48.00,,true,true,,,,,,,,,,,,,,,,,,,,,,,,,,,,,,,,,,,,,,,,,,,,,,,,,,,,,,,,,,,,,,,,,,,,,,,,,,,,,,,,,,lb,,,,,,,,,,,,,,,,,,,,,,,,,,,,,,,,,,,,,,,,,,,,,,,,,,,,,,,,,,,,,,,,,,,,,,,,,,,,,,,,,,,,,,,,,,,,,,,,,,,,,,,,,
butterfly-embroidered-icon,Butterfly Embroidered Icon,"",Abbode Embroidery Design,Product Add-Ons > Product Customization,Embroidery Design,"hidden, icon, instant_exclude, revoq-no-withdrawal, webster-live",true,Size,Small,,,,,,,,ICON-46315985928449,0.0,,deny,manual,24.00,,true,true,,,,,,https://cdn.shopify.com/s/files/1/0321/4956/9675/files/Butterfly.png?v=1779837549,1,"",false,,,,,,,,,,,,,,,,,ICON-CU,,,,,,,,,,,,,,,,,,,,'1,,,,,,,,,,,,,,,,,,,,,,,,,,,,,,,,,,,,lb,,,false,,,false,,,false,,,false,,,false,,,false,,,false,,,false,,,false,,,false,,,false,,,false,,,false,,,false,,,false,,,false,,,false,,,false,,,false,,,false,,,false,,,false,,,false,,,false,,,false,,,false,,,false,,,false,,,false,,,false,,,false,,,false,,,false,,,false,,,active
butterfly-embroidered-icon,,,,,,,,,Medium,,,,,,,,ICON-46315985961217,0.0,,deny,manual,24.00,,true,true,,,,,,,,,,,,,,,,,,,,,,,,,,,,,,,,,,,,,,,,,,,,,,,,,,,,,,,,,,,,,,,,,,,,,,,,,,,,,,,,,,lb,,,,,,,,,,,,,,,,,,,,,,,,,,,,,,,,,,,,,,,,,,,,,,,,,,,,,,,,,,,,,,,,,,,,,,,,,,,,,,,,,,,,,,,,,,,,,,,,,,,,,,,,,
butterfly-embroidered-icon,,,,,,,,,Large,,,,,,,,ICON-46315985993985,0.0,,deny,manual,48.00,,true,true,,,,,,,,,,,,,,,,,,,,,,,,,,,,,,,,,,,,,,,,,,,,,,,,,,,,,,,,,,,,,,,,,,,,,,,,,,,,,,,,,,lb,,,,,,,,,,,,,,,,,,,,,,,,,,,,,,,,,,,,,,,,,,,,,,,,,,,,,,,,,,,,,,,,,,,,,,,,,,,,,,,,,,,,,,,,,,,,,,,,,,,,,,,,,
wave-embroidered-icon,Wave Embroidered Icon,"",Abbode Embroidery Design,Product Add-Ons > Product Customization,Embroidery Design,"hidden, icon, instant_exclude, revoq-no-withdrawal, webster-live",true,Size,Small,,,,,,,,ICON-46315983995137,0.0,,deny,manual,24.00,,true,true,,,,,,https://cdn.shopify.com/s/files/1/0321/4956/9675/files/Wave.png?v=1779837549,1,"",false,,,,,,,,,,,,,,,,,ICON-CU,,,,,,,,,,,,,,,,,,,,'1,,,,,,,,,,,,,,,,,,,,,,,,,,,,,,,,,,,,lb,,,false,,,false,,,false,,,false,,,false,,,false,,,false,,,false,,,false,,,false,,,false,,,false,,,false,,,false,,,false,,,false,,,false,,,false,,,false,,,false,,,false,,,false,,,false,,,false,,,false,,,false,,,false,,,false,,,false,,,false,,,false,,,false,,,false,,,false,,,active
wave-embroidered-icon,,,,,,,,,Medium,,,,,,,,ICON-46315984027905,0.0,,deny,manual,24.00,,true,true,,,,,,,,,,,,,,,,,,,,,,,,,,,,,,,,,,,,,,,,,,,,,,,,,,,,,,,,,,,,,,,,,,,,,,,,,,,,,,,,,,lb,,,,,,,,,,,,,,,,,,,,,,,,,,,,,,,,,,,,,,,,,,,,,,,,,,,,,,,,,,,,,,,,,,,,,,,,,,,,,,,,,,,,,,,,,,,,,,,,,,,,,,,,,
wave-embroidered-icon,,,,,,,,,Large,,,,,,,,ICON-46315984060673,0.0,,deny,manual,48.00,,true,true,,,,,,,,,,,,,,,,,,,,,,,,,,,,,,,,,,,,,,,,,,,,,,,,,,,,,,,,,,,,,,,,,,,,,,,,,,,,,,,,,,lb,,,,,,,,,,,,,,,,,,,,,,,,,,,,,,,,,,,,,,,,,,,,,,,,,,,,,,,,,,,,,,,,,,,,,,,,,,,,,,,,,,,,,,,,,,,,,,,,,,,,,,,,,
jeep-embroidered-icon,Jeep Embroidered Icon,"",Abbode Embroidery Design,Product Add-Ons > Product Customization,Embroidery Design,"hidden, icon, instant_exclude, revoq-no-withdrawal, webster-live",true,Size,Small,,,,,,,,ICON-46315947524353,0.0,,deny,manual,24.00,,true,true,,,,,,https://cdn.shopify.com/s/files/1/0321/4956/9675/files/Jeep.png?v=1779837549,1,"",false,,,,,,,,,,,,,,,,,ICON-CU,,,,,,,,,,,,,,,,,,,,'1,,,,,,,,,,,,,,,,,,,,,,,,,,,,,,,,,,,,lb,,,false,,,false,,,false,,,false,,,false,,,false,,,false,,,false,,,false,,,false,,,false,,,false,,,false,,,false,,,false,,,false,,,false,,,false,,,false,,,false,,,false,,,false,,,false,,,false,,,false,,,false,,,false,,,false,,,false,,,false,,,false,,,false,,,false,,,false,,,active
jeep-embroidered-icon,,,,,,,,,Medium,,,,,,,,ICON-46315947557121,0.0,,deny,manual,24.00,,true,true,,,,,,,,,,,,,,,,,,,,,,,,,,,,,,,,,,,,,,,,,,,,,,,,,,,,,,,,,,,,,,,,,,,,,,,,,,,,,,,,,,lb,,,,,,,,,,,,,,,,,,,,,,,,,,,,,,,,,,,,,,,,,,,,,,,,,,,,,,,,,,,,,,,,,,,,,,,,,,,,,,,,,,,,,,,,,,,,,,,,,,,,,,,,,
jeep-embroidered-icon,,,,,,,,,Large,,,,,,,,ICON-46315947589889,0.0,,deny,manual,48.00,,true,true,,,,,,,,,,,,,,,,,,,,,,,,,,,,,,,,,,,,,,,,,,,,,,,,,,,,,,,,,,,,,,,,,,,,,,,,,,,,,,,,,,lb,,,,,,,,,,,,,,,,,,,,,,,,,,,,,,,,,,,,,,,,,,,,,,,,,,,,,,,,,,,,,,,,,,,,,,,,,,,,,,,,,,,,,,,,,,,,,,,,,,,,,,,,,
summer-sun-embroidered-icon,Summer Sun Embroidered Icon,"",Abbode Embroidery Design,Product Add-Ons > Product Customization,Embroidery Design,"hidden, icon, instant_exclude, revoq-no-withdrawal, webster-live",true,Size,Small,,,,,,,,ICON-46315934974209,0.0,,deny,manual,24.00,,true,true,,,,,,https://cdn.shopify.com/s/files/1/0321/4956/9675/files/Summer_Sun.png?v=1779837549,1,"",false,,,,,,,,,,,,,,,,,ICON-CU,,,,,,,,,,,,,,,,,,,,'1,,,,,,,,,,,,,,,,,,,,,,,,,,,,,,,,,,,,lb,,,false,,,false,,,false,,,false,,,false,,,false,,,false,,,false,,,false,,,false,,,false,,,false,,,false,,,false,,,false,,,false,,,false,,,false,,,false,,,false,,,false,,,false,,,false,,,false,,,false,,,false,,,false,,,false,,,false,,,false,,,false,,,false,,,false,,,false,,,active
summer-sun-embroidered-icon,,,,,,,,,Medium,,,,,,,,ICON-46315935006977,0.0,,deny,manual,24.00,,true,true,,,,,,,,,,,,,,,,,,,,,,,,,,,,,,,,,,,,,,,,,,,,,,,,,,,,,,,,,,,,,,,,,,,,,,,,,,,,,,,,,,lb,,,,,,,,,,,,,,,,,,,,,,,,,,,,,,,,,,,,,,,,,,,,,,,,,,,,,,,,,,,,,,,,,,,,,,,,,,,,,,,,,,,,,,,,,,,,,,,,,,,,,,,,,
summer-sun-embroidered-icon,,,,,,,,,Large,,,,,,,,ICON-46315935039745,0.0,,deny,manual,48.00,,true,true,,,,,,,,,,,,,,,,,,,,,,,,,,,,,,,,,,,,,,,,,,,,,,,,,,,,,,,,,,,,,,,,,,,,,,,,,,,,,,,,,,lb,,,,,,,,,,,,,,,,,,,,,,,,,,,,,,,,,,,,,,,,,,,,,,,,,,,,,,,,,,,,,,,,,,,,,,,,,,,,,,,,,,,,,,,,,,,,,,,,,,,,,,,,,
swim-trunks-embroidered-icon,Swim Trunks Embroidered Icon,"",Abbode Embroidery Design,Product Add-Ons > Product Customization,Embroidery Design,"hidden, icon, instant_exclude, revoq-no-withdrawal, webster-live",true,Size,Small,,,,,,,,ICON-46315923702017,0.0,,deny,manual,24.00,,true,true,,,,,,https://cdn.shopify.com/s/files/1/0321/4956/9675/files/Swim_Trunks.png?v=1779837550,1,"",false,,,,,,,,,,,,,,,,,ICON-CU,,,,,,,,,,,,,,,,,,,,'1,,,,,,,,,,,,,,,,,,,,,,,,,,,,,,,,,,,,lb,,,false,,,false,,,false,,,false,,,false,,,false,,,false,,,false,,,false,,,false,,,false,,,false,,,false,,,false,,,false,,,false,,,false,,,false,,,false,,,false,,,false,,,false,,,false,,,false,,,false,,,false,,,false,,,false,,,false,,,false,,,false,,,false,,,false,,,false,,,active
swim-trunks-embroidered-icon,,,,,,,,,Medium,,,,,,,,ICON-46315923734785,0.0,,deny,manual,24.00,,true,true,,,,,,,,,,,,,,,,,,,,,,,,,,,,,,,,,,,,,,,,,,,,,,,,,,,,,,,,,,,,,,,,,,,,,,,,,,,,,,,,,,lb,,,,,,,,,,,,,,,,,,,,,,,,,,,,,,,,,,,,,,,,,,,,,,,,,,,,,,,,,,,,,,,,,,,,,,,,,,,,,,,,,,,,,,,,,,,,,,,,,,,,,,,,,
swim-trunks-embroidered-icon,,,,,,,,,Large,,,,,,,,ICON-46315923767553,0.0,,deny,manual,48.00,,true,true,,,,,,,,,,,,,,,,,,,,,,,,,,,,,,,,,,,,,,,,,,,,,,,,,,,,,,,,,,,,,,,,,,,,,,,,,,,,,,,,,,lb,,,,,,,,,,,,,,,,,,,,,,,,,,,,,,,,,,,,,,,,,,,,,,,,,,,,,,,,,,,,,,,,,,,,,,,,,,,,,,,,,,,,,,,,,,,,,,,,,,,,,,,,,
hibiscus-embroidered-icon,Hibiscus Embroidered Icon,"",Abbode Embroidery Design,Product Add-Ons > Product Customization,Embroidery Design,"hidden, icon, instant_exclude, revoq-no-withdrawal, webster-live",true,Size,Small,,,,,,,,ICON-46315913052417,0.0,,deny,manual,24.00,,true,true,,,,,,https://cdn.shopify.com/s/files/1/0321/4956/9675/files/Hibiscus.png?v=1779837549,1,"",false,,,,,,,,,,,,,,,,,ICON-CU,,,,,,,,,,,,,,,,,,,,'1,,,,,,,,,,,,,,,,,,,,,,,,,,,,,,,,,,,,lb,,,false,,,false,,,false,,,false,,,false,,,false,,,false,,,false,,,false,,,false,,,false,,,false,,,false,,,false,,,false,,,false,,,false,,,false,,,false,,,false,,,false,,,false,,,false,,,false,,,false,,,false,,,false,,,false,,,false,,,false,,,false,,,false,,,false,,,false,,,active
hibiscus-embroidered-icon,,,,,,,,,Medium,,,,,,,,ICON-46315913085185,0.0,,deny,manual,24.00,,true,true,,,,,,,,,,,,,,,,,,,,,,,,,,,,,,,,,,,,,,,,,,,,,,,,,,,,,,,,,,,,,,,,,,,,,,,,,,,,,,,,,,lb,,,,,,,,,,,,,,,,,,,,,,,,,,,,,,,,,,,,,,,,,,,,,,,,,,,,,,,,,,,,,,,,,,,,,,,,,,,,,,,,,,,,,,,,,,,,,,,,,,,,,,,,,
hibiscus-embroidered-icon,,,,,,,,,Large,,,,,,,,ICON-46315913117953,0.0,,deny,manual,48.00,,true,true,,,,,,,,,,,,,,,,,,,,,,,,,,,,,,,,,,,,,,,,,,,,,,,,,,,,,,,,,,,,,,,,,,,,,,,,,,,,,,,,,,lb,,,,,,,,,,,,,,,,,,,,,,,,,,,,,,,,,,,,,,,,,,,,,,,,,,,,,,,,,,,,,,,,,,,,,,,,,,,,,,,,,,,,,,,,,,,,,,,,,,,,,,,,,
lobster-platter-embroidered-icon,Lobster Platter Embroidered Icon,"",Abbode Embroidery Design,Product Add-Ons > Product Customization,Embroidery Design,"hidden, icon, instant_exclude, revoq-no-withdrawal, webster-live",true,Size,Small,,,,,,,,ICON-46315865014529,0.0,,deny,manual,24.00,,true,true,,,,,,https://cdn.shopify.com/s/files/1/0321/4956/9675/files/Lobster_Platter.png?v=1779837550,1,"",false,,,,,,,,,,,,,,,,,ICON-CU,,,,,,,,,,,,,,,,,,,,'1,,,,,,,,,,,,,,,,,,,,,,,,,,,,,,,,,,,,lb,,,false,,,false,,,false,,,false,,,false,,,false,,,false,,,false,,,false,,,false,,,false,,,false,,,false,,,false,,,false,,,false,,,false,,,false,,,false,,,false,,,false,,,false,,,false,,,false,,,false,,,false,,,false,,,false,,,false,,,false,,,false,,,false,,,false,,,false,,,active
lobster-platter-embroidered-icon,,,,,,,,,Medium,,,,,,,,ICON-46315865047297,0.0,,deny,manual,24.00,,true,true,,,,,,,,,,,,,,,,,,,,,,,,,,,,,,,,,,,,,,,,,,,,,,,,,,,,,,,,,,,,,,,,,,,,,,,,,,,,,,,,,,lb,,,,,,,,,,,,,,,,,,,,,,,,,,,,,,,,,,,,,,,,,,,,,,,,,,,,,,,,,,,,,,,,,,,,,,,,,,,,,,,,,,,,,,,,,,,,,,,,,,,,,,,,,
lobster-platter-embroidered-icon,,,,,,,,,Large,,,,,,,,ICON-46315865080065,0.0,,deny,manual,48.00,,true,true,,,,,,,,,,,,,,,,,,,,,,,,,,,,,,,,,,,,,,,,,,,,,,,,,,,,,,,,,,,,,,,,,,,,,,,,,,,,,,,,,,lb,,,,,,,,,,,,,,,,,,,,,,,,,,,,,,,,,,,,,,,,,,,,,,,,,,,,,,,,,,,,,,,,,,,,,,,,,,,,,,,,,,,,,,,,,,,,,,,,,,,,,,,,,
seashell-embroidered-icon,Seashell Embroidered Icon,"",Abbode Embroidery Design,Product Add-Ons > Product Customization,Embroidery Design,"hidden, icon, instant_exclude, revoq-no-withdrawal, webster-live",true,Size,Small,,,,,,,,ICON-46315834048769,0.0,,deny,manual,24.00,,true,true,,,,,,https://cdn.shopify.com/s/files/1/0321/4956/9675/files/Seashell.png?v=1779837549,1,"",false,,,,,,,,,,,,,,,,,ICON-CU,,,,,,,,,,,,,,,,,,,,'1,,,,,,,,,,,,,,,,,,,,,,,,,,,,,,,,,,,,lb,,,false,,,false,,,false,,,false,,,false,,,false,,,false,,,false,,,false,,,false,,,false,,,false,,,false,,,false,,,false,,,false,,,false,,,false,,,false,,,false,,,false,,,false,,,false,,,false,,,false,,,false,,,false,,,false,,,false,,,false,,,false,,,false,,,false,,,false,,,active
seashell-embroidered-icon,,,,,,,,,Medium,,,,,,,,ICON-46315834081537,0.0,,deny,manual,24.00,,true,true,,,,,,,,,,,,,,,,,,,,,,,,,,,,,,,,,,,,,,,,,,,,,,,,,,,,,,,,,,,,,,,,,,,,,,,,,,,,,,,,,,lb,,,,,,,,,,,,,,,,,,,,,,,,,,,,,,,,,,,,,,,,,,,,,,,,,,,,,,,,,,,,,,,,,,,,,,,,,,,,,,,,,,,,,,,,,,,,,,,,,,,,,,,,,
seashell-embroidered-icon,,,,,,,,,Large,,,,,,,,ICON-46315834114305,0.0,,deny,manual,48.00,,true,true,,,,,,,,,,,,,,,,,,,,,,,,,,,,,,,,,,,,,,,,,,,,,,,,,,,,,,,,,,,,,,,,,,,,,,,,,,,,,,,,,,lb,,,,,,,,,,,,,,,,,,,,,,,,,,,,,,,,,,,,,,,,,,,,,,,,,,,,,,,,,,,,,,,,,,,,,,,,,,,,,,,,,,,,,,,,,,,,,,,,,,,,,,,,,
flip-flops-embroidered-icon,Flip Flops Embroidered Icon,"",Abbode Embroidery Design,Product Add-Ons > Product Customization,Embroidery Design,"hidden, icon, instant_exclude, revoq-no-withdrawal, webster-live",true,Size,Small,,,,,,,,ICON-46315800330497,0.0,,deny,manual,24.00,,true,true,,,,,,https://cdn.shopify.com/s/files/1/0321/4956/9675/files/FLIP_FLOPS.png?v=1779837550,1,"",false,,,,,,,,,,,,,,,,,ICON-CU,,,,,,,,,,,,,,,,,,,,'1,,,,,,,,,,,,,,,,,,,,,,,,,,,,,,,,,,,,lb,,,false,,,false,,,false,,,false,,,false,,,false,,,false,,,false,,,false,,,false,,,false,,,false,,,false,,,false,,,false,,,false,,,false,,,false,,,false,,,false,,,false,,,false,,,false,,,false,,,false,,,false,,,false,,,false,,,false,,,false,,,false,,,false,,,false,,,false,,,active
flip-flops-embroidered-icon,,,,,,,,,Medium,,,,,,,,ICON-46315800363265,0.0,,deny,manual,24.00,,true,true,,,,,,,,,,,,,,,,,,,,,,,,,,,,,,,,,,,,,,,,,,,,,,,,,,,,,,,,,,,,,,,,,,,,,,,,,,,,,,,,,,lb,,,,,,,,,,,,,,,,,,,,,,,,,,,,,,,,,,,,,,,,,,,,,,,,,,,,,,,,,,,,,,,,,,,,,,,,,,,,,,,,,,,,,,,,,,,,,,,,,,,,,,,,,
flip-flops-embroidered-icon,,,,,,,,,Large,,,,,,,,ICON-46315800396033,0.0,,deny,manual,48.00,,true,true,,,,,,,,,,,,,,,,,,,,,,,,,,,,,,,,,,,,,,,,,,,,,,,,,,,,,,,,,,,,,,,,,,,,,,,,,,,,,,,,,,lb,,,,,,,,,,,,,,,,,,,,,,,,,,,,,,,,,,,,,,,,,,,,,,,,,,,,,,,,,,,,,,,,,,,,,,,,,,,,,,,,,,,,,,,,,,,,,,,,,,,,,,,,,
hydrangea-embroidered-icon,Hydrangea Embroidered Icon,"",Abbode Embroidery Design,Product Add-Ons > Product Customization,Embroidery Design,"hidden, icon, instant_exclude, revoq-no-withdrawal, webster-live",true,Size,Small,,,,,,,,ICON-46315769626881,0.0,,deny,manual,24.00,,true,true,,,,,,https://cdn.shopify.com/s/files/1/0321/4956/9675/files/Hydrangea.png?v=1779837549,1,"",false,,,,,,,,,,,,,,,,,ICON-CU,,,,,,,,,,,,,,,,,,,,'1,,,,,,,,,,,,,,,,,,,,,,,,,,,,,,,,,,,,lb,,,false,,,false,,,false,,,false,,,false,,,false,,,false,,,false,,,false,,,false,,,false,,,false,,,false,,,false,,,false,,,false,,,false,,,false,,,false,,,false,,,false,,,false,,,false,,,false,,,false,,,false,,,false,,,false,,,false,,,false,,,false,,,false,,,false,,,false,,,active
hydrangea-embroidered-icon,,,,,,,,,Medium,,,,,,,,ICON-46315769659649,0.0,,deny,manual,24.00,,true,true,,,,,,,,,,,,,,,,,,,,,,,,,,,,,,,,,,,,,,,,,,,,,,,,,,,,,,,,,,,,,,,,,,,,,,,,,,,,,,,,,,lb,,,,,,,,,,,,,,,,,,,,,,,,,,,,,,,,,,,,,,,,,,,,,,,,,,,,,,,,,,,,,,,,,,,,,,,,,,,,,,,,,,,,,,,,,,,,,,,,,,,,,,,,,
hydrangea-embroidered-icon,,,,,,,,,Large,,,,,,,,ICON-46315769692417,0.0,,deny,manual,48.00,,true,true,,,,,,,,,,,,,,,,,,,,,,,,,,,,,,,,,,,,,,,,,,,,,,,,,,,,,,,,,,,,,,,,,,,,,,,,,,,,,,,,,,lb,,,,,,,,,,,,,,,,,,,,,,,,,,,,,,,,,,,,,,,,,,,,,,,,,,,,,,,,,,,,,,,,,,,,,,,,,,,,,,,,,,,,,,,,,,,,,,,,,,,,,,,,,
hydrangea-purple-embroidered-icon,Hydrangea Purple Embroidered Icon,"",Abbode Embroidery Design,Product Add-Ons > Product Customization,Embroidery Design,"hidden, icon, instant_exclude, revoq-no-withdrawal, webster-live",true,Size,Small,,,,,,,,ICON-46315727028481,0.0,,deny,manual,24.00,,true,true,,,,,,https://cdn.shopify.com/s/files/1/0321/4956/9675/files/Hydrangea_Purple.png?v=1779837606,1,"",false,,,,,,,,,,,,,,,,,ICON-CU,,,,,,,,,,,,,,,,,,,,'1,,,,,,,,,,,,,,,,,,,,,,,,,,,,,,,,,,,,lb,,,false,,,false,,,false,,,false,,,false,,,false,,,false,,,false,,,false,,,false,,,false,,,false,,,false,,,false,,,false,,,false,,,false,,,false,,,false,,,false,,,false,,,false,,,false,,,false,,,false,,,false,,,false,,,false,,,false,,,false,,,false,,,false,,,false,,,false,,,active
hydrangea-purple-embroidered-icon,,,,,,,,,Medium,,,,,,,,ICON-46315727061249,0.0,,deny,manual,24.00,,true,true,,,,,,,,,,,,,,,,,,,,,,,,,,,,,,,,,,,,,,,,,,,,,,,,,,,,,,,,,,,,,,,,,,,,,,,,,,,,,,,,,,lb,,,,,,,,,,,,,,,,,,,,,,,,,,,,,,,,,,,,,,,,,,,,,,,,,,,,,,,,,,,,,,,,,,,,,,,,,,,,,,,,,,,,,,,,,,,,,,,,,,,,,,,,,
hydrangea-purple-embroidered-icon,,,,,,,,,Large,,,,,,,,ICON-46315727094017,0.0,,deny,manual,48.00,,true,true,,,,,,,,,,,,,,,,,,,,,,,,,,,,,,,,,,,,,,,,,,,,,,,,,,,,,,,,,,,,,,,,,,,,,,,,,,,,,,,,,,lb,,,,,,,,,,,,,,,,,,,,,,,,,,,,,,,,,,,,,,,,,,,,,,,,,,,,,,,,,,,,,,,,,,,,,,,,,,,,,,,,,,,,,,,,,,,,,,,,,,,,,,,,,
sardines-embroidered-icon,Sardines Embroidered Icon,"",Abbode Embroidery Design,Product Add-Ons > Product Customization,Embroidery Design,"hidden, icon, instant_exclude, revoq-no-withdrawal, webster-live",true,Size,Small,,,,,,,,ICON-46315673288961,0.0,,deny,manual,24.00,,true,true,,,,,,https://cdn.shopify.com/s/files/1/0321/4956/9675/files/Sardines.png?v=1779837607,1,"",false,,,,,,,,,,,,,,,,,ICON-CU,,,,,,,,,,,,,,,,,,,,'1,,,,,,,,,,,,,,,,,,,,,,,,,,,,,,,,,,,,lb,,,false,,,false,,,false,,,false,,,false,,,false,,,false,,,false,,,false,,,false,,,false,,,false,,,false,,,false,,,false,,,false,,,false,,,false,,,false,,,false,,,false,,,false,,,false,,,false,,,false,,,false,,,false,,,false,,,false,,,false,,,false,,,false,,,false,,,false,,,active
sardines-embroidered-icon,,,,,,,,,Medium,,,,,,,,ICON-46315673321729,0.0,,deny,manual,24.00,,true,true,,,,,,,,,,,,,,,,,,,,,,,,,,,,,,,,,,,,,,,,,,,,,,,,,,,,,,,,,,,,,,,,,,,,,,,,,,,,,,,,,,lb,,,,,,,,,,,,,,,,,,,,,,,,,,,,,,,,,,,,,,,,,,,,,,,,,,,,,,,,,,,,,,,,,,,,,,,,,,,,,,,,,,,,,,,,,,,,,,,,,,,,,,,,,
sardines-embroidered-icon,,,,,,,,,Large,,,,,,,,ICON-46315673354497,0.0,,deny,manual,48.00,,true,true,,,,,,,,,,,,,,,,,,,,,,,,,,,,,,,,,,,,,,,,,,,,,,,,,,,,,,,,,,,,,,,,,,,,,,,,,,,,,,,,,,lb,,,,,,,,,,,,,,,,,,,,,,,,,,,,,,,,,,,,,,,,,,,,,,,,,,,,,,,,,,,,,,,,,,,,,,,,,,,,,,,,,,,,,,,,,,,,,,,,,,,,,,,,,
goldendoodle-blonde-embroidered-icon,Goldendoodle Blonde Embroidered Icon,"",Abbode Embroidery Design,Product Add-Ons > Product Customization,Embroidery Design,"hidden, icon, instant_exclude, revoq-no-withdrawal, webster-live",true,Size,Small,,,,,,,,ICON-46294744629505,0.0,,deny,manual,24.00,,true,true,,,,,,https://cdn.shopify.com/s/files/1/0321/4956/9675/files/Goldendoodle_Blonde.png?v=1779837607,1,"",false,,,,,,,,,,,,,,,,,ICON-CU,,,,,,,,,,,,,,,,,,,,'1,,,,,,,,,,,,,,,,,,,,,,,,,,,,,,,,,,,,lb,,,false,,,false,,,false,,,false,,,false,,,false,,,false,,,false,,,false,,,false,,,false,,,false,,,false,,,false,,,false,,,false,,,false,,,false,,,false,,,false,,,false,,,false,,,false,,,false,,,false,,,false,,,false,,,false,,,false,,,false,,,false,,,false,,,false,,,false,,,active
goldendoodle-blonde-embroidered-icon,,,,,,,,,Medium,,,,,,,,ICON-46294744662273,0.0,,deny,manual,24.00,,true,true,,,,,,,,,,,,,,,,,,,,,,,,,,,,,,,,,,,,,,,,,,,,,,,,,,,,,,,,,,,,,,,,,,,,,,,,,,,,,,,,,,lb,,,,,,,,,,,,,,,,,,,,,,,,,,,,,,,,,,,,,,,,,,,,,,,,,,,,,,,,,,,,,,,,,,,,,,,,,,,,,,,,,,,,,,,,,,,,,,,,,,,,,,,,,
goldendoodle-blonde-embroidered-icon,,,,,,,,,Large,,,,,,,,ICON-46294744695041,0.0,,deny,manual,48.00,,true,true,,,,,,,,,,,,,,,,,,,,,,,,,,,,,,,,,,,,,,,,,,,,,,,,,,,,,,,,,,,,,,,,,,,,,,,,,,,,,,,,,,lb,,,,,,,,,,,,,,,,,,,,,,,,,,,,,,,,,,,,,,,,,,,,,,,,,,,,,,,,,,,,,,,,,,,,,,,,,,,,,,,,,,,,,,,,,,,,,,,,,,,,,,,,,
goldendoodle-black-embroidered-icon,Goldendoodle Black Embroidered Icon,"",Abbode Embroidery Design,Product Add-Ons > Product Customization,Embroidery Design,"hidden, icon, instant_exclude, revoq-no-withdrawal, webster-live",true,Size,Small,,,,,,,,ICON-46294743941377,0.0,,deny,manual,24.00,,true,true,,,,,,https://cdn.shopify.com/s/files/1/0321/4956/9675/files/Goldendoodle_Black.png?v=1779837607,1,"",false,,,,,,,,,,,,,,,,,ICON-CU,,,,,,,,,,,,,,,,,,,,'1,,,,,,,,,,,,,,,,,,,,,,,,,,,,,,,,,,,,lb,,,false,,,false,,,false,,,false,,,false,,,false,,,false,,,false,,,false,,,false,,,false,,,false,,,false,,,false,,,false,,,false,,,false,,,false,,,false,,,false,,,false,,,false,,,false,,,false,,,false,,,false,,,false,,,false,,,false,,,false,,,false,,,false,,,false,,,false,,,active
goldendoodle-black-embroidered-icon,,,,,,,,,Medium,,,,,,,,ICON-46294743974145,0.0,,deny,manual,24.00,,true,true,,,,,,,,,,,,,,,,,,,,,,,,,,,,,,,,,,,,,,,,,,,,,,,,,,,,,,,,,,,,,,,,,,,,,,,,,,,,,,,,,,lb,,,,,,,,,,,,,,,,,,,,,,,,,,,,,,,,,,,,,,,,,,,,,,,,,,,,,,,,,,,,,,,,,,,,,,,,,,,,,,,,,,,,,,,,,,,,,,,,,,,,,,,,,
goldendoodle-black-embroidered-icon,,,,,,,,,Large,,,,,,,,ICON-46294744006913,0.0,,deny,manual,48.00,,true,true,,,,,,,,,,,,,,,,,,,,,,,,,,,,,,,,,,,,,,,,,,,,,,,,,,,,,,,,,,,,,,,,,,,,,,,,,,,,,,,,,,lb,,,,,,,,,,,,,,,,,,,,,,,,,,,,,,,,,,,,,,,,,,,,,,,,,,,,,,,,,,,,,,,,,,,,,,,,,,,,,,,,,,,,,,,,,,,,,,,,,,,,,,,,,
shih-tsu-dog-short-hair-200-embroidered-icon,Shih Tsu Dog Short Hair 200 Embroidered Icon,"",Abbode Embroidery Design,Product Add-Ons > Product Customization,Embroidery Design,"hidden, icon, instant_exclude, revoq-no-withdrawal, webster-live",true,Size,Small,,,,,,,,ICON-46294741025025,0.0,,deny,manual,24.00,,true,true,,,,,,https://cdn.shopify.com/s/files/1/0321/4956/9675/files/Shih_Tsu_Dog_Short_Hair_200.png?v=1779837607,1,"",false,,,,,,,,,,,,,,,,,ICON-CU,,,,,,,,,,,,,,,,,,,,'1,,,,,,,,,,,,,,,,,,,,,,,,,,,,,,,,,,,,lb,,,false,,,false,,,false,,,false,,,false,,,false,,,false,,,false,,,false,,,false,,,false,,,false,,,false,,,false,,,false,,,false,,,false,,,false,,,false,,,false,,,false,,,false,,,false,,,false,,,false,,,false,,,false,,,false,,,false,,,false,,,false,,,false,,,false,,,false,,,active
shih-tsu-dog-short-hair-200-embroidered-icon,,,,,,,,,Medium,,,,,,,,ICON-46294741057793,0.0,,deny,manual,24.00,,true,true,,,,,,,,,,,,,,,,,,,,,,,,,,,,,,,,,,,,,,,,,,,,,,,,,,,,,,,,,,,,,,,,,,,,,,,,,,,,,,,,,,lb,,,,,,,,,,,,,,,,,,,,,,,,,,,,,,,,,,,,,,,,,,,,,,,,,,,,,,,,,,,,,,,,,,,,,,,,,,,,,,,,,,,,,,,,,,,,,,,,,,,,,,,,,
shih-tsu-dog-short-hair-200-embroidered-icon,,,,,,,,,Large,,,,,,,,ICON-46294741090561,0.0,,deny,manual,48.00,,true,true,,,,,,,,,,,,,,,,,,,,,,,,,,,,,,,,,,,,,,,,,,,,,,,,,,,,,,,,,,,,,,,,,,,,,,,,,,,,,,,,,,lb,,,,,,,,,,,,,,,,,,,,,,,,,,,,,,,,,,,,,,,,,,,,,,,,,,,,,,,,,,,,,,,,,,,,,,,,,,,,,,,,,,,,,,,,,,,,,,,,,,,,,,,,,
scottie-dog-200-embroidered-icon,Scottie Dog 200 Embroidered Icon,"",Abbode Embroidery Design,Product Add-Ons > Product Customization,Embroidery Design,"hidden, icon, instant_exclude, revoq-no-withdrawal, webster-live",true,Size,Small,,,,,,,,ICON-46294740074753,0.0,,deny,manual,24.00,,true,true,,,,,,https://cdn.shopify.com/s/files/1/0321/4956/9675/files/Scottie_Dog_200.png?v=1779837607,1,"",false,,,,,,,,,,,,,,,,,ICON-CU,,,,,,,,,,,,,,,,,,,,'1,,,,,,,,,,,,,,,,,,,,,,,,,,,,,,,,,,,,lb,,,false,,,false,,,false,,,false,,,false,,,false,,,false,,,false,,,false,,,false,,,false,,,false,,,false,,,false,,,false,,,false,,,false,,,false,,,false,,,false,,,false,,,false,,,false,,,false,,,false,,,false,,,false,,,false,,,false,,,false,,,false,,,false,,,false,,,false,,,active
scottie-dog-200-embroidered-icon,,,,,,,,,Medium,,,,,,,,ICON-46294740107521,0.0,,deny,manual,24.00,,true,true,,,,,,,,,,,,,,,,,,,,,,,,,,,,,,,,,,,,,,,,,,,,,,,,,,,,,,,,,,,,,,,,,,,,,,,,,,,,,,,,,,lb,,,,,,,,,,,,,,,,,,,,,,,,,,,,,,,,,,,,,,,,,,,,,,,,,,,,,,,,,,,,,,,,,,,,,,,,,,,,,,,,,,,,,,,,,,,,,,,,,,,,,,,,,
scottie-dog-200-embroidered-icon,,,,,,,,,Large,,,,,,,,ICON-46294740140289,0.0,,deny,manual,48.00,,true,true,,,,,,,,,,,,,,,,,,,,,,,,,,,,,,,,,,,,,,,,,,,,,,,,,,,,,,,,,,,,,,,,,,,,,,,,,,,,,,,,,,lb,,,,,,,,,,,,,,,,,,,,,,,,,,,,,,,,,,,,,,,,,,,,,,,,,,,,,,,,,,,,,,,,,,,,,,,,,,,,,,,,,,,,,,,,,,,,,,,,,,,,,,,,,
new-brown-lh-dachshund-200-embroidered-icon,New Brown Dachshund LH 200 Embroidered Icon,"",Abbode Embroidery Design,Product Add-Ons > Product Customization,Embroidery Design,"hidden, icon, instant_exclude, revoq-no-withdrawal, webster-live",true,Size,Small,,,,,,,,ICON-46294738796801,0.0,,deny,manual,24.00,,true,true,,,,,,https://cdn.shopify.com/s/files/1/0321/4956/9675/files/New_Brown_LH_Dachshund_200.png?v=1779837607,1,"",false,,,,,,,,,,,,,,,,,ICON-CU,,,,,,,,,,,,,,,,,,,,'1,,,,,,,,,,,,,,,,,,,,,,,,,,,,,,,,,,,,lb,,,false,,,false,,,false,,,false,,,false,,,false,,,false,,,false,,,false,,,false,,,false,,,false,,,false,,,false,,,false,,,false,,,false,,,false,,,false,,,false,,,false,,,false,,,false,,,false,,,false,,,false,,,false,,,false,,,false,,,false,,,false,,,false,,,false,,,false,,,active
new-brown-lh-dachshund-200-embroidered-icon,,,,,,,,,Medium,,,,,,,,ICON-46294738829569,0.0,,deny,manual,24.00,,true,true,,,,,,,,,,,,,,,,,,,,,,,,,,,,,,,,,,,,,,,,,,,,,,,,,,,,,,,,,,,,,,,,,,,,,,,,,,,,,,,,,,lb,,,,,,,,,,,,,,,,,,,,,,,,,,,,,,,,,,,,,,,,,,,,,,,,,,,,,,,,,,,,,,,,,,,,,,,,,,,,,,,,,,,,,,,,,,,,,,,,,,,,,,,,,
new-brown-lh-dachshund-200-embroidered-icon,,,,,,,,,Large,,,,,,,,ICON-46294738862337,0.0,,deny,manual,48.00,,true,true,,,,,,,,,,,,,,,,,,,,,,,,,,,,,,,,,,,,,,,,,,,,,,,,,,,,,,,,,,,,,,,,,,,,,,,,,,,,,,,,,,lb,,,,,,,,,,,,,,,,,,,,,,,,,,,,,,,,,,,,,,,,,,,,,,,,,,,,,,,,,,,,,,,,,,,,,,,,,,,,,,,,,,,,,,,,,,,,,,,,,,,,,,,,,
new-dachshund-brown-200-embroidered-icon,New Brown Dachshund 200 Embroidered Icon,"",Abbode Embroidery Design,Product Add-Ons > Product Customization,Embroidery Design,"hidden, icon, instant_exclude, revoq-no-withdrawal, webster-live",true,Size,Small,,,,,,,,ICON-46294738534657,0.0,,deny,manual,24.00,,true,true,,,,,,https://cdn.shopify.com/s/files/1/0321/4956/9675/files/New_Dachshund_Brown_200_b1368fe7-e78c-4888-a958-8baa52433118.png?v=1779837607,1,"",false,,,,,,,,,,,,,,,,,ICON-CU,,,,,,,,,,,,,,,,,,,,'1,,,,,,,,,,,,,,,,,,,,,,,,,,,,,,,,,,,,lb,,,false,,,false,,,false,,,false,,,false,,,false,,,false,,,false,,,false,,,false,,,false,,,false,,,false,,,false,,,false,,,false,,,false,,,false,,,false,,,false,,,false,,,false,,,false,,,false,,,false,,,false,,,false,,,false,,,false,,,false,,,false,,,false,,,false,,,false,,,active
new-dachshund-brown-200-embroidered-icon,,,,,,,,,Medium,,,,,,,,ICON-46294738567425,0.0,,deny,manual,24.00,,true,true,,,,,,,,,,,,,,,,,,,,,,,,,,,,,,,,,,,,,,,,,,,,,,,,,,,,,,,,,,,,,,,,,,,,,,,,,,,,,,,,,,lb,,,,,,,,,,,,,,,,,,,,,,,,,,,,,,,,,,,,,,,,,,,,,,,,,,,,,,,,,,,,,,,,,,,,,,,,,,,,,,,,,,,,,,,,,,,,,,,,,,,,,,,,,
new-dachshund-brown-200-embroidered-icon,,,,,,,,,Large,,,,,,,,ICON-46294738600193,0.0,,deny,manual,48.00,,true,true,,,,,,,,,,,,,,,,,,,,,,,,,,,,,,,,,,,,,,,,,,,,,,,,,,,,,,,,,,,,,,,,,,,,,,,,,,,,,,,,,,lb,,,,,,,,,,,,,,,,,,,,,,,,,,,,,,,,,,,,,,,,,,,,,,,,,,,,,,,,,,,,,,,,,,,,,,,,,,,,,,,,,,,,,,,,,,,,,,,,,,,,,,,,,
new-dachshund-blonde-200-embroidered-icon,New Dachshund Blonde 200 Embroidered Icon,"",Abbode Embroidery Design,Product Add-Ons > Product Customization,Embroidery Design,"hidden, icon, instant_exclude, revoq-no-withdrawal, webster-live",true,Size,Small,,,,,,,,ICON-46294737092865,0.0,,deny,manual,24.00,,true,true,,,,,,https://cdn.shopify.com/s/files/1/0321/4956/9675/files/New_Dachshund_Blonde_200.png?v=1779837607,1,"",false,,,,,,,,,,,,,,,,,ICON-CU,,,,,,,,,,,,,,,,,,,,'1,,,,,,,,,,,,,,,,,,,,,,,,,,,,,,,,,,,,lb,,,false,,,false,,,false,,,false,,,false,,,false,,,false,,,false,,,false,,,false,,,false,,,false,,,false,,,false,,,false,,,false,,,false,,,false,,,false,,,false,,,false,,,false,,,false,,,false,,,false,,,false,,,false,,,false,,,false,,,false,,,false,,,false,,,false,,,false,,,active
new-dachshund-blonde-200-embroidered-icon,,,,,,,,,Medium,,,,,,,,ICON-46294737125633,0.0,,deny,manual,24.00,,true,true,,,,,,,,,,,,,,,,,,,,,,,,,,,,,,,,,,,,,,,,,,,,,,,,,,,,,,,,,,,,,,,,,,,,,,,,,,,,,,,,,,lb,,,,,,,,,,,,,,,,,,,,,,,,,,,,,,,,,,,,,,,,,,,,,,,,,,,,,,,,,,,,,,,,,,,,,,,,,,,,,,,,,,,,,,,,,,,,,,,,,,,,,,,,,
new-dachshund-blonde-200-embroidered-icon,,,,,,,,,Large,,,,,,,,ICON-46294737158401,0.0,,deny,manual,48.00,,true,true,,,,,,,,,,,,,,,,,,,,,,,,,,,,,,,,,,,,,,,,,,,,,,,,,,,,,,,,,,,,,,,,,,,,,,,,,,,,,,,,,,lb,,,,,,,,,,,,,,,,,,,,,,,,,,,,,,,,,,,,,,,,,,,,,,,,,,,,,,,,,,,,,,,,,,,,,,,,,,,,,,,,,,,,,,,,,,,,,,,,,,,,,,,,,
new-blonde-lh-dachshund-200-embroidered-icon,New Blonde LH Dachshund 200 Embroidered Icon,"",Abbode Embroidery Design,Product Add-Ons > Product Customization,Embroidery Design,"hidden, icon, instant_exclude, revoq-no-withdrawal, webster-live",true,Size,Small,,,,,,,,ICON-46294736240897,0.0,,deny,manual,24.00,,true,true,,,,,,https://cdn.shopify.com/s/files/1/0321/4956/9675/files/New_Blonde_LH_Dachshund_200.png?v=1779837607,1,"",false,,,,,,,,,,,,,,,,,ICON-CU,,,,,,,,,,,,,,,,,,,,'1,,,,,,,,,,,,,,,,,,,,,,,,,,,,,,,,,,,,lb,,,false,,,false,,,false,,,false,,,false,,,false,,,false,,,false,,,false,,,false,,,false,,,false,,,false,,,false,,,false,,,false,,,false,,,false,,,false,,,false,,,false,,,false,,,false,,,false,,,false,,,false,,,false,,,false,,,false,,,false,,,false,,,false,,,false,,,false,,,active
new-blonde-lh-dachshund-200-embroidered-icon,,,,,,,,,Medium,,,,,,,,ICON-46294736273665,0.0,,deny,manual,24.00,,true,true,,,,,,,,,,,,,,,,,,,,,,,,,,,,,,,,,,,,,,,,,,,,,,,,,,,,,,,,,,,,,,,,,,,,,,,,,,,,,,,,,,lb,,,,,,,,,,,,,,,,,,,,,,,,,,,,,,,,,,,,,,,,,,,,,,,,,,,,,,,,,,,,,,,,,,,,,,,,,,,,,,,,,,,,,,,,,,,,,,,,,,,,,,,,,
new-blonde-lh-dachshund-200-embroidered-icon,,,,,,,,,Large,,,,,,,,ICON-46294736306433,0.0,,deny,manual,48.00,,true,true,,,,,,,,,,,,,,,,,,,,,,,,,,,,,,,,,,,,,,,,,,,,,,,,,,,,,,,,,,,,,,,,,,,,,,,,,,,,,,,,,,lb,,,,,,,,,,,,,,,,,,,,,,,,,,,,,,,,,,,,,,,,,,,,,,,,,,,,,,,,,,,,,,,,,,,,,,,,,,,,,,,,,,,,,,,,,,,,,,,,,,,,,,,,,
new-black-and-tan-lh-dachshund-200-embroidered-icon,New Black and Tan LH Dachshund 200 Embroidered Icon,"",Abbode Embroidery Design,Product Add-Ons > Product Customization,Embroidery Design,"hidden, icon, instant_exclude, revoq-no-withdrawal, webster-live",true,Size,Small,,,,,,,,ICON-46294732931329,0.0,,deny,manual,24.00,,true,true,,,,,,https://cdn.shopify.com/s/files/1/0321/4956/9675/files/New_Black_and_Tan_LH_Dachshund_200.png?v=1779837607,1,"",false,,,,,,,,,,,,,,,,,ICON-CU,,,,,,,,,,,,,,,,,,,,'1,,,,,,,,,,,,,,,,,,,,,,,,,,,,,,,,,,,,lb,,,false,,,false,,,false,,,false,,,false,,,false,,,false,,,false,,,false,,,false,,,false,,,false,,,false,,,false,,,false,,,false,,,false,,,false,,,false,,,false,,,false,,,false,,,false,,,false,,,false,,,false,,,false,,,false,,,false,,,false,,,false,,,false,,,false,,,false,,,active
new-black-and-tan-lh-dachshund-200-embroidered-icon,,,,,,,,,Medium,,,,,,,,ICON-46294732964097,0.0,,deny,manual,24.00,,true,true,,,,,,,,,,,,,,,,,,,,,,,,,,,,,,,,,,,,,,,,,,,,,,,,,,,,,,,,,,,,,,,,,,,,,,,,,,,,,,,,,,lb,,,,,,,,,,,,,,,,,,,,,,,,,,,,,,,,,,,,,,,,,,,,,,,,,,,,,,,,,,,,,,,,,,,,,,,,,,,,,,,,,,,,,,,,,,,,,,,,,,,,,,,,,
new-black-and-tan-lh-dachshund-200-embroidered-icon,,,,,,,,,Large,,,,,,,,ICON-46294732996865,0.0,,deny,manual,48.00,,true,true,,,,,,,,,,,,,,,,,,,,,,,,,,,,,,,,,,,,,,,,,,,,,,,,,,,,,,,,,,,,,,,,,,,,,,,,,,,,,,,,,,lb,,,,,,,,,,,,,,,,,,,,,,,,,,,,,,,,,,,,,,,,,,,,,,,,,,,,,,,,,,,,,,,,,,,,,,,,,,,,,,,,,,,,,,,,,,,,,,,,,,,,,,,,,
new-black-and-tan-dachshund-200-embroidered-icon,New Black and Tan Dachshund 200 Embroidered Icon,"",Abbode Embroidery Design,Product Add-Ons > Product Customization,Embroidery Design,"hidden, icon, instant_exclude, revoq-no-withdrawal, webster-live",true,Size,Small,,,,,,,,ICON-46294732177665,0.0,,deny,manual,24.00,,true,true,,,,,,https://cdn.shopify.com/s/files/1/0321/4956/9675/files/New_Black_and_Tan_Dachshund_200.png?v=1779837607,1,"",false,,,,,,,,,,,,,,,,,ICON-CU,,,,,,,,,,,,,,,,,,,,'1,,,,,,,,,,,,,,,,,,,,,,,,,,,,,,,,,,,,lb,,,false,,,false,,,false,,,false,,,false,,,false,,,false,,,false,,,false,,,false,,,false,,,false,,,false,,,false,,,false,,,false,,,false,,,false,,,false,,,false,,,false,,,false,,,false,,,false,,,false,,,false,,,false,,,false,,,false,,,false,,,false,,,false,,,false,,,false,,,active
new-black-and-tan-dachshund-200-embroidered-icon,,,,,,,,,Medium,,,,,,,,ICON-46294732210433,0.0,,deny,manual,24.00,,true,true,,,,,,,,,,,,,,,,,,,,,,,,,,,,,,,,,,,,,,,,,,,,,,,,,,,,,,,,,,,,,,,,,,,,,,,,,,,,,,,,,,lb,,,,,,,,,,,,,,,,,,,,,,,,,,,,,,,,,,,,,,,,,,,,,,,,,,,,,,,,,,,,,,,,,,,,,,,,,,,,,,,,,,,,,,,,,,,,,,,,,,,,,,,,,
new-black-and-tan-dachshund-200-embroidered-icon,,,,,,,,,Large,,,,,,,,ICON-46294732243201,0.0,,deny,manual,48.00,,true,true,,,,,,,,,,,,,,,,,,,,,,,,,,,,,,,,,,,,,,,,,,,,,,,,,,,,,,,,,,,,,,,,,,,,,,,,,,,,,,,,,,lb,,,,,,,,,,,,,,,,,,,,,,,,,,,,,,,,,,,,,,,,,,,,,,,,,,,,,,,,,,,,,,,,,,,,,,,,,,,,,,,,,,,,,,,,,,,,,,,,,,,,,,,,,
new-westie-dog-200-embroidered-icon,New Westie Dog 200 Embroidered Icon,"",Abbode Embroidery Design,Product Add-Ons > Product Customization,Embroidery Design,"hidden, icon, instant_exclude, revoq-no-withdrawal, webster-live",true,Size,Small,,,,,,,,ICON-46294729031937,0.0,,deny,manual,24.00,,true,true,,,,,,https://cdn.shopify.com/s/files/1/0321/4956/9675/files/New_Westie_200.png?v=1779837608,1,"",false,,,,,,,,,,,,,,,,,ICON-CU,,,,,,,,,,,,,,,,,,,,'1,,,,,,,,,,,,,,,,,,,,,,,,,,,,,,,,,,,,lb,,,false,,,false,,,false,,,false,,,false,,,false,,,false,,,false,,,false,,,false,,,false,,,false,,,false,,,false,,,false,,,false,,,false,,,false,,,false,,,false,,,false,,,false,,,false,,,false,,,false,,,false,,,false,,,false,,,false,,,false,,,false,,,false,,,false,,,false,,,active
new-westie-dog-200-embroidered-icon,,,,,,,,,Medium,,,,,,,,ICON-46294729064705,0.0,,deny,manual,24.00,,true,true,,,,,,,,,,,,,,,,,,,,,,,,,,,,,,,,,,,,,,,,,,,,,,,,,,,,,,,,,,,,,,,,,,,,,,,,,,,,,,,,,,lb,,,,,,,,,,,,,,,,,,,,,,,,,,,,,,,,,,,,,,,,,,,,,,,,,,,,,,,,,,,,,,,,,,,,,,,,,,,,,,,,,,,,,,,,,,,,,,,,,,,,,,,,,
new-westie-dog-200-embroidered-icon,,,,,,,,,Large,,,,,,,,ICON-46294729097473,0.0,,deny,manual,48.00,,true,true,,,,,,,,,,,,,,,,,,,,,,,,,,,,,,,,,,,,,,,,,,,,,,,,,,,,,,,,,,,,,,,,,,,,,,,,,,,,,,,,,,lb,,,,,,,,,,,,,,,,,,,,,,,,,,,,,,,,,,,,,,,,,,,,,,,,,,,,,,,,,,,,,,,,,,,,,,,,,,,,,,,,,,,,,,,,,,,,,,,,,,,,,,,,,
pomeranian-dog-tricolor-200-embroidered-icon,Pomeranian Dog Tricolor 200 Embroidered Icon,"",Abbode Embroidery Design,Product Add-Ons > Product Customization,Embroidery Design,"hidden, icon, instant_exclude, revoq-no-withdrawal, webster-live",true,Size,Small,,,,,,,,ICON-46294725918977,0.0,,deny,manual,24.00,,true,true,,,,,,https://cdn.shopify.com/s/files/1/0321/4956/9675/files/Pomeranian_Dog_Tricolor_200.png?v=1779837608,1,"",false,,,,,,,,,,,,,,,,,ICON-CU,,,,,,,,,,,,,,,,,,,,'1,,,,,,,,,,,,,,,,,,,,,,,,,,,,,,,,,,,,lb,,,false,,,false,,,false,,,false,,,false,,,false,,,false,,,false,,,false,,,false,,,false,,,false,,,false,,,false,,,false,,,false,,,false,,,false,,,false,,,false,,,false,,,false,,,false,,,false,,,false,,,false,,,false,,,false,,,false,,,false,,,false,,,false,,,false,,,false,,,active
pomeranian-dog-tricolor-200-embroidered-icon,,,,,,,,,Medium,,,,,,,,ICON-46294725951745,0.0,,deny,manual,24.00,,true,true,,,,,,,,,,,,,,,,,,,,,,,,,,,,,,,,,,,,,,,,,,,,,,,,,,,,,,,,,,,,,,,,,,,,,,,,,,,,,,,,,,lb,,,,,,,,,,,,,,,,,,,,,,,,,,,,,,,,,,,,,,,,,,,,,,,,,,,,,,,,,,,,,,,,,,,,,,,,,,,,,,,,,,,,,,,,,,,,,,,,,,,,,,,,,
pomeranian-dog-tricolor-200-embroidered-icon,,,,,,,,,Large,,,,,,,,ICON-46294725984513,0.0,,deny,manual,48.00,,true,true,,,,,,,,,,,,,,,,,,,,,,,,,,,,,,,,,,,,,,,,,,,,,,,,,,,,,,,,,,,,,,,,,,,,,,,,,,,,,,,,,,lb,,,,,,,,,,,,,,,,,,,,,,,,,,,,,,,,,,,,,,,,,,,,,,,,,,,,,,,,,,,,,,,,,,,,,,,,,,,,,,,,,,,,,,,,,,,,,,,,,,,,,,,,,
pomeranian-dog-200-embroidered-icon,Pomeranian Dog 200 Embroidered Icon,"",Abbode Embroidery Design,Product Add-Ons > Product Customization,Embroidery Design,"hidden, icon, instant_exclude, revoq-no-withdrawal, webster-live",true,Size,Small,,,,,,,,ICON-46294721986817,0.0,,deny,manual,24.00,,true,true,,,,,,https://cdn.shopify.com/s/files/1/0321/4956/9675/files/Pomeranian_Dog_200.png?v=1779837608,1,"",false,,,,,,,,,,,,,,,,,ICON-CU,,,,,,,,,,,,,,,,,,,,'1,,,,,,,,,,,,,,,,,,,,,,,,,,,,,,,,,,,,lb,,,false,,,false,,,false,,,false,,,false,,,false,,,false,,,false,,,false,,,false,,,false,,,false,,,false,,,false,,,false,,,false,,,false,,,false,,,false,,,false,,,false,,,false,,,false,,,false,,,false,,,false,,,false,,,false,,,false,,,false,,,false,,,false,,,false,,,false,,,active
pomeranian-dog-200-embroidered-icon,,,,,,,,,Medium,,,,,,,,ICON-46294722019585,0.0,,deny,manual,24.00,,true,true,,,,,,,,,,,,,,,,,,,,,,,,,,,,,,,,,,,,,,,,,,,,,,,,,,,,,,,,,,,,,,,,,,,,,,,,,,,,,,,,,,lb,,,,,,,,,,,,,,,,,,,,,,,,,,,,,,,,,,,,,,,,,,,,,,,,,,,,,,,,,,,,,,,,,,,,,,,,,,,,,,,,,,,,,,,,,,,,,,,,,,,,,,,,,
pomeranian-dog-200-embroidered-icon,,,,,,,,,Large,,,,,,,,ICON-46294722052353,0.0,,deny,manual,48.00,,true,true,,,,,,,,,,,,,,,,,,,,,,,,,,,,,,,,,,,,,,,,,,,,,,,,,,,,,,,,,,,,,,,,,,,,,,,,,,,,,,,,,,lb,,,,,,,,,,,,,,,,,,,,,,,,,,,,,,,,,,,,,,,,,,,,,,,,,,,,,,,,,,,,,,,,,,,,,,,,,,,,,,,,,,,,,,,,,,,,,,,,,,,,,,,,,
shih-tsu-dog-long-hair-200-embroidered-icon,Shih Tsu Dog Long Hair 200 Embroidered Icon,"",Abbode Embroidery Design,Product Add-Ons > Product Customization,Embroidery Design,"hidden, icon, instant_exclude, revoq-no-withdrawal, webster-live",true,Size,Small,,,,,,,,ICON-46286626586881,0.0,,deny,manual,24.00,,true,true,,,,,,https://cdn.shopify.com/s/files/1/0321/4956/9675/files/Shih_Tsu_Dog_Long_Hair_200.png?v=1779837608,1,"",false,,,,,,,,,,,,,,,,,ICON-CU,,,,,,,,,,,,,,,,,,,,'1,,,,,,,,,,,,,,,,,,,,,,,,,,,,,,,,,,,,lb,,,false,,,false,,,false,,,false,,,false,,,false,,,false,,,false,,,false,,,false,,,false,,,false,,,false,,,false,,,false,,,false,,,false,,,false,,,false,,,false,,,false,,,false,,,false,,,false,,,false,,,false,,,false,,,false,,,false,,,false,,,false,,,false,,,false,,,false,,,active
shih-tsu-dog-long-hair-200-embroidered-icon,,,,,,,,,Medium,,,,,,,,ICON-46286626619649,0.0,,deny,manual,24.00,,true,true,,,,,,,,,,,,,,,,,,,,,,,,,,,,,,,,,,,,,,,,,,,,,,,,,,,,,,,,,,,,,,,,,,,,,,,,,,,,,,,,,,lb,,,,,,,,,,,,,,,,,,,,,,,,,,,,,,,,,,,,,,,,,,,,,,,,,,,,,,,,,,,,,,,,,,,,,,,,,,,,,,,,,,,,,,,,,,,,,,,,,,,,,,,,,
shih-tsu-dog-long-hair-200-embroidered-icon,,,,,,,,,Large,,,,,,,,ICON-46286626652417,0.0,,deny,manual,48.00,,true,true,,,,,,,,,,,,,,,,,,,,,,,,,,,,,,,,,,,,,,,,,,,,,,,,,,,,,,,,,,,,,,,,,,,,,,,,,,,,,,,,,,lb,,,,,,,,,,,,,,,,,,,,,,,,,,,,,,,,,,,,,,,,,,,,,,,,,,,,,,,,,,,,,,,,,,,,,,,,,,,,,,,,,,,,,,,,,,,,,,,,,,,,,,,,,
shiba-dog-200-embroidered-icon,Shiba Dog 200 Embroidered Icon,"",Abbode Embroidery Design,Product Add-Ons > Product Customization,Embroidery Design,"hidden, icon, instant_exclude, revoq-no-withdrawal, webster-live",true,Size,Small,,,,,,,,ICON-46286623768833,0.0,,deny,manual,24.00,,true,true,,,,,,https://cdn.shopify.com/s/files/1/0321/4956/9675/files/shiba_dog_200.png?v=1779837607,1,"",false,,,,,,,,,,,,,,,,,ICON-CU,,,,,,,,,,,,,,,,,,,,'1,,,,,,,,,,,,,,,,,,,,,,,,,,,,,,,,,,,,lb,,,false,,,false,,,false,,,false,,,false,,,false,,,false,,,false,,,false,,,false,,,false,,,false,,,false,,,false,,,false,,,false,,,false,,,false,,,false,,,false,,,false,,,false,,,false,,,false,,,false,,,false,,,false,,,false,,,false,,,false,,,false,,,false,,,false,,,false,,,active
shiba-dog-200-embroidered-icon,,,,,,,,,Medium,,,,,,,,ICON-46286623801601,0.0,,deny,manual,24.00,,true,true,,,,,,,,,,,,,,,,,,,,,,,,,,,,,,,,,,,,,,,,,,,,,,,,,,,,,,,,,,,,,,,,,,,,,,,,,,,,,,,,,,lb,,,,,,,,,,,,,,,,,,,,,,,,,,,,,,,,,,,,,,,,,,,,,,,,,,,,,,,,,,,,,,,,,,,,,,,,,,,,,,,,,,,,,,,,,,,,,,,,,,,,,,,,,
shiba-dog-200-embroidered-icon,,,,,,,,,Large,,,,,,,,ICON-46286623834369,0.0,,deny,manual,48.00,,true,true,,,,,,,,,,,,,,,,,,,,,,,,,,,,,,,,,,,,,,,,,,,,,,,,,,,,,,,,,,,,,,,,,,,,,,,,,,,,,,,,,,lb,,,,,,,,,,,,,,,,,,,,,,,,,,,,,,,,,,,,,,,,,,,,,,,,,,,,,,,,,,,,,,,,,,,,,,,,,,,,,,,,,,,,,,,,,,,,,,,,,,,,,,,,,
schnauzer-dog-200-embroidered-icon,Schnauzer Dog 200 Embroidered Icon,"",Abbode Embroidery Design,Product Add-Ons > Product Customization,Embroidery Design,"hidden, icon, instant_exclude, revoq-no-withdrawal, webster-live",true,Size,Small,,,,,,,,ICON-46286620983553,0.0,,deny,manual,24.00,,true,true,,,,,,https://cdn.shopify.com/s/files/1/0321/4956/9675/files/Schnauzer_Dog_200.png?v=1779837607,1,"",false,,,,,,,,,,,,,,,,,ICON-CU,,,,,,,,,,,,,,,,,,,,'1,,,,,,,,,,,,,,,,,,,,,,,,,,,,,,,,,,,,lb,,,false,,,false,,,false,,,false,,,false,,,false,,,false,,,false,,,false,,,false,,,false,,,false,,,false,,,false,,,false,,,false,,,false,,,false,,,false,,,false,,,false,,,false,,,false,,,false,,,false,,,false,,,false,,,false,,,false,,,false,,,false,,,false,,,false,,,false,,,active
schnauzer-dog-200-embroidered-icon,,,,,,,,,Medium,,,,,,,,ICON-46286621016321,0.0,,deny,manual,24.00,,true,true,,,,,,,,,,,,,,,,,,,,,,,,,,,,,,,,,,,,,,,,,,,,,,,,,,,,,,,,,,,,,,,,,,,,,,,,,,,,,,,,,,lb,,,,,,,,,,,,,,,,,,,,,,,,,,,,,,,,,,,,,,,,,,,,,,,,,,,,,,,,,,,,,,,,,,,,,,,,,,,,,,,,,,,,,,,,,,,,,,,,,,,,,,,,,
schnauzer-dog-200-embroidered-icon,,,,,,,,,Large,,,,,,,,ICON-46286621049089,0.0,,deny,manual,48.00,,true,true,,,,,,,,,,,,,,,,,,,,,,,,,,,,,,,,,,,,,,,,,,,,,,,,,,,,,,,,,,,,,,,,,,,,,,,,,,,,,,,,,,lb,,,,,,,,,,,,,,,,,,,,,,,,,,,,,,,,,,,,,,,,,,,,,,,,,,,,,,,,,,,,,,,,,,,,,,,,,,,,,,,,,,,,,,,,,,,,,,,,,,,,,,,,,
samoyed-dog-200-embroidered-icon,Samoyed Dog 200 Embroidered Icon,"",Abbode Embroidery Design,Product Add-Ons > Product Customization,Embroidery Design,"hidden, icon, instant_exclude, revoq-no-withdrawal, webster-live",true,Size,Small,,,,,,,,ICON-46286618624257,0.0,,deny,manual,24.00,,true,true,,,,,,https://cdn.shopify.com/s/files/1/0321/4956/9675/files/Samoyed_Dog_200.png?v=1779837608,1,"",false,,,,,,,,,,,,,,,,,ICON-CU,,,,,,,,,,,,,,,,,,,,'1,,,,,,,,,,,,,,,,,,,,,,,,,,,,,,,,,,,,lb,,,false,,,false,,,false,,,false,,,false,,,false,,,false,,,false,,,false,,,false,,,false,,,false,,,false,,,false,,,false,,,false,,,false,,,false,,,false,,,false,,,false,,,false,,,false,,,false,,,false,,,false,,,false,,,false,,,false,,,false,,,false,,,false,,,false,,,false,,,active
samoyed-dog-200-embroidered-icon,,,,,,,,,Medium,,,,,,,,ICON-46286618657025,0.0,,deny,manual,24.00,,true,true,,,,,,,,,,,,,,,,,,,,,,,,,,,,,,,,,,,,,,,,,,,,,,,,,,,,,,,,,,,,,,,,,,,,,,,,,,,,,,,,,,lb,,,,,,,,,,,,,,,,,,,,,,,,,,,,,,,,,,,,,,,,,,,,,,,,,,,,,,,,,,,,,,,,,,,,,,,,,,,,,,,,,,,,,,,,,,,,,,,,,,,,,,,,,
samoyed-dog-200-embroidered-icon,,,,,,,,,Large,,,,,,,,ICON-46286618689793,0.0,,deny,manual,48.00,,true,true,,,,,,,,,,,,,,,,,,,,,,,,,,,,,,,,,,,,,,,,,,,,,,,,,,,,,,,,,,,,,,,,,,,,,,,,,,,,,,,,,,lb,,,,,,,,,,,,,,,,,,,,,,,,,,,,,,,,,,,,,,,,,,,,,,,,,,,,,,,,,,,,,,,,,,,,,,,,,,,,,,,,,,,,,,,,,,,,,,,,,,,,,,,,,
pug-dog-200-embroidered-icon,Pug Dog 200 Embroidered Icon,"",Abbode Embroidery Design,Product Add-Ons > Product Customization,Embroidery Design,"hidden, icon, instant_exclude, revoq-no-withdrawal, webster-live",true,Size,Small,,,,,,,,ICON-46286615511297,0.0,,deny,manual,24.00,,true,true,,,,,,https://cdn.shopify.com/s/files/1/0321/4956/9675/files/Pug_Dog_200.png?v=1779837608,1,"",false,,,,,,,,,,,,,,,,,ICON-CU,,,,,,,,,,,,,,,,,,,,'1,,,,,,,,,,,,,,,,,,,,,,,,,,,,,,,,,,,,lb,,,false,,,false,,,false,,,false,,,false,,,false,,,false,,,false,,,false,,,false,,,false,,,false,,,false,,,false,,,false,,,false,,,false,,,false,,,false,,,false,,,false,,,false,,,false,,,false,,,false,,,false,,,false,,,false,,,false,,,false,,,false,,,false,,,false,,,false,,,active
pug-dog-200-embroidered-icon,,,,,,,,,Medium,,,,,,,,ICON-46286615544065,0.0,,deny,manual,24.00,,true,true,,,,,,,,,,,,,,,,,,,,,,,,,,,,,,,,,,,,,,,,,,,,,,,,,,,,,,,,,,,,,,,,,,,,,,,,,,,,,,,,,,lb,,,,,,,,,,,,,,,,,,,,,,,,,,,,,,,,,,,,,,,,,,,,,,,,,,,,,,,,,,,,,,,,,,,,,,,,,,,,,,,,,,,,,,,,,,,,,,,,,,,,,,,,,
pug-dog-200-embroidered-icon,,,,,,,,,Large,,,,,,,,ICON-46286615576833,0.0,,deny,manual,48.00,,true,true,,,,,,,,,,,,,,,,,,,,,,,,,,,,,,,,,,,,,,,,,,,,,,,,,,,,,,,,,,,,,,,,,,,,,,,,,,,,,,,,,,lb,,,,,,,,,,,,,,,,,,,,,,,,,,,,,,,,,,,,,,,,,,,,,,,,,,,,,,,,,,,,,,,,,,,,,,,,,,,,,,,,,,,,,,,,,,,,,,,,,,,,,,,,,
new-german-shorthaired-pointer-200-embroidered-icon,NEW German Shorthaired Pointer 200 Embroidered Icon,"",Abbode Embroidery Design,Product Add-Ons > Product Customization,Embroidery Design,"hidden, icon, instant_exclude, revoq-no-withdrawal, webster-live",true,Size,Small,,,,,,,,ICON-46286612168961,0.0,,deny,manual,24.00,,true,true,,,,,,https://cdn.shopify.com/s/files/1/0321/4956/9675/files/NEW_German_Shorthaired_Pointer_200.png?v=1779837608,1,"",false,,,,,,,,,,,,,,,,,ICON-CU,,,,,,,,,,,,,,,,,,,,'1,,,,,,,,,,,,,,,,,,,,,,,,,,,,,,,,,,,,lb,,,false,,,false,,,false,,,false,,,false,,,false,,,false,,,false,,,false,,,false,,,false,,,false,,,false,,,false,,,false,,,false,,,false,,,false,,,false,,,false,,,false,,,false,,,false,,,false,,,false,,,false,,,false,,,false,,,false,,,false,,,false,,,false,,,false,,,false,,,active
new-german-shorthaired-pointer-200-embroidered-icon,,,,,,,,,Medium,,,,,,,,ICON-46286612201729,0.0,,deny,manual,24.00,,true,true,,,,,,,,,,,,,,,,,,,,,,,,,,,,,,,,,,,,,,,,,,,,,,,,,,,,,,,,,,,,,,,,,,,,,,,,,,,,,,,,,,lb,,,,,,,,,,,,,,,,,,,,,,,,,,,,,,,,,,,,,,,,,,,,,,,,,,,,,,,,,,,,,,,,,,,,,,,,,,,,,,,,,,,,,,,,,,,,,,,,,,,,,,,,,
new-german-shorthaired-pointer-200-embroidered-icon,,,,,,,,,Large,,,,,,,,ICON-46286612234497,0.0,,deny,manual,48.00,,true,true,,,,,,,,,,,,,,,,,,,,,,,,,,,,,,,,,,,,,,,,,,,,,,,,,,,,,,,,,,,,,,,,,,,,,,,,,,,,,,,,,,lb,,,,,,,,,,,,,,,,,,,,,,,,,,,,,,,,,,,,,,,,,,,,,,,,,,,,,,,,,,,,,,,,,,,,,,,,,,,,,,,,,,,,,,,,,,,,,,,,,,,,,,,,,
italian-greyhound-dog-200-embroidered-icon,Italian Greyhound Dog 200 Embroidered Icon,"",Abbode Embroidery Design,Product Add-Ons > Product Customization,Embroidery Design,"hidden, icon, instant_exclude, revoq-no-withdrawal, webster-live",true,Size,Small,,,,,,,,ICON-46286607679745,0.0,,deny,manual,24.00,,true,true,,,,,,https://cdn.shopify.com/s/files/1/0321/4956/9675/files/Italian_Greyhound_Dog_200.png?v=1779837608,1,"",false,,,,,,,,,,,,,,,,,ICON-CU,,,,,,,,,,,,,,,,,,,,'1,,,,,,,,,,,,,,,,,,,,,,,,,,,,,,,,,,,,lb,,,false,,,false,,,false,,,false,,,false,,,false,,,false,,,false,,,false,,,false,,,false,,,false,,,false,,,false,,,false,,,false,,,false,,,false,,,false,,,false,,,false,,,false,,,false,,,false,,,false,,,false,,,false,,,false,,,false,,,false,,,false,,,false,,,false,,,false,,,active
italian-greyhound-dog-200-embroidered-icon,,,,,,,,,Medium,,,,,,,,ICON-46286607712513,0.0,,deny,manual,24.00,,true,true,,,,,,,,,,,,,,,,,,,,,,,,,,,,,,,,,,,,,,,,,,,,,,,,,,,,,,,,,,,,,,,,,,,,,,,,,,,,,,,,,,lb,,,,,,,,,,,,,,,,,,,,,,,,,,,,,,,,,,,,,,,,,,,,,,,,,,,,,,,,,,,,,,,,,,,,,,,,,,,,,,,,,,,,,,,,,,,,,,,,,,,,,,,,,
italian-greyhound-dog-200-embroidered-icon,,,,,,,,,Large,,,,,,,,ICON-46286607745281,0.0,,deny,manual,48.00,,true,true,,,,,,,,,,,,,,,,,,,,,,,,,,,,,,,,,,,,,,,,,,,,,,,,,,,,,,,,,,,,,,,,,,,,,,,,,,,,,,,,,,lb,,,,,,,,,,,,,,,,,,,,,,,,,,,,,,,,,,,,,,,,,,,,,,,,,,,,,,,,,,,,,,,,,,,,,,,,,,,,,,,,,,,,,,,,,,,,,,,,,,,,,,,,,
husky-dog-200-embroidered-icon,Husky Dog 200 Embroidered Icon,"",Abbode Embroidery Design,Product Add-Ons > Product Customization,Embroidery Design,"hidden, icon, instant_exclude, revoq-no-withdrawal, webster-live",true,Size,Small,,,,,,,,ICON-46286605091073,0.0,,deny,manual,24.00,,true,true,,,,,,https://cdn.shopify.com/s/files/1/0321/4956/9675/files/Husky_Dog_200.png?v=1779837608,1,"",false,,,,,,,,,,,,,,,,,ICON-CU,,,,,,,,,,,,,,,,,,,,'1,,,,,,,,,,,,,,,,,,,,,,,,,,,,,,,,,,,,lb,,,false,,,false,,,false,,,false,,,false,,,false,,,false,,,false,,,false,,,false,,,false,,,false,,,false,,,false,,,false,,,false,,,false,,,false,,,false,,,false,,,false,,,false,,,false,,,false,,,false,,,false,,,false,,,false,,,false,,,false,,,false,,,false,,,false,,,false,,,active
husky-dog-200-embroidered-icon,,,,,,,,,Medium,,,,,,,,ICON-46286605123841,0.0,,deny,manual,24.00,,true,true,,,,,,,,,,,,,,,,,,,,,,,,,,,,,,,,,,,,,,,,,,,,,,,,,,,,,,,,,,,,,,,,,,,,,,,,,,,,,,,,,,lb,,,,,,,,,,,,,,,,,,,,,,,,,,,,,,,,,,,,,,,,,,,,,,,,,,,,,,,,,,,,,,,,,,,,,,,,,,,,,,,,,,,,,,,,,,,,,,,,,,,,,,,,,
husky-dog-200-embroidered-icon,,,,,,,,,Large,,,,,,,,ICON-46286605156609,0.0,,deny,manual,48.00,,true,true,,,,,,,,,,,,,,,,,,,,,,,,,,,,,,,,,,,,,,,,,,,,,,,,,,,,,,,,,,,,,,,,,,,,,,,,,,,,,,,,,,lb,,,,,,,,,,,,,,,,,,,,,,,,,,,,,,,,,,,,,,,,,,,,,,,,,,,,,,,,,,,,,,,,,,,,,,,,,,,,,,,,,,,,,,,,,,,,,,,,,,,,,,,,,
great-dane-dog-200-embroidered-icon,Great Dane Dog 200 Embroidered Icon,"",Abbode Embroidery Design,Product Add-Ons > Product Customization,Embroidery Design,"hidden, icon, instant_exclude, revoq-no-withdrawal, webster-live",true,Size,Small,,,,,,,,ICON-46286602404097,0.0,,deny,manual,24.00,,true,true,,,,,,https://cdn.shopify.com/s/files/1/0321/4956/9675/files/Great_Dane_Dog_200.png?v=1779837608,1,"",false,,,,,,,,,,,,,,,,,ICON-CU,,,,,,,,,,,,,,,,,,,,'1,,,,,,,,,,,,,,,,,,,,,,,,,,,,,,,,,,,,lb,,,false,,,false,,,false,,,false,,,false,,,false,,,false,,,false,,,false,,,false,,,false,,,false,,,false,,,false,,,false,,,false,,,false,,,false,,,false,,,false,,,false,,,false,,,false,,,false,,,false,,,false,,,false,,,false,,,false,,,false,,,false,,,false,,,false,,,false,,,active
great-dane-dog-200-embroidered-icon,,,,,,,,,Medium,,,,,,,,ICON-46286602436865,0.0,,deny,manual,24.00,,true,true,,,,,,,,,,,,,,,,,,,,,,,,,,,,,,,,,,,,,,,,,,,,,,,,,,,,,,,,,,,,,,,,,,,,,,,,,,,,,,,,,,lb,,,,,,,,,,,,,,,,,,,,,,,,,,,,,,,,,,,,,,,,,,,,,,,,,,,,,,,,,,,,,,,,,,,,,,,,,,,,,,,,,,,,,,,,,,,,,,,,,,,,,,,,,
great-dane-dog-200-embroidered-icon,,,,,,,,,Large,,,,,,,,ICON-46286602469633,0.0,,deny,manual,48.00,,true,true,,,,,,,,,,,,,,,,,,,,,,,,,,,,,,,,,,,,,,,,,,,,,,,,,,,,,,,,,,,,,,,,,,,,,,,,,,,,,,,,,,lb,,,,,,,,,,,,,,,,,,,,,,,,,,,,,,,,,,,,,,,,,,,,,,,,,,,,,,,,,,,,,,,,,,,,,,,,,,,,,,,,,,,,,,,,,,,,,,,,,,,,,,,,,
doberman-dog-200-embroidered-icon,Doberman dog 200 Embroidered Icon,"",Abbode Embroidery Design,Product Add-Ons > Product Customization,Embroidery Design,"hidden, icon, instant_exclude, revoq-no-withdrawal, webster-live",true,Size,Small,,,,,,,,ICON-46286600143105,0.0,,deny,manual,24.00,,true,true,,,,,,https://cdn.shopify.com/s/files/1/0321/4956/9675/files/Doberman_dog_200.png?v=1779837786,1,"",false,,,,,,,,,,,,,,,,,ICON-CU,,,,,,,,,,,,,,,,,,,,'1,,,,,,,,,,,,,,,,,,,,,,,,,,,,,,,,,,,,lb,,,false,,,false,,,false,,,false,,,false,,,false,,,false,,,false,,,false,,,false,,,false,,,false,,,false,,,false,,,false,,,false,,,false,,,false,,,false,,,false,,,false,,,false,,,false,,,false,,,false,,,false,,,false,,,false,,,false,,,false,,,false,,,false,,,false,,,false,,,active
doberman-dog-200-embroidered-icon,,,,,,,,,Medium,,,,,,,,ICON-46286600175873,0.0,,deny,manual,24.00,,true,true,,,,,,,,,,,,,,,,,,,,,,,,,,,,,,,,,,,,,,,,,,,,,,,,,,,,,,,,,,,,,,,,,,,,,,,,,,,,,,,,,,lb,,,,,,,,,,,,,,,,,,,,,,,,,,,,,,,,,,,,,,,,,,,,,,,,,,,,,,,,,,,,,,,,,,,,,,,,,,,,,,,,,,,,,,,,,,,,,,,,,,,,,,,,,
doberman-dog-200-embroidered-icon,,,,,,,,,Large,,,,,,,,ICON-46286600208641,0.0,,deny,manual,48.00,,true,true,,,,,,,,,,,,,,,,,,,,,,,,,,,,,,,,,,,,,,,,,,,,,,,,,,,,,,,,,,,,,,,,,,,,,,,,,,,,,,,,,,lb,,,,,,,,,,,,,,,,,,,,,,,,,,,,,,,,,,,,,,,,,,,,,,,,,,,,,,,,,,,,,,,,,,,,,,,,,,,,,,,,,,,,,,,,,,,,,,,,,,,,,,,,,
cocker-spaniel-dog-200-embroidered-icon,Cocker Spaniel Dog 200 Embroidered Icon,"",Abbode Embroidery Design,Product Add-Ons > Product Customization,Embroidery Design,"hidden, icon, instant_exclude, revoq-no-withdrawal, webster-live",true,Size,Small,,,,,,,,ICON-46286597685505,0.0,,deny,manual,24.00,,true,true,,,,,,https://cdn.shopify.com/s/files/1/0321/4956/9675/files/Cocker_Spaniel_Dog_200.png?v=1779837787,1,"",false,,,,,,,,,,,,,,,,,ICON-CU,,,,,,,,,,,,,,,,,,,,'1,,,,,,,,,,,,,,,,,,,,,,,,,,,,,,,,,,,,lb,,,false,,,false,,,false,,,false,,,false,,,false,,,false,,,false,,,false,,,false,,,false,,,false,,,false,,,false,,,false,,,false,,,false,,,false,,,false,,,false,,,false,,,false,,,false,,,false,,,false,,,false,,,false,,,false,,,false,,,false,,,false,,,false,,,false,,,false,,,active
cocker-spaniel-dog-200-embroidered-icon,,,,,,,,,Medium,,,,,,,,ICON-46286597718273,0.0,,deny,manual,24.00,,true,true,,,,,,,,,,,,,,,,,,,,,,,,,,,,,,,,,,,,,,,,,,,,,,,,,,,,,,,,,,,,,,,,,,,,,,,,,,,,,,,,,,lb,,,,,,,,,,,,,,,,,,,,,,,,,,,,,,,,,,,,,,,,,,,,,,,,,,,,,,,,,,,,,,,,,,,,,,,,,,,,,,,,,,,,,,,,,,,,,,,,,,,,,,,,,
cocker-spaniel-dog-200-embroidered-icon,,,,,,,,,Large,,,,,,,,ICON-46286597751041,0.0,,deny,manual,48.00,,true,true,,,,,,,,,,,,,,,,,,,,,,,,,,,,,,,,,,,,,,,,,,,,,,,,,,,,,,,,,,,,,,,,,,,,,,,,,,,,,,,,,,lb,,,,,,,,,,,,,,,,,,,,,,,,,,,,,,,,,,,,,,,,,,,,,,,,,,,,,,,,,,,,,,,,,,,,,,,,,,,,,,,,,,,,,,,,,,,,,,,,,,,,,,,,,
cavalier-king-charles-spaniel-dog-tricolor-200-embroidered-icon,Cavalier King Charles Spaniel Dog Tricolor 200 Embroidered Icon,"",Abbode Embroidery Design,Product Add-Ons > Product Customization,Embroidery Design,"hidden, icon, instant_exclude, revoq-no-withdrawal, webster-live",true,Size,Small,,,,,,,,ICON-46286595195137,0.0,,deny,manual,24.00,,true,true,,,,,,https://cdn.shopify.com/s/files/1/0321/4956/9675/files/Cavalier_King_Charles_Spaniel_Dog_Tricolor_200.png?v=1779837787,1,"",false,,,,,,,,,,,,,,,,,ICON-CU,,,,,,,,,,,,,,,,,,,,'1,,,,,,,,,,,,,,,,,,,,,,,,,,,,,,,,,,,,lb,,,false,,,false,,,false,,,false,,,false,,,false,,,false,,,false,,,false,,,false,,,false,,,false,,,false,,,false,,,false,,,false,,,false,,,false,,,false,,,false,,,false,,,false,,,false,,,false,,,false,,,false,,,false,,,false,,,false,,,false,,,false,,,false,,,false,,,false,,,active
cavalier-king-charles-spaniel-dog-tricolor-200-embroidered-icon,,,,,,,,,Medium,,,,,,,,ICON-46286595227905,0.0,,deny,manual,24.00,,true,true,,,,,,,,,,,,,,,,,,,,,,,,,,,,,,,,,,,,,,,,,,,,,,,,,,,,,,,,,,,,,,,,,,,,,,,,,,,,,,,,,,lb,,,,,,,,,,,,,,,,,,,,,,,,,,,,,,,,,,,,,,,,,,,,,,,,,,,,,,,,,,,,,,,,,,,,,,,,,,,,,,,,,,,,,,,,,,,,,,,,,,,,,,,,,
cavalier-king-charles-spaniel-dog-tricolor-200-embroidered-icon,,,,,,,,,Large,,,,,,,,ICON-46286595260673,0.0,,deny,manual,48.00,,true,true,,,,,,,,,,,,,,,,,,,,,,,,,,,,,,,,,,,,,,,,,,,,,,,,,,,,,,,,,,,,,,,,,,,,,,,,,,,,,,,,,,lb,,,,,,,,,,,,,,,,,,,,,,,,,,,,,,,,,,,,,,,,,,,,,,,,,,,,,,,,,,,,,,,,,,,,,,,,,,,,,,,,,,,,,,,,,,,,,,,,,,,,,,,,,
cane-corso-dog-200-embroidered-icon,Cane Corso Dog 200 Embroidered Icon,"",Abbode Embroidery Design,Product Add-Ons > Product Customization,Embroidery Design,"hidden, icon, instant_exclude, revoq-no-withdrawal, webster-live",true,Size,Small,,,,,,,,ICON-46286592311553,0.0,,deny,manual,24.00,,true,true,,,,,,https://cdn.shopify.com/s/files/1/0321/4956/9675/files/Cane_Corso_Dog_200.png?v=1779837787,1,"",false,,,,,,,,,,,,,,,,,ICON-CU,,,,,,,,,,,,,,,,,,,,'1,,,,,,,,,,,,,,,,,,,,,,,,,,,,,,,,,,,,lb,,,false,,,false,,,false,,,false,,,false,,,false,,,false,,,false,,,false,,,false,,,false,,,false,,,false,,,false,,,false,,,false,,,false,,,false,,,false,,,false,,,false,,,false,,,false,,,false,,,false,,,false,,,false,,,false,,,false,,,false,,,false,,,false,,,false,,,false,,,active
cane-corso-dog-200-embroidered-icon,,,,,,,,,Medium,,,,,,,,ICON-46286592344321,0.0,,deny,manual,24.00,,true,true,,,,,,,,,,,,,,,,,,,,,,,,,,,,,,,,,,,,,,,,,,,,,,,,,,,,,,,,,,,,,,,,,,,,,,,,,,,,,,,,,,lb,,,,,,,,,,,,,,,,,,,,,,,,,,,,,,,,,,,,,,,,,,,,,,,,,,,,,,,,,,,,,,,,,,,,,,,,,,,,,,,,,,,,,,,,,,,,,,,,,,,,,,,,,
cane-corso-dog-200-embroidered-icon,,,,,,,,,Large,,,,,,,,ICON-46286592377089,0.0,,deny,manual,48.00,,true,true,,,,,,,,,,,,,,,,,,,,,,,,,,,,,,,,,,,,,,,,,,,,,,,,,,,,,,,,,,,,,,,,,,,,,,,,,,,,,,,,,,lb,,,,,,,,,,,,,,,,,,,,,,,,,,,,,,,,,,,,,,,,,,,,,,,,,,,,,,,,,,,,,,,,,,,,,,,,,,,,,,,,,,,,,,,,,,,,,,,,,,,,,,,,,
boston-terrier-dog-200-embroidered-icon,Boston Terrier Dog 200 Embroidered Icon,"",Abbode Embroidery Design,Product Add-Ons > Product Customization,Embroidery Design,"hidden, icon, instant_exclude, revoq-no-withdrawal, webster-live",true,Size,Small,,,,,,,,ICON-46286586675457,0.0,,deny,manual,24.00,,true,true,,,,,,https://cdn.shopify.com/s/files/1/0321/4956/9675/files/Boston_Terrier_Dog_200.png?v=1779837787,1,"",false,,,,,,,,,,,,,,,,,ICON-CU,,,,,,,,,,,,,,,,,,,,'1,,,,,,,,,,,,,,,,,,,,,,,,,,,,,,,,,,,,lb,,,false,,,false,,,false,,,false,,,false,,,false,,,false,,,false,,,false,,,false,,,false,,,false,,,false,,,false,,,false,,,false,,,false,,,false,,,false,,,false,,,false,,,false,,,false,,,false,,,false,,,false,,,false,,,false,,,false,,,false,,,false,,,false,,,false,,,false,,,active
boston-terrier-dog-200-embroidered-icon,,,,,,,,,Medium,,,,,,,,ICON-46286586708225,0.0,,deny,manual,24.00,,true,true,,,,,,,,,,,,,,,,,,,,,,,,,,,,,,,,,,,,,,,,,,,,,,,,,,,,,,,,,,,,,,,,,,,,,,,,,,,,,,,,,,lb,,,,,,,,,,,,,,,,,,,,,,,,,,,,,,,,,,,,,,,,,,,,,,,,,,,,,,,,,,,,,,,,,,,,,,,,,,,,,,,,,,,,,,,,,,,,,,,,,,,,,,,,,
boston-terrier-dog-200-embroidered-icon,,,,,,,,,Large,,,,,,,,ICON-46286586740993,0.0,,deny,manual,48.00,,true,true,,,,,,,,,,,,,,,,,,,,,,,,,,,,,,,,,,,,,,,,,,,,,,,,,,,,,,,,,,,,,,,,,,,,,,,,,,,,,,,,,,lb,,,,,,,,,,,,,,,,,,,,,,,,,,,,,,,,,,,,,,,,,,,,,,,,,,,,,,,,,,,,,,,,,,,,,,,,,,,,,,,,,,,,,,,,,,,,,,,,,,,,,,,,,
border-collie-dog-200-embroidered-icon,Border Collie Dog 200 Embroidered Icon,"",Abbode Embroidery Design,Product Add-Ons > Product Customization,Embroidery Design,"hidden, icon, instant_exclude, revoq-no-withdrawal, webster-live",true,Size,Small,,,,,,,,ICON-46286582644993,0.0,,deny,manual,24.00,,true,true,,,,,,https://cdn.shopify.com/s/files/1/0321/4956/9675/files/Border_Collie_Dog_200.png?v=1779837787,1,"",false,,,,,,,,,,,,,,,,,ICON-CU,,,,,,,,,,,,,,,,,,,,'1,,,,,,,,,,,,,,,,,,,,,,,,,,,,,,,,,,,,lb,,,false,,,false,,,false,,,false,,,false,,,false,,,false,,,false,,,false,,,false,,,false,,,false,,,false,,,false,,,false,,,false,,,false,,,false,,,false,,,false,,,false,,,false,,,false,,,false,,,false,,,false,,,false,,,false,,,false,,,false,,,false,,,false,,,false,,,false,,,active
border-collie-dog-200-embroidered-icon,,,,,,,,,Medium,,,,,,,,ICON-46286582677761,0.0,,deny,manual,24.00,,true,true,,,,,,,,,,,,,,,,,,,,,,,,,,,,,,,,,,,,,,,,,,,,,,,,,,,,,,,,,,,,,,,,,,,,,,,,,,,,,,,,,,lb,,,,,,,,,,,,,,,,,,,,,,,,,,,,,,,,,,,,,,,,,,,,,,,,,,,,,,,,,,,,,,,,,,,,,,,,,,,,,,,,,,,,,,,,,,,,,,,,,,,,,,,,,
border-collie-dog-200-embroidered-icon,,,,,,,,,Large,,,,,,,,ICON-46286582710529,0.0,,deny,manual,48.00,,true,true,,,,,,,,,,,,,,,,,,,,,,,,,,,,,,,,,,,,,,,,,,,,,,,,,,,,,,,,,,,,,,,,,,,,,,,,,,,,,,,,,,lb,,,,,,,,,,,,,,,,,,,,,,,,,,,,,,,,,,,,,,,,,,,,,,,,,,,,,,,,,,,,,,,,,,,,,,,,,,,,,,,,,,,,,,,,,,,,,,,,,,,,,,,,,
black-pug-200-embroidered-icon,Black Pug 200 Embroidered Icon,"",Abbode Embroidery Design,Product Add-Ons > Product Customization,Embroidery Design,"hidden, icon, instant_exclude, revoq-no-withdrawal, webster-live",true,Size,Small,,,,,,,,ICON-46286580515073,0.0,,deny,manual,24.00,,true,true,,,,,,https://cdn.shopify.com/s/files/1/0321/4956/9675/files/Black_Pug_200.png?v=1779838027,1,"",false,,,,,,,,,,,,,,,,,ICON-CU,,,,,,,,,,,,,,,,,,,,'1,,,,,,,,,,,,,,,,,,,,,,,,,,,,,,,,,,,,lb,,,false,,,false,,,false,,,false,,,false,,,false,,,false,,,false,,,false,,,false,,,false,,,false,,,false,,,false,,,false,,,false,,,false,,,false,,,false,,,false,,,false,,,false,,,false,,,false,,,false,,,false,,,false,,,false,,,false,,,false,,,false,,,false,,,false,,,false,,,active
black-pug-200-embroidered-icon,,,,,,,,,Medium,,,,,,,,ICON-46286580547841,0.0,,deny,manual,24.00,,true,true,,,,,,,,,,,,,,,,,,,,,,,,,,,,,,,,,,,,,,,,,,,,,,,,,,,,,,,,,,,,,,,,,,,,,,,,,,,,,,,,,,lb,,,,,,,,,,,,,,,,,,,,,,,,,,,,,,,,,,,,,,,,,,,,,,,,,,,,,,,,,,,,,,,,,,,,,,,,,,,,,,,,,,,,,,,,,,,,,,,,,,,,,,,,,
black-pug-200-embroidered-icon,,,,,,,,,Large,,,,,,,,ICON-46286580580609,0.0,,deny,manual,48.00,,true,true,,,,,,,,,,,,,,,,,,,,,,,,,,,,,,,,,,,,,,,,,,,,,,,,,,,,,,,,,,,,,,,,,,,,,,,,,,,,,,,,,,lb,,,,,,,,,,,,,,,,,,,,,,,,,,,,,,,,,,,,,,,,,,,,,,,,,,,,,,,,,,,,,,,,,,,,,,,,,,,,,,,,,,,,,,,,,,,,,,,,,,,,,,,,,
bichon-frise-embroidered-icon,Fluffy White Dog Embroidered Icon,"",Abbode Embroidery Design,Product Add-Ons > Product Customization,Embroidery Design,"hidden, icon, instant_exclude, revoq-no-withdrawal, webster-live",true,Size,Small,,,,,,,,ICON-46286577500417,0.0,,deny,manual,24.00,,true,true,,,,,,https://cdn.shopify.com/s/files/1/0321/4956/9675/files/Bichon_Frise.png?v=1779838027,1,"",false,,,,,,,,,,,,,,,,,ICON-CU,,,,,,,,,,,,,,,,,,,,'1,,,,,,,,,,,,,,,,,,,,,,,,,,,,,,,,,,,,lb,,,false,,,false,,,false,,,false,,,false,,,false,,,false,,,false,,,false,,,false,,,false,,,false,,,false,,,false,,,false,,,false,,,false,,,false,,,false,,,false,,,false,,,false,,,false,,,false,,,false,,,false,,,false,,,false,,,false,,,false,,,false,,,false,,,false,,,false,,,active
bichon-frise-embroidered-icon,,,,,,,,,Medium,,,,,,,,ICON-46286577533185,0.0,,deny,manual,24.00,,true,true,,,,,,,,,,,,,,,,,,,,,,,,,,,,,,,,,,,,,,,,,,,,,,,,,,,,,,,,,,,,,,,,,,,,,,,,,,,,,,,,,,lb,,,,,,,,,,,,,,,,,,,,,,,,,,,,,,,,,,,,,,,,,,,,,,,,,,,,,,,,,,,,,,,,,,,,,,,,,,,,,,,,,,,,,,,,,,,,,,,,,,,,,,,,,
bichon-frise-embroidered-icon,,,,,,,,,Large,,,,,,,,ICON-46286577565953,0.0,,deny,manual,48.00,,true,true,,,,,,,,,,,,,,,,,,,,,,,,,,,,,,,,,,,,,,,,,,,,,,,,,,,,,,,,,,,,,,,,,,,,,,,,,,,,,,,,,,lb,,,,,,,,,,,,,,,,,,,,,,,,,,,,,,,,,,,,,,,,,,,,,,,,,,,,,,,,,,,,,,,,,,,,,,,,,,,,,,,,,,,,,,,,,,,,,,,,,,,,,,,,,
bernese-mountain-dog-200-embroidered-icon,Bernese Mountain Dog 200 Embroidered Icon,"",Abbode Embroidery Design,Product Add-Ons > Product Customization,Embroidery Design,"hidden, icon, instant_exclude, revoq-no-withdrawal, webster-live",true,Size,Small,,,,,,,,ICON-46286575173889,0.0,,deny,manual,24.00,,true,true,,,,,,https://cdn.shopify.com/s/files/1/0321/4956/9675/files/Bernese_Mountain_Dog_200.png?v=1779838027,1,"",false,,,,,,,,,,,,,,,,,ICON-CU,,,,,,,,,,,,,,,,,,,,'1,,,,,,,,,,,,,,,,,,,,,,,,,,,,,,,,,,,,lb,,,false,,,false,,,false,,,false,,,false,,,false,,,false,,,false,,,false,,,false,,,false,,,false,,,false,,,false,,,false,,,false,,,false,,,false,,,false,,,false,,,false,,,false,,,false,,,false,,,false,,,false,,,false,,,false,,,false,,,false,,,false,,,false,,,false,,,false,,,active
bernese-mountain-dog-200-embroidered-icon,,,,,,,,,Medium,,,,,,,,ICON-46286575206657,0.0,,deny,manual,24.00,,true,true,,,,,,,,,,,,,,,,,,,,,,,,,,,,,,,,,,,,,,,,,,,,,,,,,,,,,,,,,,,,,,,,,,,,,,,,,,,,,,,,,,lb,,,,,,,,,,,,,,,,,,,,,,,,,,,,,,,,,,,,,,,,,,,,,,,,,,,,,,,,,,,,,,,,,,,,,,,,,,,,,,,,,,,,,,,,,,,,,,,,,,,,,,,,,
bernese-mountain-dog-200-embroidered-icon,,,,,,,,,Large,,,,,,,,ICON-46286575239425,0.0,,deny,manual,48.00,,true,true,,,,,,,,,,,,,,,,,,,,,,,,,,,,,,,,,,,,,,,,,,,,,,,,,,,,,,,,,,,,,,,,,,,,,,,,,,,,,,,,,,lb,,,,,,,,,,,,,,,,,,,,,,,,,,,,,,,,,,,,,,,,,,,,,,,,,,,,,,,,,,,,,,,,,,,,,,,,,,,,,,,,,,,,,,,,,,,,,,,,,,,,,,,,,
bernedoodle-dog-200-embroidered-icon,Bernedoodle dog 200 Embroidered Icon,"",Abbode Embroidery Design,Product Add-Ons > Product Customization,Embroidery Design,"hidden, icon, instant_exclude, revoq-no-withdrawal, webster-live",true,Size,Small,,,,,,,,ICON-46286570946817,0.0,,deny,manual,24.00,,true,true,,,,,,https://cdn.shopify.com/s/files/1/0321/4956/9675/files/Bernedoodle_dog_200.png?v=1779838027,1,"",false,,,,,,,,,,,,,,,,,ICON-CU,,,,,,,,,,,,,,,,,,,,'1,,,,,,,,,,,,,,,,,,,,,,,,,,,,,,,,,,,,lb,,,false,,,false,,,false,,,false,,,false,,,false,,,false,,,false,,,false,,,false,,,false,,,false,,,false,,,false,,,false,,,false,,,false,,,false,,,false,,,false,,,false,,,false,,,false,,,false,,,false,,,false,,,false,,,false,,,false,,,false,,,false,,,false,,,false,,,false,,,active
bernedoodle-dog-200-embroidered-icon,,,,,,,,,Medium,,,,,,,,ICON-46286570979585,0.0,,deny,manual,24.00,,true,true,,,,,,,,,,,,,,,,,,,,,,,,,,,,,,,,,,,,,,,,,,,,,,,,,,,,,,,,,,,,,,,,,,,,,,,,,,,,,,,,,,lb,,,,,,,,,,,,,,,,,,,,,,,,,,,,,,,,,,,,,,,,,,,,,,,,,,,,,,,,,,,,,,,,,,,,,,,,,,,,,,,,,,,,,,,,,,,,,,,,,,,,,,,,,
bernedoodle-dog-200-embroidered-icon,,,,,,,,,Large,,,,,,,,ICON-46286571012353,0.0,,deny,manual,48.00,,true,true,,,,,,,,,,,,,,,,,,,,,,,,,,,,,,,,,,,,,,,,,,,,,,,,,,,,,,,,,,,,,,,,,,,,,,,,,,,,,,,,,,lb,,,,,,,,,,,,,,,,,,,,,,,,,,,,,,,,,,,,,,,,,,,,,,,,,,,,,,,,,,,,,,,,,,,,,,,,,,,,,,,,,,,,,,,,,,,,,,,,,,,,,,,,,
basset-hound-dog-tricolor-200-embroidered-icon,Basset Hound Dog Tricolor 200 Embroidered Icon,"",Abbode Embroidery Design,Product Add-Ons > Product Customization,Embroidery Design,"hidden, icon, instant_exclude, revoq-no-withdrawal, webster-live",true,Size,Small,,,,,,,,ICON-46286566916353,0.0,,deny,manual,24.00,,true,true,,,,,,https://cdn.shopify.com/s/files/1/0321/4956/9675/files/Basset_Hound_Dog_Tricolor_200.png?v=1779838027,1,"",false,,,,,,,,,,,,,,,,,ICON-CU,,,,,,,,,,,,,,,,,,,,'1,,,,,,,,,,,,,,,,,,,,,,,,,,,,,,,,,,,,lb,,,false,,,false,,,false,,,false,,,false,,,false,,,false,,,false,,,false,,,false,,,false,,,false,,,false,,,false,,,false,,,false,,,false,,,false,,,false,,,false,,,false,,,false,,,false,,,false,,,false,,,false,,,false,,,false,,,false,,,false,,,false,,,false,,,false,,,false,,,active
basset-hound-dog-tricolor-200-embroidered-icon,,,,,,,,,Medium,,,,,,,,ICON-46286566949121,0.0,,deny,manual,24.00,,true,true,,,,,,,,,,,,,,,,,,,,,,,,,,,,,,,,,,,,,,,,,,,,,,,,,,,,,,,,,,,,,,,,,,,,,,,,,,,,,,,,,,lb,,,,,,,,,,,,,,,,,,,,,,,,,,,,,,,,,,,,,,,,,,,,,,,,,,,,,,,,,,,,,,,,,,,,,,,,,,,,,,,,,,,,,,,,,,,,,,,,,,,,,,,,,
basset-hound-dog-tricolor-200-embroidered-icon,,,,,,,,,Large,,,,,,,,ICON-46286566981889,0.0,,deny,manual,48.00,,true,true,,,,,,,,,,,,,,,,,,,,,,,,,,,,,,,,,,,,,,,,,,,,,,,,,,,,,,,,,,,,,,,,,,,,,,,,,,,,,,,,,,lb,,,,,,,,,,,,,,,,,,,,,,,,,,,,,,,,,,,,,,,,,,,,,,,,,,,,,,,,,,,,,,,,,,,,,,,,,,,,,,,,,,,,,,,,,,,,,,,,,,,,,,,,,
basset-hound-dog-200-embroidered-icon,Basset Hound Dog 200 Embroidered Icon,"",Abbode Embroidery Design,Product Add-Ons > Product Customization,Embroidery Design,"hidden, icon, instant_exclude, revoq-no-withdrawal, webster-live",true,Size,Small,,,,,,,,ICON-46286562590977,0.0,,deny,manual,24.00,,true,true,,,,,,https://cdn.shopify.com/s/files/1/0321/4956/9675/files/Basset_Hound_Dog_200.png?v=1779838027,1,"",false,,,,,,,,,,,,,,,,,ICON-CU,,,,,,,,,,,,,,,,,,,,'1,,,,,,,,,,,,,,,,,,,,,,,,,,,,,,,,,,,,lb,,,false,,,false,,,false,,,false,,,false,,,false,,,false,,,false,,,false,,,false,,,false,,,false,,,false,,,false,,,false,,,false,,,false,,,false,,,false,,,false,,,false,,,false,,,false,,,false,,,false,,,false,,,false,,,false,,,false,,,false,,,false,,,false,,,false,,,false,,,active
basset-hound-dog-200-embroidered-icon,,,,,,,,,Medium,,,,,,,,ICON-46286562623745,0.0,,deny,manual,24.00,,true,true,,,,,,,,,,,,,,,,,,,,,,,,,,,,,,,,,,,,,,,,,,,,,,,,,,,,,,,,,,,,,,,,,,,,,,,,,,,,,,,,,,lb,,,,,,,,,,,,,,,,,,,,,,,,,,,,,,,,,,,,,,,,,,,,,,,,,,,,,,,,,,,,,,,,,,,,,,,,,,,,,,,,,,,,,,,,,,,,,,,,,,,,,,,,,
basset-hound-dog-200-embroidered-icon,,,,,,,,,Large,,,,,,,,ICON-46286562656513,0.0,,deny,manual,48.00,,true,true,,,,,,,,,,,,,,,,,,,,,,,,,,,,,,,,,,,,,,,,,,,,,,,,,,,,,,,,,,,,,,,,,,,,,,,,,,,,,,,,,,lb,,,,,,,,,,,,,,,,,,,,,,,,,,,,,,,,,,,,,,,,,,,,,,,,,,,,,,,,,,,,,,,,,,,,,,,,,,,,,,,,,,,,,,,,,,,,,,,,,,,,,,,,,
blue-heart-outline-embroidered-icon,Blue Heart Outline Embroidered Icon,"",Abbode Embroidery Design,Product Add-Ons > Product Customization,Embroidery Design,"hidden, icon, instant_exclude, revoq-no-withdrawal, webster-live",true,Size,Small,,,,,,,,ICON-46264177721601,0.0,,deny,manual,24.00,,true,true,,,,,,https://cdn.shopify.com/s/files/1/0321/4956/9675/files/NEW_Heart_Outline_Blue.png?v=1779838027,1,"",false,,,,,,,,,,,,,,,,,ICON-CU,,,,,,,,,,,,,,,,,,,,'1,,,,,,,,,,,,,,,,,,,,,,,,,,,,,,,,,,,,g,,,false,,,false,,,false,,,false,,,false,,,false,,,false,,,false,,,false,,,false,,,false,,,false,,,false,,,false,,,false,,,false,,,false,,,false,,,false,,,false,,,false,,,false,,,false,,,false,,,false,,,false,,,false,,,false,,,false,,,false,,,false,,,false,,,false,,,false,,,active
blue-heart-outline-embroidered-icon,,,,,,,,,Large,,,,,,,,ICON-46264177754369,0.0,,deny,manual,48.00,,true,true,,,,,,,,,,,,,,,,,,,,,,,,,,,,,,,,,,,,,,,,,,,,,,,,,,,,,,,,,,,,,,,,,,,,,,,,,,,,,,,,,,g,,,,,,,,,,,,,,,,,,,,,,,,,,,,,,,,,,,,,,,,,,,,,,,,,,,,,,,,,,,,,,,,,,,,,,,,,,,,,,,,,,,,,,,,,,,,,,,,,,,,,,,,,
blue-heart-outline-embroidered-icon,,,,,,,,,Medium,,,,,,,,ICON-46264177787137,0.0,,deny,manual,24.00,,true,true,,,,,,,,,,,,,,,,,,,,,,,,,,,,,,,,,,,,,,,,,,,,,,,,,,,,,,,,,,,,,,,,,,,,,,,,,,,,,,,,,,g,,,,,,,,,,,,,,,,,,,,,,,,,,,,,,,,,,,,,,,,,,,,,,,,,,,,,,,,,,,,,,,,,,,,,,,,,,,,,,,,,,,,,,,,,,,,,,,,,,,,,,,,,
black-heart-outline-embroidered-icon,Black Heart Outline Embroidered Icon,"",Abbode Embroidery Design,Product Add-Ons > Product Customization,Embroidery Design,"hidden, icon, instant_exclude, revoq-no-withdrawal, webster-live",true,Size,Small,,,,,,,,ICON-46264177524993,0.0,,deny,manual,24.00,,true,true,,,,,,https://cdn.shopify.com/s/files/1/0321/4956/9675/files/NEW_Heart_Outline_Black.png?v=1779838027,1,"",false,,,,,,,,,,,,,,,,,ICON-CU,,,,,,,,,,,,,,,,,,,,'1,,,,,,,,,,,,,,,,,,,,,,,,,,,,,,,,,,,,g,,,false,,,false,,,false,,,false,,,false,,,false,,,false,,,false,,,false,,,false,,,false,,,false,,,false,,,false,,,false,,,false,,,false,,,false,,,false,,,false,,,false,,,false,,,false,,,false,,,false,,,false,,,false,,,false,,,false,,,false,,,false,,,false,,,false,,,false,,,active
black-heart-outline-embroidered-icon,,,,,,,,,Large,,,,,,,,ICON-46264177557761,0.0,,deny,manual,48.00,,true,true,,,,,,,,,,,,,,,,,,,,,,,,,,,,,,,,,,,,,,,,,,,,,,,,,,,,,,,,,,,,,,,,,,,,,,,,,,,,,,,,,,g,,,,,,,,,,,,,,,,,,,,,,,,,,,,,,,,,,,,,,,,,,,,,,,,,,,,,,,,,,,,,,,,,,,,,,,,,,,,,,,,,,,,,,,,,,,,,,,,,,,,,,,,,
black-heart-outline-embroidered-icon,,,,,,,,,Medium,,,,,,,,ICON-46264177590529,0.0,,deny,manual,24.00,,true,true,,,,,,,,,,,,,,,,,,,,,,,,,,,,,,,,,,,,,,,,,,,,,,,,,,,,,,,,,,,,,,,,,,,,,,,,,,,,,,,,,,g,,,,,,,,,,,,,,,,,,,,,,,,,,,,,,,,,,,,,,,,,,,,,,,,,,,,,,,,,,,,,,,,,,,,,,,,,,,,,,,,,,,,,,,,,,,,,,,,,,,,,,,,,
pink-heart-outline-embroidered-icon,Pink Heart Outline Embroidered Icon,"",Abbode Embroidery Design,Product Add-Ons > Product Customization,Embroidery Design,"hidden, icon, instant_exclude, revoq-no-withdrawal, webster-live",true,Size,Small,,,,,,,,ICON-46264177295617,0.0,,deny,manual,24.00,,true,true,,,,,,https://cdn.shopify.com/s/files/1/0321/4956/9675/files/NEW_Heart_Outline_Pink.png?v=1779838027,1,"",false,,,,,,,,,,,,,,,,,ICON-CU,,,,,,,,,,,,,,,,,,,,'1,,,,,,,,,,,,,,,,,,,,,,,,,,,,,,,,,,,,g,,,false,,,false,,,false,,,false,,,false,,,false,,,false,,,false,,,false,,,false,,,false,,,false,,,false,,,false,,,false,,,false,,,false,,,false,,,false,,,false,,,false,,,false,,,false,,,false,,,false,,,false,,,false,,,false,,,false,,,false,,,false,,,false,,,false,,,false,,,active
pink-heart-outline-embroidered-icon,,,,,,,,,Large,,,,,,,,ICON-46264177328385,0.0,,deny,manual,48.00,,true,true,,,,,,,,,,,,,,,,,,,,,,,,,,,,,,,,,,,,,,,,,,,,,,,,,,,,,,,,,,,,,,,,,,,,,,,,,,,,,,,,,,g,,,,,,,,,,,,,,,,,,,,,,,,,,,,,,,,,,,,,,,,,,,,,,,,,,,,,,,,,,,,,,,,,,,,,,,,,,,,,,,,,,,,,,,,,,,,,,,,,,,,,,,,,
pink-heart-outline-embroidered-icon,,,,,,,,,Medium,,,,,,,,ICON-46264177361153,0.0,,deny,manual,24.00,,true,true,,,,,,,,,,,,,,,,,,,,,,,,,,,,,,,,,,,,,,,,,,,,,,,,,,,,,,,,,,,,,,,,,,,,,,,,,,,,,,,,,,g,,,,,,,,,,,,,,,,,,,,,,,,,,,,,,,,,,,,,,,,,,,,,,,,,,,,,,,,,,,,,,,,,,,,,,,,,,,,,,,,,,,,,,,,,,,,,,,,,,,,,,,,,
white-heart-outline-embroidered-icon,White Heart Outline Embroidered Icon,"",Abbode Embroidery Design,Product Add-Ons > Product Customization,Embroidery Design,"hidden, icon, instant_exclude, revoq-no-withdrawal, webster-live",true,Size,Small,,,,,,,,ICON-46264177066241,0.0,,deny,manual,24.00,,true,true,,,,,,https://cdn.shopify.com/s/files/1/0321/4956/9675/files/NEW_Heart_Outline_White.png?v=1779838027,1,"",false,,,,,,,,,,,,,,,,,ICON-CU,,,,,,,,,,,,,,,,,,,,'1,,,,,,,,,,,,,,,,,,,,,,,,,,,,,,,,,,,,g,,,false,,,false,,,false,,,false,,,false,,,false,,,false,,,false,,,false,,,false,,,false,,,false,,,false,,,false,,,false,,,false,,,false,,,false,,,false,,,false,,,false,,,false,,,false,,,false,,,false,,,false,,,false,,,false,,,false,,,false,,,false,,,false,,,false,,,false,,,active
white-heart-outline-embroidered-icon,,,,,,,,,Large,,,,,,,,ICON-46264177099009,0.0,,deny,manual,48.00,,true,true,,,,,,,,,,,,,,,,,,,,,,,,,,,,,,,,,,,,,,,,,,,,,,,,,,,,,,,,,,,,,,,,,,,,,,,,,,,,,,,,,,g,,,,,,,,,,,,,,,,,,,,,,,,,,,,,,,,,,,,,,,,,,,,,,,,,,,,,,,,,,,,,,,,,,,,,,,,,,,,,,,,,,,,,,,,,,,,,,,,,,,,,,,,,
white-heart-outline-embroidered-icon,,,,,,,,,Medium,,,,,,,,ICON-46264177131777,0.0,,deny,manual,24.00,,true,true,,,,,,,,,,,,,,,,,,,,,,,,,,,,,,,,,,,,,,,,,,,,,,,,,,,,,,,,,,,,,,,,,,,,,,,,,,,,,,,,,,g,,,,,,,,,,,,,,,,,,,,,,,,,,,,,,,,,,,,,,,,,,,,,,,,,,,,,,,,,,,,,,,,,,,,,,,,,,,,,,,,,,,,,,,,,,,,,,,,,,,,,,,,,
red-heart-outline-embroidered-icon,Red Heart Outline Embroidered Icon,"",Abbode Embroidery Design,Product Add-Ons > Product Customization,Embroidery Design,"hidden, icon, instant_exclude, revoq-no-withdrawal, webster-live",true,Size,Small,,,,,,,,ICON-46264169169153,0.0,,deny,manual,24.00,,true,true,,,,,,https://cdn.shopify.com/s/files/1/0321/4956/9675/files/NEW_Heart_Outline.png?v=1779838027,1,"",false,,,,,,,,,,,,,,,,,ICON-CU,,,,,,,,,,,,,,,,,,,,'1,,,,,,,,,,,,,,,,,,,,,,,,,,,,,,,,,,,,g,,,false,,,false,,,false,,,false,,,false,,,false,,,false,,,false,,,false,,,false,,,false,,,false,,,false,,,false,,,false,,,false,,,false,,,false,,,false,,,false,,,false,,,false,,,false,,,false,,,false,,,false,,,false,,,false,,,false,,,false,,,false,,,false,,,false,,,false,,,active
red-heart-outline-embroidered-icon,,,,,,,,,Large,,,,,,,,ICON-46264169201921,0.0,,deny,manual,48.00,,true,true,,,,,,,,,,,,,,,,,,,,,,,,,,,,,,,,,,,,,,,,,,,,,,,,,,,,,,,,,,,,,,,,,,,,,,,,,,,,,,,,,,g,,,,,,,,,,,,,,,,,,,,,,,,,,,,,,,,,,,,,,,,,,,,,,,,,,,,,,,,,,,,,,,,,,,,,,,,,,,,,,,,,,,,,,,,,,,,,,,,,,,,,,,,,
red-heart-outline-embroidered-icon,,,,,,,,,Medium,,,,,,,,ICON-46264169234689,0.0,,deny,manual,24.00,,true,true,,,,,,,,,,,,,,,,,,,,,,,,,,,,,,,,,,,,,,,,,,,,,,,,,,,,,,,,,,,,,,,,,,,,,,,,,,,,,,,,,,g,,,,,,,,,,,,,,,,,,,,,,,,,,,,,,,,,,,,,,,,,,,,,,,,,,,,,,,,,,,,,,,,,,,,,,,,,,,,,,,,,,,,,,,,,,,,,,,,,,,,,,,,,
z-cheetah-embroidered-icon,Z Cheetah Embroidered Icon,"",Abbode Embroidery Design,Product Add-Ons > Product Customization,Embroidery Design,"hidden, icon, instant_exclude, revoq-no-withdrawal, webster-live",true,Size,Small,,,,,,,,ICON-46172474048769,0.0,,deny,manual,24.00,,true,true,,,,,,https://cdn.shopify.com/s/files/1/0321/4956/9675/files/CheetahZ.png?v=1779838027,1,"",false,,,,,,,,,,,,,,,,,ICON-CU,,,,,,,,,,,,,,,,,,,,'1,,,,,,,,,,,,,,,,,,,,,,,,,,,,,,,,,,,,lb,,,false,,,false,,,false,,,false,,,false,,,false,,,false,,,false,,,false,,,false,,,false,,,false,,,false,,,false,,,false,,,false,,,false,,,false,,,false,,,false,,,false,,,false,,,false,,,false,,,false,,,false,,,false,,,false,,,false,,,false,,,false,,,false,,,false,,,false,,,active
z-cheetah-embroidered-icon,,,,,,,,,Medium,,,,,,,,ICON-46172474081537,0.0,,deny,manual,24.00,,true,true,,,,,,,,,,,,,,,,,,,,,,,,,,,,,,,,,,,,,,,,,,,,,,,,,,,,,,,,,,,,,,,,,,,,,,,,,,,,,,,,,,lb,,,,,,,,,,,,,,,,,,,,,,,,,,,,,,,,,,,,,,,,,,,,,,,,,,,,,,,,,,,,,,,,,,,,,,,,,,,,,,,,,,,,,,,,,,,,,,,,,,,,,,,,,
z-cheetah-embroidered-icon,,,,,,,,,Large,,,,,,,,ICON-46172474114305,0.0,,deny,manual,48.00,,true,true,,,,,,,,,,,,,,,,,,,,,,,,,,,,,,,,,,,,,,,,,,,,,,,,,,,,,,,,,,,,,,,,,,,,,,,,,,,,,,,,,,lb,,,,,,,,,,,,,,,,,,,,,,,,,,,,,,,,,,,,,,,,,,,,,,,,,,,,,,,,,,,,,,,,,,,,,,,,,,,,,,,,,,,,,,,,,,,,,,,,,,,,,,,,,
y-cheetah-embroidered-icon,Y Cheetah Embroidered Icon,"",Abbode Embroidery Design,Product Add-Ons > Product Customization,Embroidery Design,"hidden, icon, instant_exclude, revoq-no-withdrawal, webster-live",true,Size,Small,,,,,,,,ICON-46172473524481,0.0,,deny,manual,24.00,,true,true,,,,,,https://cdn.shopify.com/s/files/1/0321/4956/9675/files/CheetahY.png?v=1779838027,1,"",false,,,,,,,,,,,,,,,,,ICON-CU,,,,,,,,,,,,,,,,,,,,'1,,,,,,,,,,,,,,,,,,,,,,,,,,,,,,,,,,,,lb,,,false,,,false,,,false,,,false,,,false,,,false,,,false,,,false,,,false,,,false,,,false,,,false,,,false,,,false,,,false,,,false,,,false,,,false,,,false,,,false,,,false,,,false,,,false,,,false,,,false,,,false,,,false,,,false,,,false,,,false,,,false,,,false,,,false,,,false,,,active
y-cheetah-embroidered-icon,,,,,,,,,Medium,,,,,,,,ICON-46172473557249,0.0,,deny,manual,24.00,,true,true,,,,,,,,,,,,,,,,,,,,,,,,,,,,,,,,,,,,,,,,,,,,,,,,,,,,,,,,,,,,,,,,,,,,,,,,,,,,,,,,,,lb,,,,,,,,,,,,,,,,,,,,,,,,,,,,,,,,,,,,,,,,,,,,,,,,,,,,,,,,,,,,,,,,,,,,,,,,,,,,,,,,,,,,,,,,,,,,,,,,,,,,,,,,,
y-cheetah-embroidered-icon,,,,,,,,,Large,,,,,,,,ICON-46172473590017,0.0,,deny,manual,48.00,,true,true,,,,,,,,,,,,,,,,,,,,,,,,,,,,,,,,,,,,,,,,,,,,,,,,,,,,,,,,,,,,,,,,,,,,,,,,,,,,,,,,,,lb,,,,,,,,,,,,,,,,,,,,,,,,,,,,,,,,,,,,,,,,,,,,,,,,,,,,,,,,,,,,,,,,,,,,,,,,,,,,,,,,,,,,,,,,,,,,,,,,,,,,,,,,,
x-cheetah-embroidered-icon,X Cheetah Embroidered Icon,"",Abbode Embroidery Design,Product Add-Ons > Product Customization,Embroidery Design,"hidden, icon, instant_exclude, revoq-no-withdrawal, webster-live",true,Size,Small,,,,,,,,ICON-46172472770817,0.0,,deny,manual,24.00,,true,true,,,,,,https://cdn.shopify.com/s/files/1/0321/4956/9675/files/CheetahX.png?v=1779838027,1,"",false,,,,,,,,,,,,,,,,,ICON-CU,,,,,,,,,,,,,,,,,,,,'1,,,,,,,,,,,,,,,,,,,,,,,,,,,,,,,,,,,,lb,,,false,,,false,,,false,,,false,,,false,,,false,,,false,,,false,,,false,,,false,,,false,,,false,,,false,,,false,,,false,,,false,,,false,,,false,,,false,,,false,,,false,,,false,,,false,,,false,,,false,,,false,,,false,,,false,,,false,,,false,,,false,,,false,,,false,,,false,,,active
x-cheetah-embroidered-icon,,,,,,,,,Medium,,,,,,,,ICON-46172472803585,0.0,,deny,manual,24.00,,true,true,,,,,,,,,,,,,,,,,,,,,,,,,,,,,,,,,,,,,,,,,,,,,,,,,,,,,,,,,,,,,,,,,,,,,,,,,,,,,,,,,,lb,,,,,,,,,,,,,,,,,,,,,,,,,,,,,,,,,,,,,,,,,,,,,,,,,,,,,,,,,,,,,,,,,,,,,,,,,,,,,,,,,,,,,,,,,,,,,,,,,,,,,,,,,
x-cheetah-embroidered-icon,,,,,,,,,Large,,,,,,,,ICON-46172472836353,0.0,,deny,manual,48.00,,true,true,,,,,,,,,,,,,,,,,,,,,,,,,,,,,,,,,,,,,,,,,,,,,,,,,,,,,,,,,,,,,,,,,,,,,,,,,,,,,,,,,,lb,,,,,,,,,,,,,,,,,,,,,,,,,,,,,,,,,,,,,,,,,,,,,,,,,,,,,,,,,,,,,,,,,,,,,,,,,,,,,,,,,,,,,,,,,,,,,,,,,,,,,,,,,
w-cheetah-embroidered-icon,W Cheetah Embroidered Icon,"",Abbode Embroidery Design,Product Add-Ons > Product Customization,Embroidery Design,"hidden, icon, instant_exclude, revoq-no-withdrawal, webster-live",true,Size,Small,,,,,,,,ICON-46172472312065,0.0,,deny,manual,24.00,,true,true,,,,,,https://cdn.shopify.com/s/files/1/0321/4956/9675/files/CheetahW.png?v=1779838027,1,"",false,,,,,,,,,,,,,,,,,ICON-CU,,,,,,,,,,,,,,,,,,,,'1,,,,,,,,,,,,,,,,,,,,,,,,,,,,,,,,,,,,lb,,,false,,,false,,,false,,,false,,,false,,,false,,,false,,,false,,,false,,,false,,,false,,,false,,,false,,,false,,,false,,,false,,,false,,,false,,,false,,,false,,,false,,,false,,,false,,,false,,,false,,,false,,,false,,,false,,,false,,,false,,,false,,,false,,,false,,,false,,,active
w-cheetah-embroidered-icon,,,,,,,,,Medium,,,,,,,,ICON-46172472344833,0.0,,deny,manual,24.00,,true,true,,,,,,,,,,,,,,,,,,,,,,,,,,,,,,,,,,,,,,,,,,,,,,,,,,,,,,,,,,,,,,,,,,,,,,,,,,,,,,,,,,lb,,,,,,,,,,,,,,,,,,,,,,,,,,,,,,,,,,,,,,,,,,,,,,,,,,,,,,,,,,,,,,,,,,,,,,,,,,,,,,,,,,,,,,,,,,,,,,,,,,,,,,,,,
w-cheetah-embroidered-icon,,,,,,,,,Large,,,,,,,,ICON-46172472377601,0.0,,deny,manual,48.00,,true,true,,,,,,,,,,,,,,,,,,,,,,,,,,,,,,,,,,,,,,,,,,,,,,,,,,,,,,,,,,,,,,,,,,,,,,,,,,,,,,,,,,lb,,,,,,,,,,,,,,,,,,,,,,,,,,,,,,,,,,,,,,,,,,,,,,,,,,,,,,,,,,,,,,,,,,,,,,,,,,,,,,,,,,,,,,,,,,,,,,,,,,,,,,,,,
v-cheetah-embroidered-icon,V Cheetah Embroidered Icon,"",Abbode Embroidery Design,Product Add-Ons > Product Customization,Embroidery Design,"hidden, icon, instant_exclude, revoq-no-withdrawal, webster-live",true,Size,Small,,,,,,,,ICON-46172470968577,0.0,,deny,manual,24.00,,true,true,,,,,,https://cdn.shopify.com/s/files/1/0321/4956/9675/files/CheetahV.png?v=1779838027,1,"",false,,,,,,,,,,,,,,,,,ICON-CU,,,,,,,,,,,,,,,,,,,,'1,,,,,,,,,,,,,,,,,,,,,,,,,,,,,,,,,,,,lb,,,false,,,false,,,false,,,false,,,false,,,false,,,false,,,false,,,false,,,false,,,false,,,false,,,false,,,false,,,false,,,false,,,false,,,false,,,false,,,false,,,false,,,false,,,false,,,false,,,false,,,false,,,false,,,false,,,false,,,false,,,false,,,false,,,false,,,false,,,active
v-cheetah-embroidered-icon,,,,,,,,,Medium,,,,,,,,ICON-46172471001345,0.0,,deny,manual,24.00,,true,true,,,,,,,,,,,,,,,,,,,,,,,,,,,,,,,,,,,,,,,,,,,,,,,,,,,,,,,,,,,,,,,,,,,,,,,,,,,,,,,,,,lb,,,,,,,,,,,,,,,,,,,,,,,,,,,,,,,,,,,,,,,,,,,,,,,,,,,,,,,,,,,,,,,,,,,,,,,,,,,,,,,,,,,,,,,,,,,,,,,,,,,,,,,,,
v-cheetah-embroidered-icon,,,,,,,,,Large,,,,,,,,ICON-46172471034113,0.0,,deny,manual,48.00,,true,true,,,,,,,,,,,,,,,,,,,,,,,,,,,,,,,,,,,,,,,,,,,,,,,,,,,,,,,,,,,,,,,,,,,,,,,,,,,,,,,,,,lb,,,,,,,,,,,,,,,,,,,,,,,,,,,,,,,,,,,,,,,,,,,,,,,,,,,,,,,,,,,,,,,,,,,,,,,,,,,,,,,,,,,,,,,,,,,,,,,,,,,,,,,,,
u-cheetah-embroidered-icon,U Cheetah Embroidered Icon,"",Abbode Embroidery Design,Product Add-Ons > Product Customization,Embroidery Design,"hidden, icon, instant_exclude, revoq-no-withdrawal, webster-live",true,Size,Small,,,,,,,,ICON-46172470116609,0.0,,deny,manual,24.00,,true,true,,,,,,https://cdn.shopify.com/s/files/1/0321/4956/9675/files/CheetahU.png?v=1779838027,1,"",false,,,,,,,,,,,,,,,,,ICON-CU,,,,,,,,,,,,,,,,,,,,'1,,,,,,,,,,,,,,,,,,,,,,,,,,,,,,,,,,,,lb,,,false,,,false,,,false,,,false,,,false,,,false,,,false,,,false,,,false,,,false,,,false,,,false,,,false,,,false,,,false,,,false,,,false,,,false,,,false,,,false,,,false,,,false,,,false,,,false,,,false,,,false,,,false,,,false,,,false,,,false,,,false,,,false,,,false,,,false,,,active
u-cheetah-embroidered-icon,,,,,,,,,Medium,,,,,,,,ICON-46172470149377,0.0,,deny,manual,24.00,,true,true,,,,,,,,,,,,,,,,,,,,,,,,,,,,,,,,,,,,,,,,,,,,,,,,,,,,,,,,,,,,,,,,,,,,,,,,,,,,,,,,,,lb,,,,,,,,,,,,,,,,,,,,,,,,,,,,,,,,,,,,,,,,,,,,,,,,,,,,,,,,,,,,,,,,,,,,,,,,,,,,,,,,,,,,,,,,,,,,,,,,,,,,,,,,,
u-cheetah-embroidered-icon,,,,,,,,,Large,,,,,,,,ICON-46172470182145,0.0,,deny,manual,48.00,,true,true,,,,,,,,,,,,,,,,,,,,,,,,,,,,,,,,,,,,,,,,,,,,,,,,,,,,,,,,,,,,,,,,,,,,,,,,,,,,,,,,,,lb,,,,,,,,,,,,,,,,,,,,,,,,,,,,,,,,,,,,,,,,,,,,,,,,,,,,,,,,,,,,,,,,,,,,,,,,,,,,,,,,,,,,,,,,,,,,,,,,,,,,,,,,,
t-cheetah-embroidered-icon,T Cheetah Embroidered Icon,"",Abbode Embroidery Design,Product Add-Ons > Product Customization,Embroidery Design,"hidden, icon, instant_exclude, revoq-no-withdrawal, webster-live",true,Size,Small,,,,,,,,ICON-46172469264641,0.0,,deny,manual,24.00,,true,true,,,,,,https://cdn.shopify.com/s/files/1/0321/4956/9675/files/CheetahT.png?v=1779838028,1,"",false,,,,,,,,,,,,,,,,,ICON-CU,,,,,,,,,,,,,,,,,,,,'1,,,,,,,,,,,,,,,,,,,,,,,,,,,,,,,,,,,,lb,,,false,,,false,,,false,,,false,,,false,,,false,,,false,,,false,,,false,,,false,,,false,,,false,,,false,,,false,,,false,,,false,,,false,,,false,,,false,,,false,,,false,,,false,,,false,,,false,,,false,,,false,,,false,,,false,,,false,,,false,,,false,,,false,,,false,,,false,,,active
t-cheetah-embroidered-icon,,,,,,,,,Medium,,,,,,,,ICON-46172469297409,0.0,,deny,manual,24.00,,true,true,,,,,,,,,,,,,,,,,,,,,,,,,,,,,,,,,,,,,,,,,,,,,,,,,,,,,,,,,,,,,,,,,,,,,,,,,,,,,,,,,,lb,,,,,,,,,,,,,,,,,,,,,,,,,,,,,,,,,,,,,,,,,,,,,,,,,,,,,,,,,,,,,,,,,,,,,,,,,,,,,,,,,,,,,,,,,,,,,,,,,,,,,,,,,
t-cheetah-embroidered-icon,,,,,,,,,Large,,,,,,,,ICON-46172469330177,0.0,,deny,manual,48.00,,true,true,,,,,,,,,,,,,,,,,,,,,,,,,,,,,,,,,,,,,,,,,,,,,,,,,,,,,,,,,,,,,,,,,,,,,,,,,,,,,,,,,,lb,,,,,,,,,,,,,,,,,,,,,,,,,,,,,,,,,,,,,,,,,,,,,,,,,,,,,,,,,,,,,,,,,,,,,,,,,,,,,,,,,,,,,,,,,,,,,,,,,,,,,,,,,
s-cheetah-embroidered-icon,S Cheetah Embroidered Icon,"",Abbode Embroidery Design,Product Add-Ons > Product Customization,Embroidery Design,"hidden, icon, instant_exclude, revoq-no-withdrawal, webster-live",true,Size,Small,,,,,,,,ICON-46172468838657,0.0,,deny,manual,24.00,,true,true,,,,,,https://cdn.shopify.com/s/files/1/0321/4956/9675/files/CheetahS.png?v=1779838027,1,"",false,,,,,,,,,,,,,,,,,ICON-CU,,,,,,,,,,,,,,,,,,,,'1,,,,,,,,,,,,,,,,,,,,,,,,,,,,,,,,,,,,lb,,,false,,,false,,,false,,,false,,,false,,,false,,,false,,,false,,,false,,,false,,,false,,,false,,,false,,,false,,,false,,,false,,,false,,,false,,,false,,,false,,,false,,,false,,,false,,,false,,,false,,,false,,,false,,,false,,,false,,,false,,,false,,,false,,,false,,,false,,,active
s-cheetah-embroidered-icon,,,,,,,,,Medium,,,,,,,,ICON-46172468871425,0.0,,deny,manual,24.00,,true,true,,,,,,,,,,,,,,,,,,,,,,,,,,,,,,,,,,,,,,,,,,,,,,,,,,,,,,,,,,,,,,,,,,,,,,,,,,,,,,,,,,lb,,,,,,,,,,,,,,,,,,,,,,,,,,,,,,,,,,,,,,,,,,,,,,,,,,,,,,,,,,,,,,,,,,,,,,,,,,,,,,,,,,,,,,,,,,,,,,,,,,,,,,,,,
s-cheetah-embroidered-icon,,,,,,,,,Large,,,,,,,,ICON-46172468904193,0.0,,deny,manual,48.00,,true,true,,,,,,,,,,,,,,,,,,,,,,,,,,,,,,,,,,,,,,,,,,,,,,,,,,,,,,,,,,,,,,,,,,,,,,,,,,,,,,,,,,lb,,,,,,,,,,,,,,,,,,,,,,,,,,,,,,,,,,,,,,,,,,,,,,,,,,,,,,,,,,,,,,,,,,,,,,,,,,,,,,,,,,,,,,,,,,,,,,,,,,,,,,,,,
r-cheetah-embroidered-icon,R Cheetah Embroidered Icon,"",Abbode Embroidery Design,Product Add-Ons > Product Customization,Embroidery Design,"hidden, icon, instant_exclude, revoq-no-withdrawal, webster-live",true,Size,Small,,,,,,,,ICON-46172468281601,0.0,,deny,manual,24.00,,true,true,,,,,,https://cdn.shopify.com/s/files/1/0321/4956/9675/files/CheetahR.png?v=1779838027,1,"",false,,,,,,,,,,,,,,,,,ICON-CU,,,,,,,,,,,,,,,,,,,,'1,,,,,,,,,,,,,,,,,,,,,,,,,,,,,,,,,,,,lb,,,false,,,false,,,false,,,false,,,false,,,false,,,false,,,false,,,false,,,false,,,false,,,false,,,false,,,false,,,false,,,false,,,false,,,false,,,false,,,false,,,false,,,false,,,false,,,false,,,false,,,false,,,false,,,false,,,false,,,false,,,false,,,false,,,false,,,false,,,active
r-cheetah-embroidered-icon,,,,,,,,,Medium,,,,,,,,ICON-46172468314369,0.0,,deny,manual,24.00,,true,true,,,,,,,,,,,,,,,,,,,,,,,,,,,,,,,,,,,,,,,,,,,,,,,,,,,,,,,,,,,,,,,,,,,,,,,,,,,,,,,,,,lb,,,,,,,,,,,,,,,,,,,,,,,,,,,,,,,,,,,,,,,,,,,,,,,,,,,,,,,,,,,,,,,,,,,,,,,,,,,,,,,,,,,,,,,,,,,,,,,,,,,,,,,,,
r-cheetah-embroidered-icon,,,,,,,,,Large,,,,,,,,ICON-46172468347137,0.0,,deny,manual,48.00,,true,true,,,,,,,,,,,,,,,,,,,,,,,,,,,,,,,,,,,,,,,,,,,,,,,,,,,,,,,,,,,,,,,,,,,,,,,,,,,,,,,,,,lb,,,,,,,,,,,,,,,,,,,,,,,,,,,,,,,,,,,,,,,,,,,,,,,,,,,,,,,,,,,,,,,,,,,,,,,,,,,,,,,,,,,,,,,,,,,,,,,,,,,,,,,,,
q-cheetah-embroidered-icon,Q Cheetah Embroidered Icon,"",Abbode Embroidery Design,Product Add-Ons > Product Customization,Embroidery Design,"hidden, icon, instant_exclude, revoq-no-withdrawal, webster-live",true,Size,Small,,,,,,,,ICON-46172468084993,0.0,,deny,manual,24.00,,true,true,,,,,,https://cdn.shopify.com/s/files/1/0321/4956/9675/files/CheetahQ.png?v=1779838027,1,"",false,,,,,,,,,,,,,,,,,ICON-CU,,,,,,,,,,,,,,,,,,,,'1,,,,,,,,,,,,,,,,,,,,,,,,,,,,,,,,,,,,lb,,,false,,,false,,,false,,,false,,,false,,,false,,,false,,,false,,,false,,,false,,,false,,,false,,,false,,,false,,,false,,,false,,,false,,,false,,,false,,,false,,,false,,,false,,,false,,,false,,,false,,,false,,,false,,,false,,,false,,,false,,,false,,,false,,,false,,,false,,,active
q-cheetah-embroidered-icon,,,,,,,,,Medium,,,,,,,,ICON-46172468117761,0.0,,deny,manual,24.00,,true,true,,,,,,,,,,,,,,,,,,,,,,,,,,,,,,,,,,,,,,,,,,,,,,,,,,,,,,,,,,,,,,,,,,,,,,,,,,,,,,,,,,lb,,,,,,,,,,,,,,,,,,,,,,,,,,,,,,,,,,,,,,,,,,,,,,,,,,,,,,,,,,,,,,,,,,,,,,,,,,,,,,,,,,,,,,,,,,,,,,,,,,,,,,,,,
q-cheetah-embroidered-icon,,,,,,,,,Large,,,,,,,,ICON-46172468150529,0.0,,deny,manual,48.00,,true,true,,,,,,,,,,,,,,,,,,,,,,,,,,,,,,,,,,,,,,,,,,,,,,,,,,,,,,,,,,,,,,,,,,,,,,,,,,,,,,,,,,lb,,,,,,,,,,,,,,,,,,,,,,,,,,,,,,,,,,,,,,,,,,,,,,,,,,,,,,,,,,,,,,,,,,,,,,,,,,,,,,,,,,,,,,,,,,,,,,,,,,,,,,,,,
p-cheetah-embroidered-icon,P Cheetah Embroidered Icon,"",Abbode Embroidery Design,Product Add-Ons > Product Customization,Embroidery Design,"hidden, icon, instant_exclude, revoq-no-withdrawal, webster-live",true,Size,Small,,,,,,,,ICON-46172467921153,0.0,,deny,manual,24.00,,true,true,,,,,,https://cdn.shopify.com/s/files/1/0321/4956/9675/files/CheetahP.png?v=1779838027,1,"",false,,,,,,,,,,,,,,,,,ICON-CU,,,,,,,,,,,,,,,,,,,,'1,,,,,,,,,,,,,,,,,,,,,,,,,,,,,,,,,,,,lb,,,false,,,false,,,false,,,false,,,false,,,false,,,false,,,false,,,false,,,false,,,false,,,false,,,false,,,false,,,false,,,false,,,false,,,false,,,false,,,false,,,false,,,false,,,false,,,false,,,false,,,false,,,false,,,false,,,false,,,false,,,false,,,false,,,false,,,false,,,active
p-cheetah-embroidered-icon,,,,,,,,,Medium,,,,,,,,ICON-46172467953921,0.0,,deny,manual,24.00,,true,true,,,,,,,,,,,,,,,,,,,,,,,,,,,,,,,,,,,,,,,,,,,,,,,,,,,,,,,,,,,,,,,,,,,,,,,,,,,,,,,,,,lb,,,,,,,,,,,,,,,,,,,,,,,,,,,,,,,,,,,,,,,,,,,,,,,,,,,,,,,,,,,,,,,,,,,,,,,,,,,,,,,,,,,,,,,,,,,,,,,,,,,,,,,,,
p-cheetah-embroidered-icon,,,,,,,,,Large,,,,,,,,ICON-46172467986689,0.0,,deny,manual,48.00,,true,true,,,,,,,,,,,,,,,,,,,,,,,,,,,,,,,,,,,,,,,,,,,,,,,,,,,,,,,,,,,,,,,,,,,,,,,,,,,,,,,,,,lb,,,,,,,,,,,,,,,,,,,,,,,,,,,,,,,,,,,,,,,,,,,,,,,,,,,,,,,,,,,,,,,,,,,,,,,,,,,,,,,,,,,,,,,,,,,,,,,,,,,,,,,,,
o-cheetah-embroidered-icon,O Cheetah Embroidered Icon,"",Abbode Embroidery Design,Product Add-Ons > Product Customization,Embroidery Design,"hidden, icon, instant_exclude, revoq-no-withdrawal, webster-live",true,Size,Small,,,,,,,,ICON-46172467626241,0.0,,deny,manual,24.00,,true,true,,,,,,https://cdn.shopify.com/s/files/1/0321/4956/9675/files/CheetahO.png?v=1779838027,1,"",false,,,,,,,,,,,,,,,,,ICON-CU,,,,,,,,,,,,,,,,,,,,'1,,,,,,,,,,,,,,,,,,,,,,,,,,,,,,,,,,,,lb,,,false,,,false,,,false,,,false,,,false,,,false,,,false,,,false,,,false,,,false,,,false,,,false,,,false,,,false,,,false,,,false,,,false,,,false,,,false,,,false,,,false,,,false,,,false,,,false,,,false,,,false,,,false,,,false,,,false,,,false,,,false,,,false,,,false,,,false,,,active
o-cheetah-embroidered-icon,,,,,,,,,Medium,,,,,,,,ICON-46172467659009,0.0,,deny,manual,24.00,,true,true,,,,,,,,,,,,,,,,,,,,,,,,,,,,,,,,,,,,,,,,,,,,,,,,,,,,,,,,,,,,,,,,,,,,,,,,,,,,,,,,,,lb,,,,,,,,,,,,,,,,,,,,,,,,,,,,,,,,,,,,,,,,,,,,,,,,,,,,,,,,,,,,,,,,,,,,,,,,,,,,,,,,,,,,,,,,,,,,,,,,,,,,,,,,,
o-cheetah-embroidered-icon,,,,,,,,,Large,,,,,,,,ICON-46172467691777,0.0,,deny,manual,48.00,,true,true,,,,,,,,,,,,,,,,,,,,,,,,,,,,,,,,,,,,,,,,,,,,,,,,,,,,,,,,,,,,,,,,,,,,,,,,,,,,,,,,,,lb,,,,,,,,,,,,,,,,,,,,,,,,,,,,,,,,,,,,,,,,,,,,,,,,,,,,,,,,,,,,,,,,,,,,,,,,,,,,,,,,,,,,,,,,,,,,,,,,,,,,,,,,,
n-cheetah-embroidered-icon,N Cheetah Embroidered Icon,"",Abbode Embroidery Design,Product Add-Ons > Product Customization,Embroidery Design,"hidden, icon, instant_exclude, revoq-no-withdrawal, webster-live",true,Size,Small,,,,,,,,ICON-46172467265793,0.0,,deny,manual,24.00,,true,true,,,,,,https://cdn.shopify.com/s/files/1/0321/4956/9675/files/CheetahN.png?v=1779838028,1,"",false,,,,,,,,,,,,,,,,,ICON-CU,,,,,,,,,,,,,,,,,,,,'1,,,,,,,,,,,,,,,,,,,,,,,,,,,,,,,,,,,,lb,,,false,,,false,,,false,,,false,,,false,,,false,,,false,,,false,,,false,,,false,,,false,,,false,,,false,,,false,,,false,,,false,,,false,,,false,,,false,,,false,,,false,,,false,,,false,,,false,,,false,,,false,,,false,,,false,,,false,,,false,,,false,,,false,,,false,,,false,,,active
n-cheetah-embroidered-icon,,,,,,,,,Medium,,,,,,,,ICON-46172467298561,0.0,,deny,manual,24.00,,true,true,,,,,,,,,,,,,,,,,,,,,,,,,,,,,,,,,,,,,,,,,,,,,,,,,,,,,,,,,,,,,,,,,,,,,,,,,,,,,,,,,,lb,,,,,,,,,,,,,,,,,,,,,,,,,,,,,,,,,,,,,,,,,,,,,,,,,,,,,,,,,,,,,,,,,,,,,,,,,,,,,,,,,,,,,,,,,,,,,,,,,,,,,,,,,
n-cheetah-embroidered-icon,,,,,,,,,Large,,,,,,,,ICON-46172467331329,0.0,,deny,manual,48.00,,true,true,,,,,,,,,,,,,,,,,,,,,,,,,,,,,,,,,,,,,,,,,,,,,,,,,,,,,,,,,,,,,,,,,,,,,,,,,,,,,,,,,,lb,,,,,,,,,,,,,,,,,,,,,,,,,,,,,,,,,,,,,,,,,,,,,,,,,,,,,,,,,,,,,,,,,,,,,,,,,,,,,,,,,,,,,,,,,,,,,,,,,,,,,,,,,
m-cheetah-embroidered-icon,M Cheetah Embroidered Icon,"",Abbode Embroidery Design,Product Add-Ons > Product Customization,Embroidery Design,"hidden, icon, instant_exclude, revoq-no-withdrawal, webster-live",true,Size,Small,,,,,,,,ICON-46172466413825,0.0,,deny,manual,24.00,,true,true,,,,,,https://cdn.shopify.com/s/files/1/0321/4956/9675/files/CheetahM.png?v=1779838028,1,"",false,,,,,,,,,,,,,,,,,ICON-CU,,,,,,,,,,,,,,,,,,,,'1,,,,,,,,,,,,,,,,,,,,,,,,,,,,,,,,,,,,lb,,,false,,,false,,,false,,,false,,,false,,,false,,,false,,,false,,,false,,,false,,,false,,,false,,,false,,,false,,,false,,,false,,,false,,,false,,,false,,,false,,,false,,,false,,,false,,,false,,,false,,,false,,,false,,,false,,,false,,,false,,,false,,,false,,,false,,,false,,,active
m-cheetah-embroidered-icon,,,,,,,,,Medium,,,,,,,,ICON-46172466446593,0.0,,deny,manual,24.00,,true,true,,,,,,,,,,,,,,,,,,,,,,,,,,,,,,,,,,,,,,,,,,,,,,,,,,,,,,,,,,,,,,,,,,,,,,,,,,,,,,,,,,lb,,,,,,,,,,,,,,,,,,,,,,,,,,,,,,,,,,,,,,,,,,,,,,,,,,,,,,,,,,,,,,,,,,,,,,,,,,,,,,,,,,,,,,,,,,,,,,,,,,,,,,,,,
m-cheetah-embroidered-icon,,,,,,,,,Large,,,,,,,,ICON-46172466479361,0.0,,deny,manual,48.00,,true,true,,,,,,,,,,,,,,,,,,,,,,,,,,,,,,,,,,,,,,,,,,,,,,,,,,,,,,,,,,,,,,,,,,,,,,,,,,,,,,,,,,lb,,,,,,,,,,,,,,,,,,,,,,,,,,,,,,,,,,,,,,,,,,,,,,,,,,,,,,,,,,,,,,,,,,,,,,,,,,,,,,,,,,,,,,,,,,,,,,,,,,,,,,,,,
l-cheetah-embroidered-icon,L Cheetah Embroidered Icon,"",Abbode Embroidery Design,Product Add-Ons > Product Customization,Embroidery Design,"hidden, icon, instant_exclude, revoq-no-withdrawal, webster-live",true,Size,Small,,,,,,,,ICON-46172466249985,0.0,,deny,manual,24.00,,true,true,,,,,,https://cdn.shopify.com/s/files/1/0321/4956/9675/files/CheetahL.png?v=1779838028,1,"",false,,,,,,,,,,,,,,,,,ICON-CU,,,,,,,,,,,,,,,,,,,,'1,,,,,,,,,,,,,,,,,,,,,,,,,,,,,,,,,,,,lb,,,false,,,false,,,false,,,false,,,false,,,false,,,false,,,false,,,false,,,false,,,false,,,false,,,false,,,false,,,false,,,false,,,false,,,false,,,false,,,false,,,false,,,false,,,false,,,false,,,false,,,false,,,false,,,false,,,false,,,false,,,false,,,false,,,false,,,false,,,active
l-cheetah-embroidered-icon,,,,,,,,,Medium,,,,,,,,ICON-46172466282753,0.0,,deny,manual,24.00,,true,true,,,,,,,,,,,,,,,,,,,,,,,,,,,,,,,,,,,,,,,,,,,,,,,,,,,,,,,,,,,,,,,,,,,,,,,,,,,,,,,,,,lb,,,,,,,,,,,,,,,,,,,,,,,,,,,,,,,,,,,,,,,,,,,,,,,,,,,,,,,,,,,,,,,,,,,,,,,,,,,,,,,,,,,,,,,,,,,,,,,,,,,,,,,,,
l-cheetah-embroidered-icon,,,,,,,,,Large,,,,,,,,ICON-46172466315521,0.0,,deny,manual,48.00,,true,true,,,,,,,,,,,,,,,,,,,,,,,,,,,,,,,,,,,,,,,,,,,,,,,,,,,,,,,,,,,,,,,,,,,,,,,,,,,,,,,,,,lb,,,,,,,,,,,,,,,,,,,,,,,,,,,,,,,,,,,,,,,,,,,,,,,,,,,,,,,,,,,,,,,,,,,,,,,,,,,,,,,,,,,,,,,,,,,,,,,,,,,,,,,,,
k-cheetah-embroidered-icon,K Cheetah Embroidered Icon,"",Abbode Embroidery Design,Product Add-Ons > Product Customization,Embroidery Design,"hidden, icon, instant_exclude, revoq-no-withdrawal, webster-live",true,Size,Small,,,,,,,,ICON-46172441018625,0.0,,deny,manual,24.00,,true,true,,,,,,https://cdn.shopify.com/s/files/1/0321/4956/9675/files/CheetahK.png?v=1779838028,1,"",false,,,,,,,,,,,,,,,,,ICON-CU,,,,,,,,,,,,,,,,,,,,'1,,,,,,,,,,,,,,,,,,,,,,,,,,,,,,,,,,,,lb,,,false,,,false,,,false,,,false,,,false,,,false,,,false,,,false,,,false,,,false,,,false,,,false,,,false,,,false,,,false,,,false,,,false,,,false,,,false,,,false,,,false,,,false,,,false,,,false,,,false,,,false,,,false,,,false,,,false,,,false,,,false,,,false,,,false,,,false,,,active
k-cheetah-embroidered-icon,,,,,,,,,Medium,,,,,,,,ICON-46172441051393,0.0,,deny,manual,24.00,,true,true,,,,,,,,,,,,,,,,,,,,,,,,,,,,,,,,,,,,,,,,,,,,,,,,,,,,,,,,,,,,,,,,,,,,,,,,,,,,,,,,,,lb,,,,,,,,,,,,,,,,,,,,,,,,,,,,,,,,,,,,,,,,,,,,,,,,,,,,,,,,,,,,,,,,,,,,,,,,,,,,,,,,,,,,,,,,,,,,,,,,,,,,,,,,,
k-cheetah-embroidered-icon,,,,,,,,,Large,,,,,,,,ICON-46172441084161,0.0,,deny,manual,48.00,,true,true,,,,,,,,,,,,,,,,,,,,,,,,,,,,,,,,,,,,,,,,,,,,,,,,,,,,,,,,,,,,,,,,,,,,,,,,,,,,,,,,,,lb,,,,,,,,,,,,,,,,,,,,,,,,,,,,,,,,,,,,,,,,,,,,,,,,,,,,,,,,,,,,,,,,,,,,,,,,,,,,,,,,,,,,,,,,,,,,,,,,,,,,,,,,,
j-cheetah-embroidered-icon,J Cheetah Embroidered Icon,"",Abbode Embroidery Design,Product Add-Ons > Product Customization,Embroidery Design,"hidden, icon, instant_exclude, revoq-no-withdrawal, webster-live",true,Size,Small,,,,,,,,ICON-46172427026689,0.0,,deny,manual,24.00,,true,true,,,,,,https://cdn.shopify.com/s/files/1/0321/4956/9675/files/CheetahJ.png?v=1779838028,1,"",false,,,,,,,,,,,,,,,,,ICON-CU,,,,,,,,,,,,,,,,,,,,'1,,,,,,,,,,,,,,,,,,,,,,,,,,,,,,,,,,,,lb,,,false,,,false,,,false,,,false,,,false,,,false,,,false,,,false,,,false,,,false,,,false,,,false,,,false,,,false,,,false,,,false,,,false,,,false,,,false,,,false,,,false,,,false,,,false,,,false,,,false,,,false,,,false,,,false,,,false,,,false,,,false,,,false,,,false,,,false,,,active
j-cheetah-embroidered-icon,,,,,,,,,Medium,,,,,,,,ICON-46172427059457,0.0,,deny,manual,24.00,,true,true,,,,,,,,,,,,,,,,,,,,,,,,,,,,,,,,,,,,,,,,,,,,,,,,,,,,,,,,,,,,,,,,,,,,,,,,,,,,,,,,,,lb,,,,,,,,,,,,,,,,,,,,,,,,,,,,,,,,,,,,,,,,,,,,,,,,,,,,,,,,,,,,,,,,,,,,,,,,,,,,,,,,,,,,,,,,,,,,,,,,,,,,,,,,,
j-cheetah-embroidered-icon,,,,,,,,,Large,,,,,,,,ICON-46172427092225,0.0,,deny,manual,48.00,,true,true,,,,,,,,,,,,,,,,,,,,,,,,,,,,,,,,,,,,,,,,,,,,,,,,,,,,,,,,,,,,,,,,,,,,,,,,,,,,,,,,,,lb,,,,,,,,,,,,,,,,,,,,,,,,,,,,,,,,,,,,,,,,,,,,,,,,,,,,,,,,,,,,,,,,,,,,,,,,,,,,,,,,,,,,,,,,,,,,,,,,,,,,,,,,,
i-cheetah-embroidered-icon,I Cheetah Embroidered Icon,"",Abbode Embroidery Design,Product Add-Ons > Product Customization,Embroidery Design,"hidden, icon, instant_exclude, revoq-no-withdrawal, webster-live",true,Size,Small,,,,,,,,ICON-46172406972673,0.0,,deny,manual,24.00,,true,true,,,,,,https://cdn.shopify.com/s/files/1/0321/4956/9675/files/CheetahI.png?v=1779838028,1,"",false,,,,,,,,,,,,,,,,,ICON-CU,,,,,,,,,,,,,,,,,,,,'1,,,,,,,,,,,,,,,,,,,,,,,,,,,,,,,,,,,,lb,,,false,,,false,,,false,,,false,,,false,,,false,,,false,,,false,,,false,,,false,,,false,,,false,,,false,,,false,,,false,,,false,,,false,,,false,,,false,,,false,,,false,,,false,,,false,,,false,,,false,,,false,,,false,,,false,,,false,,,false,,,false,,,false,,,false,,,false,,,active
i-cheetah-embroidered-icon,,,,,,,,,Medium,,,,,,,,ICON-46172407005441,0.0,,deny,manual,24.00,,true,true,,,,,,,,,,,,,,,,,,,,,,,,,,,,,,,,,,,,,,,,,,,,,,,,,,,,,,,,,,,,,,,,,,,,,,,,,,,,,,,,,,lb,,,,,,,,,,,,,,,,,,,,,,,,,,,,,,,,,,,,,,,,,,,,,,,,,,,,,,,,,,,,,,,,,,,,,,,,,,,,,,,,,,,,,,,,,,,,,,,,,,,,,,,,,
i-cheetah-embroidered-icon,,,,,,,,,Large,,,,,,,,ICON-46172407038209,0.0,,deny,manual,48.00,,true,true,,,,,,,,,,,,,,,,,,,,,,,,,,,,,,,,,,,,,,,,,,,,,,,,,,,,,,,,,,,,,,,,,,,,,,,,,,,,,,,,,,lb,,,,,,,,,,,,,,,,,,,,,,,,,,,,,,,,,,,,,,,,,,,,,,,,,,,,,,,,,,,,,,,,,,,,,,,,,,,,,,,,,,,,,,,,,,,,,,,,,,,,,,,,,
h-cheetah-embroidered-icon,H Cheetah Embroidered Icon,"",Abbode Embroidery Design,Product Add-Ons > Product Customization,Embroidery Design,"hidden, icon, instant_exclude, revoq-no-withdrawal, webster-live",true,Size,Small,,,,,,,,ICON-46172405661953,0.0,,deny,manual,24.00,,true,true,,,,,,https://cdn.shopify.com/s/files/1/0321/4956/9675/files/CheetahH.png?v=1779838028,1,"",false,,,,,,,,,,,,,,,,,ICON-CU,,,,,,,,,,,,,,,,,,,,'1,,,,,,,,,,,,,,,,,,,,,,,,,,,,,,,,,,,,lb,,,false,,,false,,,false,,,false,,,false,,,false,,,false,,,false,,,false,,,false,,,false,,,false,,,false,,,false,,,false,,,false,,,false,,,false,,,false,,,false,,,false,,,false,,,false,,,false,,,false,,,false,,,false,,,false,,,false,,,false,,,false,,,false,,,false,,,false,,,active
h-cheetah-embroidered-icon,,,,,,,,,Medium,,,,,,,,ICON-46172405694721,0.0,,deny,manual,24.00,,true,true,,,,,,,,,,,,,,,,,,,,,,,,,,,,,,,,,,,,,,,,,,,,,,,,,,,,,,,,,,,,,,,,,,,,,,,,,,,,,,,,,,lb,,,,,,,,,,,,,,,,,,,,,,,,,,,,,,,,,,,,,,,,,,,,,,,,,,,,,,,,,,,,,,,,,,,,,,,,,,,,,,,,,,,,,,,,,,,,,,,,,,,,,,,,,
h-cheetah-embroidered-icon,,,,,,,,,Large,,,,,,,,ICON-46172405727489,0.0,,deny,manual,48.00,,true,true,,,,,,,,,,,,,,,,,,,,,,,,,,,,,,,,,,,,,,,,,,,,,,,,,,,,,,,,,,,,,,,,,,,,,,,,,,,,,,,,,,lb,,,,,,,,,,,,,,,,,,,,,,,,,,,,,,,,,,,,,,,,,,,,,,,,,,,,,,,,,,,,,,,,,,,,,,,,,,,,,,,,,,,,,,,,,,,,,,,,,,,,,,,,,
g-cheetah-embroidered-icon,G Cheetah Embroidered Icon,"",Abbode Embroidery Design,Product Add-Ons > Product Customization,Embroidery Design,"hidden, icon, instant_exclude, revoq-no-withdrawal, webster-live",true,Size,Small,,,,,,,,ICON-46172405104897,0.0,,deny,manual,24.00,,true,true,,,,,,https://cdn.shopify.com/s/files/1/0321/4956/9675/files/CheetahG.png?v=1779838028,1,"",false,,,,,,,,,,,,,,,,,ICON-CU,,,,,,,,,,,,,,,,,,,,'1,,,,,,,,,,,,,,,,,,,,,,,,,,,,,,,,,,,,lb,,,false,,,false,,,false,,,false,,,false,,,false,,,false,,,false,,,false,,,false,,,false,,,false,,,false,,,false,,,false,,,false,,,false,,,false,,,false,,,false,,,false,,,false,,,false,,,false,,,false,,,false,,,false,,,false,,,false,,,false,,,false,,,false,,,false,,,false,,,active
g-cheetah-embroidered-icon,,,,,,,,,Medium,,,,,,,,ICON-46172405137665,0.0,,deny,manual,24.00,,true,true,,,,,,,,,,,,,,,,,,,,,,,,,,,,,,,,,,,,,,,,,,,,,,,,,,,,,,,,,,,,,,,,,,,,,,,,,,,,,,,,,,lb,,,,,,,,,,,,,,,,,,,,,,,,,,,,,,,,,,,,,,,,,,,,,,,,,,,,,,,,,,,,,,,,,,,,,,,,,,,,,,,,,,,,,,,,,,,,,,,,,,,,,,,,,
g-cheetah-embroidered-icon,,,,,,,,,Large,,,,,,,,ICON-46172405170433,0.0,,deny,manual,48.00,,true,true,,,,,,,,,,,,,,,,,,,,,,,,,,,,,,,,,,,,,,,,,,,,,,,,,,,,,,,,,,,,,,,,,,,,,,,,,,,,,,,,,,lb,,,,,,,,,,,,,,,,,,,,,,,,,,,,,,,,,,,,,,,,,,,,,,,,,,,,,,,,,,,,,,,,,,,,,,,,,,,,,,,,,,,,,,,,,,,,,,,,,,,,,,,,,
f-cheetah-embroidered-icon,F Cheetah Embroidered Icon,"",Abbode Embroidery Design,Product Add-Ons > Product Customization,Embroidery Design,"hidden, icon, instant_exclude, revoq-no-withdrawal, webster-live",true,Size,Small,,,,,,,,ICON-46172403859713,0.0,,deny,manual,24.00,,true,true,,,,,,https://cdn.shopify.com/s/files/1/0321/4956/9675/files/CheetahF.png?v=1779838028,1,"",false,,,,,,,,,,,,,,,,,ICON-CU,,,,,,,,,,,,,,,,,,,,'1,,,,,,,,,,,,,,,,,,,,,,,,,,,,,,,,,,,,lb,,,false,,,false,,,false,,,false,,,false,,,false,,,false,,,false,,,false,,,false,,,false,,,false,,,false,,,false,,,false,,,false,,,false,,,false,,,false,,,false,,,false,,,false,,,false,,,false,,,false,,,false,,,false,,,false,,,false,,,false,,,false,,,false,,,false,,,false,,,active
f-cheetah-embroidered-icon,,,,,,,,,Medium,,,,,,,,ICON-46172403892481,0.0,,deny,manual,24.00,,true,true,,,,,,,,,,,,,,,,,,,,,,,,,,,,,,,,,,,,,,,,,,,,,,,,,,,,,,,,,,,,,,,,,,,,,,,,,,,,,,,,,,lb,,,,,,,,,,,,,,,,,,,,,,,,,,,,,,,,,,,,,,,,,,,,,,,,,,,,,,,,,,,,,,,,,,,,,,,,,,,,,,,,,,,,,,,,,,,,,,,,,,,,,,,,,
f-cheetah-embroidered-icon,,,,,,,,,Large,,,,,,,,ICON-46172403925249,0.0,,deny,manual,48.00,,true,true,,,,,,,,,,,,,,,,,,,,,,,,,,,,,,,,,,,,,,,,,,,,,,,,,,,,,,,,,,,,,,,,,,,,,,,,,,,,,,,,,,lb,,,,,,,,,,,,,,,,,,,,,,,,,,,,,,,,,,,,,,,,,,,,,,,,,,,,,,,,,,,,,,,,,,,,,,,,,,,,,,,,,,,,,,,,,,,,,,,,,,,,,,,,,
e-cheetah-embroidered-icon,E Cheetah Embroidered Icon,"",Abbode Embroidery Design,Product Add-Ons > Product Customization,Embroidery Design,"hidden, icon, instant_exclude, revoq-no-withdrawal, webster-live",true,Size,Small,,,,,,,,ICON-46172399632641,0.0,,deny,manual,24.00,,true,true,,,,,,https://cdn.shopify.com/s/files/1/0321/4956/9675/files/CheetahE.png?v=1779838028,1,"",false,,,,,,,,,,,,,,,,,ICON-CU,,,,,,,,,,,,,,,,,,,,'1,,,,,,,,,,,,,,,,,,,,,,,,,,,,,,,,,,,,lb,,,false,,,false,,,false,,,false,,,false,,,false,,,false,,,false,,,false,,,false,,,false,,,false,,,false,,,false,,,false,,,false,,,false,,,false,,,false,,,false,,,false,,,false,,,false,,,false,,,false,,,false,,,false,,,false,,,false,,,false,,,false,,,false,,,false,,,false,,,active
e-cheetah-embroidered-icon,,,,,,,,,Medium,,,,,,,,ICON-46172399665409,0.0,,deny,manual,24.00,,true,true,,,,,,,,,,,,,,,,,,,,,,,,,,,,,,,,,,,,,,,,,,,,,,,,,,,,,,,,,,,,,,,,,,,,,,,,,,,,,,,,,,lb,,,,,,,,,,,,,,,,,,,,,,,,,,,,,,,,,,,,,,,,,,,,,,,,,,,,,,,,,,,,,,,,,,,,,,,,,,,,,,,,,,,,,,,,,,,,,,,,,,,,,,,,,
e-cheetah-embroidered-icon,,,,,,,,,Large,,,,,,,,ICON-46172399698177,0.0,,deny,manual,48.00,,true,true,,,,,,,,,,,,,,,,,,,,,,,,,,,,,,,,,,,,,,,,,,,,,,,,,,,,,,,,,,,,,,,,,,,,,,,,,,,,,,,,,,lb,,,,,,,,,,,,,,,,,,,,,,,,,,,,,,,,,,,,,,,,,,,,,,,,,,,,,,,,,,,,,,,,,,,,,,,,,,,,,,,,,,,,,,,,,,,,,,,,,,,,,,,,,
d-cheetah-embroidered-icon,D Cheetah Embroidered Icon,"",Abbode Embroidery Design,Product Add-Ons > Product Customization,Embroidery Design,"hidden, icon, instant_exclude, revoq-no-withdrawal, webster-live",true,Size,Small,,,,,,,,ICON-46172397830401,0.0,,deny,manual,24.00,,true,true,,,,,,https://cdn.shopify.com/s/files/1/0321/4956/9675/files/CheetahD.png?v=1779838028,1,"",false,,,,,,,,,,,,,,,,,ICON-CU,,,,,,,,,,,,,,,,,,,,'1,,,,,,,,,,,,,,,,,,,,,,,,,,,,,,,,,,,,lb,,,false,,,false,,,false,,,false,,,false,,,false,,,false,,,false,,,false,,,false,,,false,,,false,,,false,,,false,,,false,,,false,,,false,,,false,,,false,,,false,,,false,,,false,,,false,,,false,,,false,,,false,,,false,,,false,,,false,,,false,,,false,,,false,,,false,,,false,,,active
d-cheetah-embroidered-icon,,,,,,,,,Medium,,,,,,,,ICON-46172397863169,0.0,,deny,manual,24.00,,true,true,,,,,,,,,,,,,,,,,,,,,,,,,,,,,,,,,,,,,,,,,,,,,,,,,,,,,,,,,,,,,,,,,,,,,,,,,,,,,,,,,,lb,,,,,,,,,,,,,,,,,,,,,,,,,,,,,,,,,,,,,,,,,,,,,,,,,,,,,,,,,,,,,,,,,,,,,,,,,,,,,,,,,,,,,,,,,,,,,,,,,,,,,,,,,
d-cheetah-embroidered-icon,,,,,,,,,Large,,,,,,,,ICON-46172397895937,0.0,,deny,manual,48.00,,true,true,,,,,,,,,,,,,,,,,,,,,,,,,,,,,,,,,,,,,,,,,,,,,,,,,,,,,,,,,,,,,,,,,,,,,,,,,,,,,,,,,,lb,,,,,,,,,,,,,,,,,,,,,,,,,,,,,,,,,,,,,,,,,,,,,,,,,,,,,,,,,,,,,,,,,,,,,,,,,,,,,,,,,,,,,,,,,,,,,,,,,,,,,,,,,
c-cheetah-embroidered-icon,C Cheetah Embroidered Icon,"",Abbode Embroidery Design,Product Add-Ons > Product Customization,Embroidery Design,"hidden, icon, instant_exclude, revoq-no-withdrawal, webster-live",true,Size,Small,,,,,,,,ICON-46172396847361,0.0,,deny,manual,24.00,,true,true,,,,,,https://cdn.shopify.com/s/files/1/0321/4956/9675/files/CheetahC.png?v=1779838028,1,"",false,,,,,,,,,,,,,,,,,ICON-CU,,,,,,,,,,,,,,,,,,,,'1,,,,,,,,,,,,,,,,,,,,,,,,,,,,,,,,,,,,lb,,,false,,,false,,,false,,,false,,,false,,,false,,,false,,,false,,,false,,,false,,,false,,,false,,,false,,,false,,,false,,,false,,,false,,,false,,,false,,,false,,,false,,,false,,,false,,,false,,,false,,,false,,,false,,,false,,,false,,,false,,,false,,,false,,,false,,,false,,,active
c-cheetah-embroidered-icon,,,,,,,,,Medium,,,,,,,,ICON-46172396880129,0.0,,deny,manual,24.00,,true,true,,,,,,,,,,,,,,,,,,,,,,,,,,,,,,,,,,,,,,,,,,,,,,,,,,,,,,,,,,,,,,,,,,,,,,,,,,,,,,,,,,lb,,,,,,,,,,,,,,,,,,,,,,,,,,,,,,,,,,,,,,,,,,,,,,,,,,,,,,,,,,,,,,,,,,,,,,,,,,,,,,,,,,,,,,,,,,,,,,,,,,,,,,,,,
c-cheetah-embroidered-icon,,,,,,,,,Large,,,,,,,,ICON-46172396912897,0.0,,deny,manual,48.00,,true,true,,,,,,,,,,,,,,,,,,,,,,,,,,,,,,,,,,,,,,,,,,,,,,,,,,,,,,,,,,,,,,,,,,,,,,,,,,,,,,,,,,lb,,,,,,,,,,,,,,,,,,,,,,,,,,,,,,,,,,,,,,,,,,,,,,,,,,,,,,,,,,,,,,,,,,,,,,,,,,,,,,,,,,,,,,,,,,,,,,,,,,,,,,,,,
b-cheetah-embroidered-icon,B Cheetah Embroidered Icon,"",Abbode Embroidery Design,Product Add-Ons > Product Customization,Embroidery Design,"hidden, icon, instant_exclude, revoq-no-withdrawal, webster-live",true,Size,Small,,,,,,,,ICON-46172395831553,0.0,,deny,manual,24.00,,true,true,,,,,,https://cdn.shopify.com/s/files/1/0321/4956/9675/files/CheetahB.png?v=1779838028,1,"",false,,,,,,,,,,,,,,,,,ICON-CU,,,,,,,,,,,,,,,,,,,,'1,,,,,,,,,,,,,,,,,,,,,,,,,,,,,,,,,,,,lb,,,false,,,false,,,false,,,false,,,false,,,false,,,false,,,false,,,false,,,false,,,false,,,false,,,false,,,false,,,false,,,false,,,false,,,false,,,false,,,false,,,false,,,false,,,false,,,false,,,false,,,false,,,false,,,false,,,false,,,false,,,false,,,false,,,false,,,false,,,active
b-cheetah-embroidered-icon,,,,,,,,,Medium,,,,,,,,ICON-46172395864321,0.0,,deny,manual,24.00,,true,true,,,,,,,,,,,,,,,,,,,,,,,,,,,,,,,,,,,,,,,,,,,,,,,,,,,,,,,,,,,,,,,,,,,,,,,,,,,,,,,,,,lb,,,,,,,,,,,,,,,,,,,,,,,,,,,,,,,,,,,,,,,,,,,,,,,,,,,,,,,,,,,,,,,,,,,,,,,,,,,,,,,,,,,,,,,,,,,,,,,,,,,,,,,,,
b-cheetah-embroidered-icon,,,,,,,,,Large,,,,,,,,ICON-46172395897089,0.0,,deny,manual,48.00,,true,true,,,,,,,,,,,,,,,,,,,,,,,,,,,,,,,,,,,,,,,,,,,,,,,,,,,,,,,,,,,,,,,,,,,,,,,,,,,,,,,,,,lb,,,,,,,,,,,,,,,,,,,,,,,,,,,,,,,,,,,,,,,,,,,,,,,,,,,,,,,,,,,,,,,,,,,,,,,,,,,,,,,,,,,,,,,,,,,,,,,,,,,,,,,,,
a-cheetah-embroidered-icon,A Cheetah Embroidered Icon,"",Abbode Embroidery Design,Product Add-Ons > Product Customization,Embroidery Design,"hidden, icon, instant_exclude, revoq-no-withdrawal, webster-live",true,Size,Small,,,,,,,,ICON-46172395110657,0.0,,deny,manual,24.00,,true,true,,,,,,https://cdn.shopify.com/s/files/1/0321/4956/9675/files/CheetahA.png?v=1779838028,1,"",false,,,,,,,,,,,,,,,,,ICON-CU,,,,,,,,,,,,,,,,,,,,'1,,,,,,,,,,,,,,,,,,,,,,,,,,,,,,,,,,,,lb,,,false,,,false,,,false,,,false,,,false,,,false,,,false,,,false,,,false,,,false,,,false,,,false,,,false,,,false,,,false,,,false,,,false,,,false,,,false,,,false,,,false,,,false,,,false,,,false,,,false,,,false,,,false,,,false,,,false,,,false,,,false,,,false,,,false,,,false,,,active
a-cheetah-embroidered-icon,,,,,,,,,Medium,,,,,,,,ICON-46172395143425,0.0,,deny,manual,24.00,,true,true,,,,,,,,,,,,,,,,,,,,,,,,,,,,,,,,,,,,,,,,,,,,,,,,,,,,,,,,,,,,,,,,,,,,,,,,,,,,,,,,,,lb,,,,,,,,,,,,,,,,,,,,,,,,,,,,,,,,,,,,,,,,,,,,,,,,,,,,,,,,,,,,,,,,,,,,,,,,,,,,,,,,,,,,,,,,,,,,,,,,,,,,,,,,,
a-cheetah-embroidered-icon,,,,,,,,,Large,,,,,,,,ICON-46172395176193,0.0,,deny,manual,48.00,,true,true,,,,,,,,,,,,,,,,,,,,,,,,,,,,,,,,,,,,,,,,,,,,,,,,,,,,,,,,,,,,,,,,,,,,,,,,,,,,,,,,,,lb,,,,,,,,,,,,,,,,,,,,,,,,,,,,,,,,,,,,,,,,,,,,,,,,,,,,,,,,,,,,,,,,,,,,,,,,,,,,,,,,,,,,,,,,,,,,,,,,,,,,,,,,,
9-cross-stitch-black-embroidered-icon,9 Cross Stitch Black Embroidered Icon,"",Abbode Embroidery Design,Product Add-Ons > Product Customization,Embroidery Design,"hidden, icon, instant_exclude, revoq-no-withdrawal, webster-live",true,Size,Small,,,,,,,,ICON-45923967566081,0.0,,deny,manual,24.00,,true,true,,,,,,https://cdn.shopify.com/s/files/1/0321/4956/9675/files/9_Crossstitch_BLACK.png?v=1779838087,1,"",false,,,,,,,,,,,,,,,,,ICON-CU,,,,,,,,,,,,,,,,,,,,'1,,,,,,,,,,,,,,,,,,,,,,,,,,,,,,,,,,,,lb,,,false,,,false,,,false,,,false,,,false,,,false,,,false,,,false,,,false,,,false,,,false,,,false,,,false,,,false,,,false,,,false,,,false,,,false,,,false,,,false,,,false,,,false,,,false,,,false,,,false,,,false,,,false,,,false,,,false,,,false,,,false,,,false,,,false,,,false,,,active
9-cross-stitch-black-embroidered-icon,,,,,,,,,Medium,,,,,,,,ICON-45923967598849,0.0,,deny,manual,24.00,,true,true,,,,,,,,,,,,,,,,,,,,,,,,,,,,,,,,,,,,,,,,,,,,,,,,,,,,,,,,,,,,,,,,,,,,,,,,,,,,,,,,,,lb,,,,,,,,,,,,,,,,,,,,,,,,,,,,,,,,,,,,,,,,,,,,,,,,,,,,,,,,,,,,,,,,,,,,,,,,,,,,,,,,,,,,,,,,,,,,,,,,,,,,,,,,,
9-cross-stitch-black-embroidered-icon,,,,,,,,,Large,,,,,,,,ICON-45923967631617,0.0,,deny,manual,48.00,,true,true,,,,,,,,,,,,,,,,,,,,,,,,,,,,,,,,,,,,,,,,,,,,,,,,,,,,,,,,,,,,,,,,,,,,,,,,,,,,,,,,,,lb,,,,,,,,,,,,,,,,,,,,,,,,,,,,,,,,,,,,,,,,,,,,,,,,,,,,,,,,,,,,,,,,,,,,,,,,,,,,,,,,,,,,,,,,,,,,,,,,,,,,,,,,,
8-cross-stitch-black-embroidered-icon,8 Cross Stitch Black Embroidered Icon,"",Abbode Embroidery Design,Product Add-Ons > Product Customization,Embroidery Design,"hidden, icon, instant_exclude, revoq-no-withdrawal, webster-live",true,Size,Small,,,,,,,,ICON-45923967271169,0.0,,deny,manual,24.00,,true,true,,,,,,https://cdn.shopify.com/s/files/1/0321/4956/9675/files/8_Crossstitch_BLACK.png?v=1779838087,1,"",false,,,,,,,,,,,,,,,,,ICON-CU,,,,,,,,,,,,,,,,,,,,'1,,,,,,,,,,,,,,,,,,,,,,,,,,,,,,,,,,,,lb,,,false,,,false,,,false,,,false,,,false,,,false,,,false,,,false,,,false,,,false,,,false,,,false,,,false,,,false,,,false,,,false,,,false,,,false,,,false,,,false,,,false,,,false,,,false,,,false,,,false,,,false,,,false,,,false,,,false,,,false,,,false,,,false,,,false,,,false,,,active
8-cross-stitch-black-embroidered-icon,,,,,,,,,Medium,,,,,,,,ICON-45923967303937,0.0,,deny,manual,24.00,,true,true,,,,,,,,,,,,,,,,,,,,,,,,,,,,,,,,,,,,,,,,,,,,,,,,,,,,,,,,,,,,,,,,,,,,,,,,,,,,,,,,,,lb,,,,,,,,,,,,,,,,,,,,,,,,,,,,,,,,,,,,,,,,,,,,,,,,,,,,,,,,,,,,,,,,,,,,,,,,,,,,,,,,,,,,,,,,,,,,,,,,,,,,,,,,,
8-cross-stitch-black-embroidered-icon,,,,,,,,,Large,,,,,,,,ICON-45923967336705,0.0,,deny,manual,48.00,,true,true,,,,,,,,,,,,,,,,,,,,,,,,,,,,,,,,,,,,,,,,,,,,,,,,,,,,,,,,,,,,,,,,,,,,,,,,,,,,,,,,,,lb,,,,,,,,,,,,,,,,,,,,,,,,,,,,,,,,,,,,,,,,,,,,,,,,,,,,,,,,,,,,,,,,,,,,,,,,,,,,,,,,,,,,,,,,,,,,,,,,,,,,,,,,,
7-cross-stitch-black-embroidered-icon,7 Cross Stitch Black Embroidered Icon,"",Abbode Embroidery Design,Product Add-Ons > Product Customization,Embroidery Design,"hidden, icon, instant_exclude, revoq-no-withdrawal, webster-live",true,Size,Small,,,,,,,,ICON-45923960324353,0.0,,deny,manual,24.00,,true,true,,,,,,https://cdn.shopify.com/s/files/1/0321/4956/9675/files/7_Crossstitch_BLACK.png?v=1779838088,1,"",false,,,,,,,,,,,,,,,,,ICON-CU,,,,,,,,,,,,,,,,,,,,'1,,,,,,,,,,,,,,,,,,,,,,,,,,,,,,,,,,,,lb,,,false,,,false,,,false,,,false,,,false,,,false,,,false,,,false,,,false,,,false,,,false,,,false,,,false,,,false,,,false,,,false,,,false,,,false,,,false,,,false,,,false,,,false,,,false,,,false,,,false,,,false,,,false,,,false,,,false,,,false,,,false,,,false,,,false,,,false,,,active
7-cross-stitch-black-embroidered-icon,,,,,,,,,Medium,,,,,,,,ICON-45923960357121,0.0,,deny,manual,24.00,,true,true,,,,,,,,,,,,,,,,,,,,,,,,,,,,,,,,,,,,,,,,,,,,,,,,,,,,,,,,,,,,,,,,,,,,,,,,,,,,,,,,,,lb,,,,,,,,,,,,,,,,,,,,,,,,,,,,,,,,,,,,,,,,,,,,,,,,,,,,,,,,,,,,,,,,,,,,,,,,,,,,,,,,,,,,,,,,,,,,,,,,,,,,,,,,,
7-cross-stitch-black-embroidered-icon,,,,,,,,,Large,,,,,,,,ICON-45923960389889,0.0,,deny,manual,48.00,,true,true,,,,,,,,,,,,,,,,,,,,,,,,,,,,,,,,,,,,,,,,,,,,,,,,,,,,,,,,,,,,,,,,,,,,,,,,,,,,,,,,,,lb,,,,,,,,,,,,,,,,,,,,,,,,,,,,,,,,,,,,,,,,,,,,,,,,,,,,,,,,,,,,,,,,,,,,,,,,,,,,,,,,,,,,,,,,,,,,,,,,,,,,,,,,,
6-cross-stitch-black-embroidered-icon,6 Cross Stitch Black Embroidered Icon,"",Abbode Embroidery Design,Product Add-Ons > Product Customization,Embroidery Design,"hidden, icon, instant_exclude, revoq-no-withdrawal, webster-live",true,Size,Small,,,,,,,,ICON-45923960062209,0.0,,deny,manual,24.00,,true,true,,,,,,https://cdn.shopify.com/s/files/1/0321/4956/9675/files/6_Crossstitch_BLACK.png?v=1779838088,1,"",false,,,,,,,,,,,,,,,,,ICON-CU,,,,,,,,,,,,,,,,,,,,'1,,,,,,,,,,,,,,,,,,,,,,,,,,,,,,,,,,,,lb,,,false,,,false,,,false,,,false,,,false,,,false,,,false,,,false,,,false,,,false,,,false,,,false,,,false,,,false,,,false,,,false,,,false,,,false,,,false,,,false,,,false,,,false,,,false,,,false,,,false,,,false,,,false,,,false,,,false,,,false,,,false,,,false,,,false,,,false,,,active
6-cross-stitch-black-embroidered-icon,,,,,,,,,Medium,,,,,,,,ICON-45923960094977,0.0,,deny,manual,24.00,,true,true,,,,,,,,,,,,,,,,,,,,,,,,,,,,,,,,,,,,,,,,,,,,,,,,,,,,,,,,,,,,,,,,,,,,,,,,,,,,,,,,,,lb,,,,,,,,,,,,,,,,,,,,,,,,,,,,,,,,,,,,,,,,,,,,,,,,,,,,,,,,,,,,,,,,,,,,,,,,,,,,,,,,,,,,,,,,,,,,,,,,,,,,,,,,,
6-cross-stitch-black-embroidered-icon,,,,,,,,,Large,,,,,,,,ICON-45923960127745,0.0,,deny,manual,48.00,,true,true,,,,,,,,,,,,,,,,,,,,,,,,,,,,,,,,,,,,,,,,,,,,,,,,,,,,,,,,,,,,,,,,,,,,,,,,,,,,,,,,,,lb,,,,,,,,,,,,,,,,,,,,,,,,,,,,,,,,,,,,,,,,,,,,,,,,,,,,,,,,,,,,,,,,,,,,,,,,,,,,,,,,,,,,,,,,,,,,,,,,,,,,,,,,,
5-cross-stitch-black-embroidered-icon,5 Cross Stitch Black Embroidered Icon,"",Abbode Embroidery Design,Product Add-Ons > Product Customization,Embroidery Design,"hidden, icon, instant_exclude, revoq-no-withdrawal, webster-live",true,Size,Small,,,,,,,,ICON-45923958325505,0.0,,deny,manual,24.00,,true,true,,,,,,https://cdn.shopify.com/s/files/1/0321/4956/9675/files/5_Crossstitch_BLACK.png?v=1779838088,1,"",false,,,,,,,,,,,,,,,,,ICON-CU,,,,,,,,,,,,,,,,,,,,'1,,,,,,,,,,,,,,,,,,,,,,,,,,,,,,,,,,,,lb,,,false,,,false,,,false,,,false,,,false,,,false,,,false,,,false,,,false,,,false,,,false,,,false,,,false,,,false,,,false,,,false,,,false,,,false,,,false,,,false,,,false,,,false,,,false,,,false,,,false,,,false,,,false,,,false,,,false,,,false,,,false,,,false,,,false,,,false,,,active
5-cross-stitch-black-embroidered-icon,,,,,,,,,Medium,,,,,,,,ICON-45923958358273,0.0,,deny,manual,24.00,,true,true,,,,,,,,,,,,,,,,,,,,,,,,,,,,,,,,,,,,,,,,,,,,,,,,,,,,,,,,,,,,,,,,,,,,,,,,,,,,,,,,,,lb,,,,,,,,,,,,,,,,,,,,,,,,,,,,,,,,,,,,,,,,,,,,,,,,,,,,,,,,,,,,,,,,,,,,,,,,,,,,,,,,,,,,,,,,,,,,,,,,,,,,,,,,,
5-cross-stitch-black-embroidered-icon,,,,,,,,,Large,,,,,,,,ICON-45923958391041,0.0,,deny,manual,48.00,,true,true,,,,,,,,,,,,,,,,,,,,,,,,,,,,,,,,,,,,,,,,,,,,,,,,,,,,,,,,,,,,,,,,,,,,,,,,,,,,,,,,,,lb,,,,,,,,,,,,,,,,,,,,,,,,,,,,,,,,,,,,,,,,,,,,,,,,,,,,,,,,,,,,,,,,,,,,,,,,,,,,,,,,,,,,,,,,,,,,,,,,,,,,,,,,,
4-cross-stitch-black-embroidered-icon,4 Cross Stitch Black Embroidered Icon,"",Abbode Embroidery Design,Product Add-Ons > Product Customization,Embroidery Design,"hidden, icon, instant_exclude, revoq-no-withdrawal, webster-live",true,Size,Small,,,,,,,,ICON-45923955245313,0.0,,deny,manual,24.00,,true,true,,,,,,https://cdn.shopify.com/s/files/1/0321/4956/9675/files/4_Crossstitch_BLACK.png?v=1779838087,1,"",false,,,,,,,,,,,,,,,,,ICON-CU,,,,,,,,,,,,,,,,,,,,'1,,,,,,,,,,,,,,,,,,,,,,,,,,,,,,,,,,,,lb,,,false,,,false,,,false,,,false,,,false,,,false,,,false,,,false,,,false,,,false,,,false,,,false,,,false,,,false,,,false,,,false,,,false,,,false,,,false,,,false,,,false,,,false,,,false,,,false,,,false,,,false,,,false,,,false,,,false,,,false,,,false,,,false,,,false,,,false,,,active
4-cross-stitch-black-embroidered-icon,,,,,,,,,Medium,,,,,,,,ICON-45923955278081,0.0,,deny,manual,24.00,,true,true,,,,,,,,,,,,,,,,,,,,,,,,,,,,,,,,,,,,,,,,,,,,,,,,,,,,,,,,,,,,,,,,,,,,,,,,,,,,,,,,,,lb,,,,,,,,,,,,,,,,,,,,,,,,,,,,,,,,,,,,,,,,,,,,,,,,,,,,,,,,,,,,,,,,,,,,,,,,,,,,,,,,,,,,,,,,,,,,,,,,,,,,,,,,,
4-cross-stitch-black-embroidered-icon,,,,,,,,,Large,,,,,,,,ICON-45923955310849,0.0,,deny,manual,48.00,,true,true,,,,,,,,,,,,,,,,,,,,,,,,,,,,,,,,,,,,,,,,,,,,,,,,,,,,,,,,,,,,,,,,,,,,,,,,,,,,,,,,,,lb,,,,,,,,,,,,,,,,,,,,,,,,,,,,,,,,,,,,,,,,,,,,,,,,,,,,,,,,,,,,,,,,,,,,,,,,,,,,,,,,,,,,,,,,,,,,,,,,,,,,,,,,,
3-cross-stitch-black-embroidered-icon,3 Cross Stitch Black Embroidered Icon,"",Abbode Embroidery Design,Product Add-Ons > Product Customization,Embroidery Design,"hidden, icon, instant_exclude, revoq-no-withdrawal, webster-live",true,Size,Small,,,,,,,,ICON-45923954950401,0.0,,deny,manual,24.00,,true,true,,,,,,https://cdn.shopify.com/s/files/1/0321/4956/9675/files/3_Crossstitch_BLACK.png?v=1779838088,1,"",false,,,,,,,,,,,,,,,,,ICON-CU,,,,,,,,,,,,,,,,,,,,'1,,,,,,,,,,,,,,,,,,,,,,,,,,,,,,,,,,,,lb,,,false,,,false,,,false,,,false,,,false,,,false,,,false,,,false,,,false,,,false,,,false,,,false,,,false,,,false,,,false,,,false,,,false,,,false,,,false,,,false,,,false,,,false,,,false,,,false,,,false,,,false,,,false,,,false,,,false,,,false,,,false,,,false,,,false,,,false,,,active
3-cross-stitch-black-embroidered-icon,,,,,,,,,Medium,,,,,,,,ICON-45923954983169,0.0,,deny,manual,24.00,,true,true,,,,,,,,,,,,,,,,,,,,,,,,,,,,,,,,,,,,,,,,,,,,,,,,,,,,,,,,,,,,,,,,,,,,,,,,,,,,,,,,,,lb,,,,,,,,,,,,,,,,,,,,,,,,,,,,,,,,,,,,,,,,,,,,,,,,,,,,,,,,,,,,,,,,,,,,,,,,,,,,,,,,,,,,,,,,,,,,,,,,,,,,,,,,,
3-cross-stitch-black-embroidered-icon,,,,,,,,,Large,,,,,,,,ICON-45923955015937,0.0,,deny,manual,48.00,,true,true,,,,,,,,,,,,,,,,,,,,,,,,,,,,,,,,,,,,,,,,,,,,,,,,,,,,,,,,,,,,,,,,,,,,,,,,,,,,,,,,,,lb,,,,,,,,,,,,,,,,,,,,,,,,,,,,,,,,,,,,,,,,,,,,,,,,,,,,,,,,,,,,,,,,,,,,,,,,,,,,,,,,,,,,,,,,,,,,,,,,,,,,,,,,,
2-cross-stitch-black-embroidered-icon,2 Cross Stitch Black Embroidered Icon,"",Abbode Embroidery Design,Product Add-Ons > Product Customization,Embroidery Design,"hidden, icon, instant_exclude, revoq-no-withdrawal, webster-live",true,Size,Small,,,,,,,,ICON-45923954098433,0.0,,deny,manual,24.00,,true,true,,,,,,https://cdn.shopify.com/s/files/1/0321/4956/9675/files/2_Crossstitch_BLACK.png?v=1779838087,1,"",false,,,,,,,,,,,,,,,,,ICON-CU,,,,,,,,,,,,TRUE,,,,,,,,'1,,,,,,,,,,,,,,,,,,,,,,,,,,,,,,,,,,,,lb,,,false,,,false,,,false,,,false,,,false,,,false,,,false,,,false,,,false,,,false,,,false,,,false,,,false,,,false,,,false,,,false,,,false,,,false,,,false,,,false,,,false,,,false,,,false,,,false,,,false,,,false,,,false,,,false,,,false,,,false,,,false,,,false,,,false,,,false,,,active
2-cross-stitch-black-embroidered-icon,,,,,,,,,Medium,,,,,,,,ICON-45923954131201,0.0,,deny,manual,24.00,,true,true,,,,,,,,,,,,,,,,,,,,,,,,,,,,,,,,,,,,,,,,,,,,,,,,,,,,,,,,,,,,,,,,,,,,,,,,,,,,,,,,,,lb,,,,,,,,,,,,,,,,,,,,,,,,,,,,,,,,,,,,,,,,,,,,,,,,,,,,,,,,,,,,,,,,,,,,,,,,,,,,,,,,,,,,,,,,,,,,,,,,,,,,,,,,,
2-cross-stitch-black-embroidered-icon,,,,,,,,,Large,,,,,,,,ICON-45923954163969,0.0,,deny,manual,48.00,,true,true,,,,,,,,,,,,,,,,,,,,,,,,,,,,,,,,,,,,,,,,,,,,,,,,,,,,,,,,,,,,,,,,,,,,,,,,,,,,,,,,,,lb,,,,,,,,,,,,,,,,,,,,,,,,,,,,,,,,,,,,,,,,,,,,,,,,,,,,,,,,,,,,,,,,,,,,,,,,,,,,,,,,,,,,,,,,,,,,,,,,,,,,,,,,,
1-cross-stitch-black-embroidered-icon,1 Cross Stitch Black Embroidered Icon,"",Abbode Embroidery Design,Product Add-Ons > Product Customization,Embroidery Design,"hidden, icon, instant_exclude, revoq-no-withdrawal, webster-live",true,Size,Small,,,,,,,,ICON-45923953541377,0.0,,deny,manual,24.00,,true,true,,,,,,https://cdn.shopify.com/s/files/1/0321/4956/9675/files/1_Crossstitch_BLACK.png?v=1779838088,1,"",false,,,,,,,,,,,,,,,,,ICON-CU,,,,,,,,,,,,TRUE,,,,,,,,'1,,,,,,,,,,,,,,,,,,,,,,,,,,,,,,,,,,,,lb,,,false,,,false,,,false,,,false,,,false,,,false,,,false,,,false,,,false,,,false,,,false,,,false,,,false,,,false,,,false,,,false,,,false,,,false,,,false,,,false,,,false,,,false,,,false,,,false,,,false,,,false,,,false,,,false,,,false,,,false,,,false,,,false,,,false,,,false,,,active
1-cross-stitch-black-embroidered-icon,,,,,,,,,Medium,,,,,,,,ICON-45923953574145,0.0,,deny,manual,24.00,,true,true,,,,,,,,,,,,,,,,,,,,,,,,,,,,,,,,,,,,,,,,,,,,,,,,,,,,,,,,,,,,,,,,,,,,,,,,,,,,,,,,,,lb,,,,,,,,,,,,,,,,,,,,,,,,,,,,,,,,,,,,,,,,,,,,,,,,,,,,,,,,,,,,,,,,,,,,,,,,,,,,,,,,,,,,,,,,,,,,,,,,,,,,,,,,,
1-cross-stitch-black-embroidered-icon,,,,,,,,,Large,,,,,,,,ICON-45923953606913,0.0,,deny,manual,48.00,,true,true,,,,,,,,,,,,,,,,,,,,,,,,,,,,,,,,,,,,,,,,,,,,,,,,,,,,,,,,,,,,,,,,,,,,,,,,,,,,,,,,,,lb,,,,,,,,,,,,,,,,,,,,,,,,,,,,,,,,,,,,,,,,,,,,,,,,,,,,,,,,,,,,,,,,,,,,,,,,,,,,,,,,,,,,,,,,,,,,,,,,,,,,,,,,,
0-cross-stitch-black-embroidered-icon,0 Cross Stitch Black Embroidered Icon,"",Abbode Embroidery Design,Product Add-Ons > Product Customization,Embroidery Design,"hidden, icon, instant_exclude, revoq-no-withdrawal, webster-live",true,Size,Small,,,,,,,,ICON-45923952034049,0.0,,deny,manual,24.00,,true,true,,,,,,https://cdn.shopify.com/s/files/1/0321/4956/9675/files/0_Crossstitch_BLACK.png?v=1779838088,1,"",false,,,,,,,,,,,,,,,,,ICON-CU,,,,,,,,,,,,TRUE,,,,,,,,'1,,,,,,,,,,,,,,,,,,,,,,,,,,,,,,,,,,,,lb,,,false,,,false,,,false,,,false,,,false,,,false,,,false,,,false,,,false,,,false,,,false,,,false,,,false,,,false,,,false,,,false,,,false,,,false,,,false,,,false,,,false,,,false,,,false,,,false,,,false,,,false,,,false,,,false,,,false,,,false,,,false,,,false,,,false,,,false,,,active
0-cross-stitch-black-embroidered-icon,,,,,,,,,Medium,,,,,,,,ICON-45923952066817,0.0,,deny,manual,24.00,,true,true,,,,,,,,,,,,,,,,,,,,,,,,,,,,,,,,,,,,,,,,,,,,,,,,,,,,,,,,,,,,,,,,,,,,,,,,,,,,,,,,,,lb,,,,,,,,,,,,,,,,,,,,,,,,,,,,,,,,,,,,,,,,,,,,,,,,,,,,,,,,,,,,,,,,,,,,,,,,,,,,,,,,,,,,,,,,,,,,,,,,,,,,,,,,,
0-cross-stitch-black-embroidered-icon,,,,,,,,,Large,,,,,,,,ICON-45923952099585,0.0,,deny,manual,48.00,,true,true,,,,,,,,,,,,,,,,,,,,,,,,,,,,,,,,,,,,,,,,,,,,,,,,,,,,,,,,,,,,,,,,,,,,,,,,,,,,,,,,,,lb,,,,,,,,,,,,,,,,,,,,,,,,,,,,,,,,,,,,,,,,,,,,,,,,,,,,,,,,,,,,,,,,,,,,,,,,,,,,,,,,,,,,,,,,,,,,,,,,,,,,,,,,,
z-cross-stitch-black-embroidered-icon,Z Cross Stitch Black Embroidered Icon,"",Abbode Embroidery Design,Product Add-Ons > Product Customization,Embroidery Design,"hidden, icon, instant_exclude, revoq-no-withdrawal, webster-live",true,Size,Small,,,,,,,,ICON-45923950166273,0.0,,deny,manual,24.00,,true,true,,,,,,https://cdn.shopify.com/s/files/1/0321/4956/9675/files/Z_Crossstitch_BLACK.png?v=1779838088,1,"",false,,,,,,,,,,,,,,,,,ICON-CU,,,,,,,,,,,,,,,,,,,,'1,,,,,,,,,,,,,,,,,,,,,,,,,,,,,,,,,,,,lb,,,false,,,false,,,false,,,false,,,false,,,false,,,false,,,false,,,false,,,false,,,false,,,false,,,false,,,false,,,false,,,false,,,false,,,false,,,false,,,false,,,false,,,false,,,false,,,false,,,false,,,false,,,false,,,false,,,false,,,false,,,false,,,false,,,false,,,false,,,active
z-cross-stitch-black-embroidered-icon,,,,,,,,,Medium,,,,,,,,ICON-45923950199041,0.0,,deny,manual,24.00,,true,true,,,,,,,,,,,,,,,,,,,,,,,,,,,,,,,,,,,,,,,,,,,,,,,,,,,,,,,,,,,,,,,,,,,,,,,,,,,,,,,,,,lb,,,,,,,,,,,,,,,,,,,,,,,,,,,,,,,,,,,,,,,,,,,,,,,,,,,,,,,,,,,,,,,,,,,,,,,,,,,,,,,,,,,,,,,,,,,,,,,,,,,,,,,,,
z-cross-stitch-black-embroidered-icon,,,,,,,,,Large,,,,,,,,ICON-45923950231809,0.0,,deny,manual,48.00,,true,true,,,,,,,,,,,,,,,,,,,,,,,,,,,,,,,,,,,,,,,,,,,,,,,,,,,,,,,,,,,,,,,,,,,,,,,,,,,,,,,,,,lb,,,,,,,,,,,,,,,,,,,,,,,,,,,,,,,,,,,,,,,,,,,,,,,,,,,,,,,,,,,,,,,,,,,,,,,,,,,,,,,,,,,,,,,,,,,,,,,,,,,,,,,,,
y-cross-stitch-black-embroidered-icon,Y Cross Stitch Black Embroidered Icon,"",Abbode Embroidery Design,Product Add-Ons > Product Customization,Embroidery Design,"hidden, icon, instant_exclude, revoq-no-withdrawal, webster-live",true,Size,Small,,,,,,,,ICON-45923946201345,0.0,,deny,manual,24.00,,true,true,,,,,,https://cdn.shopify.com/s/files/1/0321/4956/9675/files/Y_Crossstitch_BLACK.png?v=1779838088,1,"",false,,,,,,,,,,,,,,,,,ICON-CU,,,,,,,,,,,,,,,,,,,,'1,,,,,,,,,,,,,,,,,,,,,,,,,,,,,,,,,,,,lb,,,false,,,false,,,false,,,false,,,false,,,false,,,false,,,false,,,false,,,false,,,false,,,false,,,false,,,false,,,false,,,false,,,false,,,false,,,false,,,false,,,false,,,false,,,false,,,false,,,false,,,false,,,false,,,false,,,false,,,false,,,false,,,false,,,false,,,false,,,active
y-cross-stitch-black-embroidered-icon,,,,,,,,,Medium,,,,,,,,ICON-45923946234113,0.0,,deny,manual,24.00,,true,true,,,,,,,,,,,,,,,,,,,,,,,,,,,,,,,,,,,,,,,,,,,,,,,,,,,,,,,,,,,,,,,,,,,,,,,,,,,,,,,,,,lb,,,,,,,,,,,,,,,,,,,,,,,,,,,,,,,,,,,,,,,,,,,,,,,,,,,,,,,,,,,,,,,,,,,,,,,,,,,,,,,,,,,,,,,,,,,,,,,,,,,,,,,,,
y-cross-stitch-black-embroidered-icon,,,,,,,,,Large,,,,,,,,ICON-45923946266881,0.0,,deny,manual,48.00,,true,true,,,,,,,,,,,,,,,,,,,,,,,,,,,,,,,,,,,,,,,,,,,,,,,,,,,,,,,,,,,,,,,,,,,,,,,,,,,,,,,,,,lb,,,,,,,,,,,,,,,,,,,,,,,,,,,,,,,,,,,,,,,,,,,,,,,,,,,,,,,,,,,,,,,,,,,,,,,,,,,,,,,,,,,,,,,,,,,,,,,,,,,,,,,,,
x-cross-stitch-black-embroidered-icon,X Cross Stitch Black Embroidered Icon,"",Abbode Embroidery Design,Product Add-Ons > Product Customization,Embroidery Design,"hidden, icon, instant_exclude, revoq-no-withdrawal, webster-live",true,Size,Small,,,,,,,,ICON-45923942400257,0.0,,deny,manual,24.00,,true,true,,,,,,https://cdn.shopify.com/s/files/1/0321/4956/9675/files/X_Crossstitch_BLACK.png?v=1779838088,1,"",false,,,,,,,,,,,,,,,,,ICON-CU,,,,,,,,,,,,,,,,,,,,'1,,,,,,,,,,,,,,,,,,,,,,,,,,,,,,,,,,,,lb,,,false,,,false,,,false,,,false,,,false,,,false,,,false,,,false,,,false,,,false,,,false,,,false,,,false,,,false,,,false,,,false,,,false,,,false,,,false,,,false,,,false,,,false,,,false,,,false,,,false,,,false,,,false,,,false,,,false,,,false,,,false,,,false,,,false,,,false,,,active
x-cross-stitch-black-embroidered-icon,,,,,,,,,Medium,,,,,,,,ICON-45923942433025,0.0,,deny,manual,24.00,,true,true,,,,,,,,,,,,,,,,,,,,,,,,,,,,,,,,,,,,,,,,,,,,,,,,,,,,,,,,,,,,,,,,,,,,,,,,,,,,,,,,,,lb,,,,,,,,,,,,,,,,,,,,,,,,,,,,,,,,,,,,,,,,,,,,,,,,,,,,,,,,,,,,,,,,,,,,,,,,,,,,,,,,,,,,,,,,,,,,,,,,,,,,,,,,,
x-cross-stitch-black-embroidered-icon,,,,,,,,,Large,,,,,,,,ICON-45923942465793,0.0,,deny,manual,48.00,,true,true,,,,,,,,,,,,,,,,,,,,,,,,,,,,,,,,,,,,,,,,,,,,,,,,,,,,,,,,,,,,,,,,,,,,,,,,,,,,,,,,,,lb,,,,,,,,,,,,,,,,,,,,,,,,,,,,,,,,,,,,,,,,,,,,,,,,,,,,,,,,,,,,,,,,,,,,,,,,,,,,,,,,,,,,,,,,,,,,,,,,,,,,,,,,,
w-cross-stitch-black-embroidered-icon,W Cross Stitch Black Embroidered Icon,"",Abbode Embroidery Design,Product Add-Ons > Product Customization,Embroidery Design,"hidden, icon, instant_exclude, revoq-no-withdrawal, webster-live",true,Size,Small,,,,,,,,ICON-45923941646593,0.0,,deny,manual,24.00,,true,true,,,,,,https://cdn.shopify.com/s/files/1/0321/4956/9675/files/W_Crossstitch_BLACK.png?v=1779838088,1,"",false,,,,,,,,,,,,,,,,,ICON-CU,,,,,,,,,,,,,,,,,,,,'1,,,,,,,,,,,,,,,,,,,,,,,,,,,,,,,,,,,,lb,,,false,,,false,,,false,,,false,,,false,,,false,,,false,,,false,,,false,,,false,,,false,,,false,,,false,,,false,,,false,,,false,,,false,,,false,,,false,,,false,,,false,,,false,,,false,,,false,,,false,,,false,,,false,,,false,,,false,,,false,,,false,,,false,,,false,,,false,,,active
w-cross-stitch-black-embroidered-icon,,,,,,,,,Medium,,,,,,,,ICON-45923941679361,0.0,,deny,manual,24.00,,true,true,,,,,,,,,,,,,,,,,,,,,,,,,,,,,,,,,,,,,,,,,,,,,,,,,,,,,,,,,,,,,,,,,,,,,,,,,,,,,,,,,,lb,,,,,,,,,,,,,,,,,,,,,,,,,,,,,,,,,,,,,,,,,,,,,,,,,,,,,,,,,,,,,,,,,,,,,,,,,,,,,,,,,,,,,,,,,,,,,,,,,,,,,,,,,
w-cross-stitch-black-embroidered-icon,,,,,,,,,Large,,,,,,,,ICON-45923941712129,0.0,,deny,manual,48.00,,true,true,,,,,,,,,,,,,,,,,,,,,,,,,,,,,,,,,,,,,,,,,,,,,,,,,,,,,,,,,,,,,,,,,,,,,,,,,,,,,,,,,,lb,,,,,,,,,,,,,,,,,,,,,,,,,,,,,,,,,,,,,,,,,,,,,,,,,,,,,,,,,,,,,,,,,,,,,,,,,,,,,,,,,,,,,,,,,,,,,,,,,,,,,,,,,
v-cross-stitch-black-embroidered-icon,V Cross Stitch Black Embroidered Icon,"",Abbode Embroidery Design,Product Add-Ons > Product Customization,Embroidery Design,"hidden, icon, instant_exclude, revoq-no-withdrawal, webster-live",true,Size,Small,,,,,,,,ICON-45923941515521,0.0,,deny,manual,24.00,,true,true,,,,,,https://cdn.shopify.com/s/files/1/0321/4956/9675/files/V_Crossstitch_BLACK.png?v=1779838088,1,"",false,,,,,,,,,,,,,,,,,ICON-CU,,,,,,,,,,,,,,,,,,,,'1,,,,,,,,,,,,,,,,,,,,,,,,,,,,,,,,,,,,lb,,,false,,,false,,,false,,,false,,,false,,,false,,,false,,,false,,,false,,,false,,,false,,,false,,,false,,,false,,,false,,,false,,,false,,,false,,,false,,,false,,,false,,,false,,,false,,,false,,,false,,,false,,,false,,,false,,,false,,,false,,,false,,,false,,,false,,,false,,,active
v-cross-stitch-black-embroidered-icon,,,,,,,,,Medium,,,,,,,,ICON-45923941548289,0.0,,deny,manual,24.00,,true,true,,,,,,,,,,,,,,,,,,,,,,,,,,,,,,,,,,,,,,,,,,,,,,,,,,,,,,,,,,,,,,,,,,,,,,,,,,,,,,,,,,lb,,,,,,,,,,,,,,,,,,,,,,,,,,,,,,,,,,,,,,,,,,,,,,,,,,,,,,,,,,,,,,,,,,,,,,,,,,,,,,,,,,,,,,,,,,,,,,,,,,,,,,,,,
v-cross-stitch-black-embroidered-icon,,,,,,,,,Large,,,,,,,,ICON-45923941581057,0.0,,deny,manual,48.00,,true,true,,,,,,,,,,,,,,,,,,,,,,,,,,,,,,,,,,,,,,,,,,,,,,,,,,,,,,,,,,,,,,,,,,,,,,,,,,,,,,,,,,lb,,,,,,,,,,,,,,,,,,,,,,,,,,,,,,,,,,,,,,,,,,,,,,,,,,,,,,,,,,,,,,,,,,,,,,,,,,,,,,,,,,,,,,,,,,,,,,,,,,,,,,,,,
u-cross-stitch-black-embroidered-icon,U Cross Stitch Black Embroidered Icon,"",Abbode Embroidery Design,Product Add-Ons > Product Customization,Embroidery Design,"hidden, icon, instant_exclude, revoq-no-withdrawal, webster-live",true,Size,Small,,,,,,,,ICON-45923941155073,0.0,,deny,manual,24.00,,true,true,,,,,,https://cdn.shopify.com/s/files/1/0321/4956/9675/files/U_Crossstitch_BLACK.png?v=1779838088,1,"",false,,,,,,,,,,,,,,,,,ICON-CU,,,,,,,,,,,,,,,,,,,,'1,,,,,,,,,,,,,,,,,,,,,,,,,,,,,,,,,,,,lb,,,false,,,false,,,false,,,false,,,false,,,false,,,false,,,false,,,false,,,false,,,false,,,false,,,false,,,false,,,false,,,false,,,false,,,false,,,false,,,false,,,false,,,false,,,false,,,false,,,false,,,false,,,false,,,false,,,false,,,false,,,false,,,false,,,false,,,false,,,active
u-cross-stitch-black-embroidered-icon,,,,,,,,,Medium,,,,,,,,ICON-45923941187841,0.0,,deny,manual,24.00,,true,true,,,,,,,,,,,,,,,,,,,,,,,,,,,,,,,,,,,,,,,,,,,,,,,,,,,,,,,,,,,,,,,,,,,,,,,,,,,,,,,,,,lb,,,,,,,,,,,,,,,,,,,,,,,,,,,,,,,,,,,,,,,,,,,,,,,,,,,,,,,,,,,,,,,,,,,,,,,,,,,,,,,,,,,,,,,,,,,,,,,,,,,,,,,,,
u-cross-stitch-black-embroidered-icon,,,,,,,,,Large,,,,,,,,ICON-45923941220609,0.0,,deny,manual,48.00,,true,true,,,,,,,,,,,,,,,,,,,,,,,,,,,,,,,,,,,,,,,,,,,,,,,,,,,,,,,,,,,,,,,,,,,,,,,,,,,,,,,,,,lb,,,,,,,,,,,,,,,,,,,,,,,,,,,,,,,,,,,,,,,,,,,,,,,,,,,,,,,,,,,,,,,,,,,,,,,,,,,,,,,,,,,,,,,,,,,,,,,,,,,,,,,,,
t-cross-stitch-black-embroidered-icon,T Cross Stitch Black Embroidered Icon,"",Abbode Embroidery Design,Product Add-Ons > Product Customization,Embroidery Design,"hidden, icon, instant_exclude, revoq-no-withdrawal, webster-live",true,Size,Small,,,,,,,,ICON-45923940827393,0.0,,deny,manual,24.00,,true,true,,,,,,https://cdn.shopify.com/s/files/1/0321/4956/9675/files/T_Crossstitch_BLACK.png?v=1779839166,1,"",false,,,,,,,,,,,,,,,,,ICON-CU,,,,,,,,,,,,,,,,,,,,'1,,,,,,,,,,,,,,,,,,,,,,,,,,,,,,,,,,,,lb,,,false,,,false,,,false,,,false,,,false,,,false,,,false,,,false,,,false,,,false,,,false,,,false,,,false,,,false,,,false,,,false,,,false,,,false,,,false,,,false,,,false,,,false,,,false,,,false,,,false,,,false,,,false,,,false,,,false,,,false,,,false,,,false,,,false,,,false,,,active
t-cross-stitch-black-embroidered-icon,,,,,,,,,Medium,,,,,,,,ICON-45923940860161,0.0,,deny,manual,24.00,,true,true,,,,,,,,,,,,,,,,,,,,,,,,,,,,,,,,,,,,,,,,,,,,,,,,,,,,,,,,,,,,,,,,,,,,,,,,,,,,,,,,,,lb,,,,,,,,,,,,,,,,,,,,,,,,,,,,,,,,,,,,,,,,,,,,,,,,,,,,,,,,,,,,,,,,,,,,,,,,,,,,,,,,,,,,,,,,,,,,,,,,,,,,,,,,,
t-cross-stitch-black-embroidered-icon,,,,,,,,,Large,,,,,,,,ICON-45923940892929,0.0,,deny,manual,48.00,,true,true,,,,,,,,,,,,,,,,,,,,,,,,,,,,,,,,,,,,,,,,,,,,,,,,,,,,,,,,,,,,,,,,,,,,,,,,,,,,,,,,,,lb,,,,,,,,,,,,,,,,,,,,,,,,,,,,,,,,,,,,,,,,,,,,,,,,,,,,,,,,,,,,,,,,,,,,,,,,,,,,,,,,,,,,,,,,,,,,,,,,,,,,,,,,,
s-cross-stitch-black-embroidered-icon,S Cross Stitch Black Embroidered Icon,"",Abbode Embroidery Design,Product Add-Ons > Product Customization,Embroidery Design,"hidden, icon, instant_exclude, revoq-no-withdrawal, webster-live",true,Size,Small,,,,,,,,ICON-45923940630785,0.0,,deny,manual,24.00,,true,true,,,,,,https://cdn.shopify.com/s/files/1/0321/4956/9675/files/S_Crossstitch_BLACK.png?v=1779839166,1,"",false,,,,,,,,,,,,,,,,,ICON-CU,,,,,,,,,,,,,,,,,,,,'1,,,,,,,,,,,,,,,,,,,,,,,,,,,,,,,,,,,,lb,,,false,,,false,,,false,,,false,,,false,,,false,,,false,,,false,,,false,,,false,,,false,,,false,,,false,,,false,,,false,,,false,,,false,,,false,,,false,,,false,,,false,,,false,,,false,,,false,,,false,,,false,,,false,,,false,,,false,,,false,,,false,,,false,,,false,,,false,,,active
s-cross-stitch-black-embroidered-icon,,,,,,,,,Medium,,,,,,,,ICON-45923940663553,0.0,,deny,manual,24.00,,true,true,,,,,,,,,,,,,,,,,,,,,,,,,,,,,,,,,,,,,,,,,,,,,,,,,,,,,,,,,,,,,,,,,,,,,,,,,,,,,,,,,,lb,,,,,,,,,,,,,,,,,,,,,,,,,,,,,,,,,,,,,,,,,,,,,,,,,,,,,,,,,,,,,,,,,,,,,,,,,,,,,,,,,,,,,,,,,,,,,,,,,,,,,,,,,
s-cross-stitch-black-embroidered-icon,,,,,,,,,Large,,,,,,,,ICON-45923940696321,0.0,,deny,manual,48.00,,true,true,,,,,,,,,,,,,,,,,,,,,,,,,,,,,,,,,,,,,,,,,,,,,,,,,,,,,,,,,,,,,,,,,,,,,,,,,,,,,,,,,,lb,,,,,,,,,,,,,,,,,,,,,,,,,,,,,,,,,,,,,,,,,,,,,,,,,,,,,,,,,,,,,,,,,,,,,,,,,,,,,,,,,,,,,,,,,,,,,,,,,,,,,,,,,
r-cross-stitch-black-embroidered-icon,R Cross Stitch Black Embroidered Icon,"",Abbode Embroidery Design,Product Add-Ons > Product Customization,Embroidery Design,"hidden, icon, instant_exclude, revoq-no-withdrawal, webster-live",true,Size,Small,,,,,,,,ICON-45923940073729,0.0,,deny,manual,24.00,,true,true,,,,,,https://cdn.shopify.com/s/files/1/0321/4956/9675/files/R_Crossstitch_BLACK.png?v=1779839167,1,"",false,,,,,,,,,,,,,,,,,ICON-CU,,,,,,,,,,,,,,,,,,,,'1,,,,,,,,,,,,,,,,,,,,,,,,,,,,,,,,,,,,lb,,,false,,,false,,,false,,,false,,,false,,,false,,,false,,,false,,,false,,,false,,,false,,,false,,,false,,,false,,,false,,,false,,,false,,,false,,,false,,,false,,,false,,,false,,,false,,,false,,,false,,,false,,,false,,,false,,,false,,,false,,,false,,,false,,,false,,,false,,,active
r-cross-stitch-black-embroidered-icon,,,,,,,,,Medium,,,,,,,,ICON-45923940106497,0.0,,deny,manual,24.00,,true,true,,,,,,,,,,,,,,,,,,,,,,,,,,,,,,,,,,,,,,,,,,,,,,,,,,,,,,,,,,,,,,,,,,,,,,,,,,,,,,,,,,lb,,,,,,,,,,,,,,,,,,,,,,,,,,,,,,,,,,,,,,,,,,,,,,,,,,,,,,,,,,,,,,,,,,,,,,,,,,,,,,,,,,,,,,,,,,,,,,,,,,,,,,,,,
r-cross-stitch-black-embroidered-icon,,,,,,,,,Large,,,,,,,,ICON-45923940139265,0.0,,deny,manual,48.00,,true,true,,,,,,,,,,,,,,,,,,,,,,,,,,,,,,,,,,,,,,,,,,,,,,,,,,,,,,,,,,,,,,,,,,,,,,,,,,,,,,,,,,lb,,,,,,,,,,,,,,,,,,,,,,,,,,,,,,,,,,,,,,,,,,,,,,,,,,,,,,,,,,,,,,,,,,,,,,,,,,,,,,,,,,,,,,,,,,,,,,,,,,,,,,,,,
q-cross-stitch-black-embroidered-icon,Q Cross Stitch Black Embroidered Icon,"",Abbode Embroidery Design,Product Add-Ons > Product Customization,Embroidery Design,"hidden, icon, instant_exclude, revoq-no-withdrawal, webster-live",true,Size,Small,,,,,,,,ICON-45923700408577,0.0,,deny,manual,24.00,,true,true,,,,,,https://cdn.shopify.com/s/files/1/0321/4956/9675/files/Q_Crossstitch_BLACK.png?v=1779839166,1,"",false,,,,,,,,,,,,,,,,,ICON-CU,,,,,,,,,,,,,,,,,,,,'1,,,,,,,,,,,,,,,,,,,,,,,,,,,,,,,,,,,,lb,,,false,,,false,,,false,,,false,,,false,,,false,,,false,,,false,,,false,,,false,,,false,,,false,,,false,,,false,,,false,,,false,,,false,,,false,,,false,,,false,,,false,,,false,,,false,,,false,,,false,,,false,,,false,,,false,,,false,,,false,,,false,,,false,,,false,,,false,,,active
q-cross-stitch-black-embroidered-icon,,,,,,,,,Medium,,,,,,,,ICON-45923700441345,0.0,,deny,manual,24.00,,true,true,,,,,,,,,,,,,,,,,,,,,,,,,,,,,,,,,,,,,,,,,,,,,,,,,,,,,,,,,,,,,,,,,,,,,,,,,,,,,,,,,,lb,,,,,,,,,,,,,,,,,,,,,,,,,,,,,,,,,,,,,,,,,,,,,,,,,,,,,,,,,,,,,,,,,,,,,,,,,,,,,,,,,,,,,,,,,,,,,,,,,,,,,,,,,
q-cross-stitch-black-embroidered-icon,,,,,,,,,Large,,,,,,,,ICON-45923700474113,0.0,,deny,manual,48.00,,true,true,,,,,,,,,,,,,,,,,,,,,,,,,,,,,,,,,,,,,,,,,,,,,,,,,,,,,,,,,,,,,,,,,,,,,,,,,,,,,,,,,,lb,,,,,,,,,,,,,,,,,,,,,,,,,,,,,,,,,,,,,,,,,,,,,,,,,,,,,,,,,,,,,,,,,,,,,,,,,,,,,,,,,,,,,,,,,,,,,,,,,,,,,,,,,
p-cross-stitch-black-embroidered-icon,P Cross Stitch Black Embroidered Icon,"",Abbode Embroidery Design,Product Add-Ons > Product Customization,Embroidery Design,"hidden, icon, instant_exclude, revoq-no-withdrawal, webster-live",true,Size,Small,,,,,,,,ICON-45923698540801,0.0,,deny,manual,24.00,,true,true,,,,,,https://cdn.shopify.com/s/files/1/0321/4956/9675/files/P_Crossstitch_BLACK.png?v=1779839405,1,"",false,,,,,,,,,,,,,,,,,ICON-CU,,,,,,,,,,,,,,,,,,,,'1,,,,,,,,,,,,,,,,,,,,,,,,,,,,,,,,,,,,lb,,,false,,,false,,,false,,,false,,,false,,,false,,,false,,,false,,,false,,,false,,,false,,,false,,,false,,,false,,,false,,,false,,,false,,,false,,,false,,,false,,,false,,,false,,,false,,,false,,,false,,,false,,,false,,,false,,,false,,,false,,,false,,,false,,,false,,,false,,,active
p-cross-stitch-black-embroidered-icon,,,,,,,,,Medium,,,,,,,,ICON-45923698573569,0.0,,deny,manual,24.00,,true,true,,,,,,,,,,,,,,,,,,,,,,,,,,,,,,,,,,,,,,,,,,,,,,,,,,,,,,,,,,,,,,,,,,,,,,,,,,,,,,,,,,lb,,,,,,,,,,,,,,,,,,,,,,,,,,,,,,,,,,,,,,,,,,,,,,,,,,,,,,,,,,,,,,,,,,,,,,,,,,,,,,,,,,,,,,,,,,,,,,,,,,,,,,,,,
p-cross-stitch-black-embroidered-icon,,,,,,,,,Large,,,,,,,,ICON-45923698606337,0.0,,deny,manual,48.00,,true,true,,,,,,,,,,,,,,,,,,,,,,,,,,,,,,,,,,,,,,,,,,,,,,,,,,,,,,,,,,,,,,,,,,,,,,,,,,,,,,,,,,lb,,,,,,,,,,,,,,,,,,,,,,,,,,,,,,,,,,,,,,,,,,,,,,,,,,,,,,,,,,,,,,,,,,,,,,,,,,,,,,,,,,,,,,,,,,,,,,,,,,,,,,,,,
o-cross-stitch-black-embroidered-icon,O Cross Stitch Black Embroidered Icon,"",Abbode Embroidery Design,Product Add-Ons > Product Customization,Embroidery Design,"hidden, icon, instant_exclude, revoq-no-withdrawal, webster-live",true,Size,Small,,,,,,,,ICON-45923697557761,0.0,,deny,manual,24.00,,true,true,,,,,,https://cdn.shopify.com/s/files/1/0321/4956/9675/files/O_Crossstitch_BLACK.png?v=1779839405,1,"",false,,,,,,,,,,,,,,,,,ICON-CU,,,,,,,,,,,,,,,,,,,,'1,,,,,,,,,,,,,,,,,,,,,,,,,,,,,,,,,,,,lb,,,false,,,false,,,false,,,false,,,false,,,false,,,false,,,false,,,false,,,false,,,false,,,false,,,false,,,false,,,false,,,false,,,false,,,false,,,false,,,false,,,false,,,false,,,false,,,false,,,false,,,false,,,false,,,false,,,false,,,false,,,false,,,false,,,false,,,false,,,active
o-cross-stitch-black-embroidered-icon,,,,,,,,,Medium,,,,,,,,ICON-45923697590529,0.0,,deny,manual,24.00,,true,true,,,,,,,,,,,,,,,,,,,,,,,,,,,,,,,,,,,,,,,,,,,,,,,,,,,,,,,,,,,,,,,,,,,,,,,,,,,,,,,,,,lb,,,,,,,,,,,,,,,,,,,,,,,,,,,,,,,,,,,,,,,,,,,,,,,,,,,,,,,,,,,,,,,,,,,,,,,,,,,,,,,,,,,,,,,,,,,,,,,,,,,,,,,,,
o-cross-stitch-black-embroidered-icon,,,,,,,,,Large,,,,,,,,ICON-45923697623297,0.0,,deny,manual,48.00,,true,true,,,,,,,,,,,,,,,,,,,,,,,,,,,,,,,,,,,,,,,,,,,,,,,,,,,,,,,,,,,,,,,,,,,,,,,,,,,,,,,,,,lb,,,,,,,,,,,,,,,,,,,,,,,,,,,,,,,,,,,,,,,,,,,,,,,,,,,,,,,,,,,,,,,,,,,,,,,,,,,,,,,,,,,,,,,,,,,,,,,,,,,,,,,,,
n-cross-stitch-black-embroidered-icon,N Cross Stitch Black Embroidered Icon,"",Abbode Embroidery Design,Product Add-Ons > Product Customization,Embroidery Design,"hidden, icon, instant_exclude, revoq-no-withdrawal, webster-live",true,Size,Small,,,,,,,,ICON-45923697328385,0.0,,deny,manual,24.00,,true,true,,,,,,https://cdn.shopify.com/s/files/1/0321/4956/9675/files/N_Crossstitch_BLACK.png?v=1779839405,1,"",false,,,,,,,,,,,,,,,,,ICON-CU,,,,,,,,,,,,,,,,,,,,'1,,,,,,,,,,,,,,,,,,,,,,,,,,,,,,,,,,,,lb,,,false,,,false,,,false,,,false,,,false,,,false,,,false,,,false,,,false,,,false,,,false,,,false,,,false,,,false,,,false,,,false,,,false,,,false,,,false,,,false,,,false,,,false,,,false,,,false,,,false,,,false,,,false,,,false,,,false,,,false,,,false,,,false,,,false,,,false,,,active
n-cross-stitch-black-embroidered-icon,,,,,,,,,Medium,,,,,,,,ICON-45923697361153,0.0,,deny,manual,24.00,,true,true,,,,,,,,,,,,,,,,,,,,,,,,,,,,,,,,,,,,,,,,,,,,,,,,,,,,,,,,,,,,,,,,,,,,,,,,,,,,,,,,,,lb,,,,,,,,,,,,,,,,,,,,,,,,,,,,,,,,,,,,,,,,,,,,,,,,,,,,,,,,,,,,,,,,,,,,,,,,,,,,,,,,,,,,,,,,,,,,,,,,,,,,,,,,,
n-cross-stitch-black-embroidered-icon,,,,,,,,,Large,,,,,,,,ICON-45923697393921,0.0,,deny,manual,48.00,,true,true,,,,,,,,,,,,,,,,,,,,,,,,,,,,,,,,,,,,,,,,,,,,,,,,,,,,,,,,,,,,,,,,,,,,,,,,,,,,,,,,,,lb,,,,,,,,,,,,,,,,,,,,,,,,,,,,,,,,,,,,,,,,,,,,,,,,,,,,,,,,,,,,,,,,,,,,,,,,,,,,,,,,,,,,,,,,,,,,,,,,,,,,,,,,,
m-cross-stitch-black-embroidered-icon,M Cross Stitch Black Embroidered Icon,"",Abbode Embroidery Design,Product Add-Ons > Product Customization,Embroidery Design,"hidden, icon, instant_exclude, revoq-no-withdrawal, webster-live",true,Size,Small,,,,,,,,ICON-45923695362305,0.0,,deny,manual,24.00,,true,true,,,,,,https://cdn.shopify.com/s/files/1/0321/4956/9675/files/M_Crossstitch_BLACK.png?v=1779839406,1,"",false,,,,,,,,,,,,,,,,,ICON-CU,,,,,,,,,,,,,,,,,,,,'1,,,,,,,,,,,,,,,,,,,,,,,,,,,,,,,,,,,,lb,,,false,,,false,,,false,,,false,,,false,,,false,,,false,,,false,,,false,,,false,,,false,,,false,,,false,,,false,,,false,,,false,,,false,,,false,,,false,,,false,,,false,,,false,,,false,,,false,,,false,,,false,,,false,,,false,,,false,,,false,,,false,,,false,,,false,,,false,,,active
m-cross-stitch-black-embroidered-icon,,,,,,,,,Medium,,,,,,,,ICON-45923695395073,0.0,,deny,manual,24.00,,true,true,,,,,,,,,,,,,,,,,,,,,,,,,,,,,,,,,,,,,,,,,,,,,,,,,,,,,,,,,,,,,,,,,,,,,,,,,,,,,,,,,,lb,,,,,,,,,,,,,,,,,,,,,,,,,,,,,,,,,,,,,,,,,,,,,,,,,,,,,,,,,,,,,,,,,,,,,,,,,,,,,,,,,,,,,,,,,,,,,,,,,,,,,,,,,
m-cross-stitch-black-embroidered-icon,,,,,,,,,Large,,,,,,,,ICON-45923695427841,0.0,,deny,manual,48.00,,true,true,,,,,,,,,,,,,,,,,,,,,,,,,,,,,,,,,,,,,,,,,,,,,,,,,,,,,,,,,,,,,,,,,,,,,,,,,,,,,,,,,,lb,,,,,,,,,,,,,,,,,,,,,,,,,,,,,,,,,,,,,,,,,,,,,,,,,,,,,,,,,,,,,,,,,,,,,,,,,,,,,,,,,,,,,,,,,,,,,,,,,,,,,,,,,
l-cross-stitch-black-embroidered-icon,L Cross Stitch Black Embroidered Icon,"",Abbode Embroidery Design,Product Add-Ons > Product Customization,Embroidery Design,"hidden, icon, instant_exclude, revoq-no-withdrawal, webster-live",true,Size,Small,,,,,,,,ICON-45923694248193,0.0,,deny,manual,24.00,,true,true,,,,,,https://cdn.shopify.com/s/files/1/0321/4956/9675/files/L_Crossstitch_BLACK.png?v=1779839405,1,"",false,,,,,,,,,,,,,,,,,ICON-CU,,,,,,,,,,,,,,,,,,,,'1,,,,,,,,,,,,,,,,,,,,,,,,,,,,,,,,,,,,lb,,,false,,,false,,,false,,,false,,,false,,,false,,,false,,,false,,,false,,,false,,,false,,,false,,,false,,,false,,,false,,,false,,,false,,,false,,,false,,,false,,,false,,,false,,,false,,,false,,,false,,,false,,,false,,,false,,,false,,,false,,,false,,,false,,,false,,,false,,,active
l-cross-stitch-black-embroidered-icon,,,,,,,,,Medium,,,,,,,,ICON-45923694280961,0.0,,deny,manual,24.00,,true,true,,,,,,,,,,,,,,,,,,,,,,,,,,,,,,,,,,,,,,,,,,,,,,,,,,,,,,,,,,,,,,,,,,,,,,,,,,,,,,,,,,lb,,,,,,,,,,,,,,,,,,,,,,,,,,,,,,,,,,,,,,,,,,,,,,,,,,,,,,,,,,,,,,,,,,,,,,,,,,,,,,,,,,,,,,,,,,,,,,,,,,,,,,,,,
l-cross-stitch-black-embroidered-icon,,,,,,,,,Large,,,,,,,,ICON-45923694313729,0.0,,deny,manual,48.00,,true,true,,,,,,,,,,,,,,,,,,,,,,,,,,,,,,,,,,,,,,,,,,,,,,,,,,,,,,,,,,,,,,,,,,,,,,,,,,,,,,,,,,lb,,,,,,,,,,,,,,,,,,,,,,,,,,,,,,,,,,,,,,,,,,,,,,,,,,,,,,,,,,,,,,,,,,,,,,,,,,,,,,,,,,,,,,,,,,,,,,,,,,,,,,,,,
k-cross-stitch-black-embroidered-icon,K Cross Stitch Black Embroidered Icon,"",Abbode Embroidery Design,Product Add-Ons > Product Customization,Embroidery Design,"hidden, icon, instant_exclude, revoq-no-withdrawal, webster-live",true,Size,Small,,,,,,,,ICON-45923693003009,0.0,,deny,manual,24.00,,true,true,,,,,,https://cdn.shopify.com/s/files/1/0321/4956/9675/files/K_Crossstitch_BLACK.png?v=1779839406,1,"",false,,,,,,,,,,,,,,,,,ICON-CU,,,,,,,,,,,,,,,,,,,,'1,,,,,,,,,,,,,,,,,,,,,,,,,,,,,,,,,,,,lb,,,false,,,false,,,false,,,false,,,false,,,false,,,false,,,false,,,false,,,false,,,false,,,false,,,false,,,false,,,false,,,false,,,false,,,false,,,false,,,false,,,false,,,false,,,false,,,false,,,false,,,false,,,false,,,false,,,false,,,false,,,false,,,false,,,false,,,false,,,active
k-cross-stitch-black-embroidered-icon,,,,,,,,,Medium,,,,,,,,ICON-45923693035777,0.0,,deny,manual,24.00,,true,true,,,,,,,,,,,,,,,,,,,,,,,,,,,,,,,,,,,,,,,,,,,,,,,,,,,,,,,,,,,,,,,,,,,,,,,,,,,,,,,,,,lb,,,,,,,,,,,,,,,,,,,,,,,,,,,,,,,,,,,,,,,,,,,,,,,,,,,,,,,,,,,,,,,,,,,,,,,,,,,,,,,,,,,,,,,,,,,,,,,,,,,,,,,,,
k-cross-stitch-black-embroidered-icon,,,,,,,,,Large,,,,,,,,ICON-45923693068545,0.0,,deny,manual,48.00,,true,true,,,,,,,,,,,,,,,,,,,,,,,,,,,,,,,,,,,,,,,,,,,,,,,,,,,,,,,,,,,,,,,,,,,,,,,,,,,,,,,,,,lb,,,,,,,,,,,,,,,,,,,,,,,,,,,,,,,,,,,,,,,,,,,,,,,,,,,,,,,,,,,,,,,,,,,,,,,,,,,,,,,,,,,,,,,,,,,,,,,,,,,,,,,,,
j-cross-stitch-black-embroidered-icon,J Cross Stitch Black Embroidered Icon,"",Abbode Embroidery Design,Product Add-Ons > Product Customization,Embroidery Design,"hidden, icon, instant_exclude, revoq-no-withdrawal, webster-live",true,Size,Small,,,,,,,,ICON-45923691757825,0.0,,deny,manual,24.00,,true,true,,,,,,https://cdn.shopify.com/s/files/1/0321/4956/9675/files/J_Crossstitch_BLACK.png?v=1779839405,1,"",false,,,,,,,,,,,,,,,,,ICON-CU,,,,,,,,,,,,,,,,,,,,'1,,,,,,,,,,,,,,,,,,,,,,,,,,,,,,,,,,,,lb,,,false,,,false,,,false,,,false,,,false,,,false,,,false,,,false,,,false,,,false,,,false,,,false,,,false,,,false,,,false,,,false,,,false,,,false,,,false,,,false,,,false,,,false,,,false,,,false,,,false,,,false,,,false,,,false,,,false,,,false,,,false,,,false,,,false,,,false,,,active
j-cross-stitch-black-embroidered-icon,,,,,,,,,Medium,,,,,,,,ICON-45923691790593,0.0,,deny,manual,24.00,,true,true,,,,,,,,,,,,,,,,,,,,,,,,,,,,,,,,,,,,,,,,,,,,,,,,,,,,,,,,,,,,,,,,,,,,,,,,,,,,,,,,,,lb,,,,,,,,,,,,,,,,,,,,,,,,,,,,,,,,,,,,,,,,,,,,,,,,,,,,,,,,,,,,,,,,,,,,,,,,,,,,,,,,,,,,,,,,,,,,,,,,,,,,,,,,,
j-cross-stitch-black-embroidered-icon,,,,,,,,,Large,,,,,,,,ICON-45923691823361,0.0,,deny,manual,48.00,,true,true,,,,,,,,,,,,,,,,,,,,,,,,,,,,,,,,,,,,,,,,,,,,,,,,,,,,,,,,,,,,,,,,,,,,,,,,,,,,,,,,,,lb,,,,,,,,,,,,,,,,,,,,,,,,,,,,,,,,,,,,,,,,,,,,,,,,,,,,,,,,,,,,,,,,,,,,,,,,,,,,,,,,,,,,,,,,,,,,,,,,,,,,,,,,,
i-cross-stitch-black-embroidered-icon,I Cross Stitch Black Embroidered Icon,"",Abbode Embroidery Design,Product Add-Ons > Product Customization,Embroidery Design,"hidden, icon, instant_exclude, revoq-no-withdrawal, webster-live",true,Size,Small,,,,,,,,ICON-45923687268609,0.0,,deny,manual,24.00,,true,true,,,,,,https://cdn.shopify.com/s/files/1/0321/4956/9675/files/I_Crossstitch_BLACK.png?v=1779839405,1,"",false,,,,,,,,,,,,,,,,,ICON-CU,,,,,,,,,,,,,,,,,,,,'1,,,,,,,,,,,,,,,,,,,,,,,,,,,,,,,,,,,,lb,,,false,,,false,,,false,,,false,,,false,,,false,,,false,,,false,,,false,,,false,,,false,,,false,,,false,,,false,,,false,,,false,,,false,,,false,,,false,,,false,,,false,,,false,,,false,,,false,,,false,,,false,,,false,,,false,,,false,,,false,,,false,,,false,,,false,,,false,,,active
i-cross-stitch-black-embroidered-icon,,,,,,,,,Medium,,,,,,,,ICON-45923687301377,0.0,,deny,manual,24.00,,true,true,,,,,,,,,,,,,,,,,,,,,,,,,,,,,,,,,,,,,,,,,,,,,,,,,,,,,,,,,,,,,,,,,,,,,,,,,,,,,,,,,,lb,,,,,,,,,,,,,,,,,,,,,,,,,,,,,,,,,,,,,,,,,,,,,,,,,,,,,,,,,,,,,,,,,,,,,,,,,,,,,,,,,,,,,,,,,,,,,,,,,,,,,,,,,
i-cross-stitch-black-embroidered-icon,,,,,,,,,Large,,,,,,,,ICON-45923687334145,0.0,,deny,manual,48.00,,true,true,,,,,,,,,,,,,,,,,,,,,,,,,,,,,,,,,,,,,,,,,,,,,,,,,,,,,,,,,,,,,,,,,,,,,,,,,,,,,,,,,,lb,,,,,,,,,,,,,,,,,,,,,,,,,,,,,,,,,,,,,,,,,,,,,,,,,,,,,,,,,,,,,,,,,,,,,,,,,,,,,,,,,,,,,,,,,,,,,,,,,,,,,,,,,
h-cross-stitch-black-embroidered-icon,H Cross Stitch Black Embroidered Icon,"",Abbode Embroidery Design,Product Add-Ons > Product Customization,Embroidery Design,"hidden, icon, instant_exclude, revoq-no-withdrawal, webster-live",true,Size,Small,,,,,,,,ICON-45923686449409,0.0,,deny,manual,24.00,,true,true,,,,,,https://cdn.shopify.com/s/files/1/0321/4956/9675/files/H_Crossstitch_BLACK.png?v=1779839405,1,"",false,,,,,,,,,,,,,,,,,ICON-CU,,,,,,,,,,,,,,,,,,,,'1,,,,,,,,,,,,,,,,,,,,,,,,,,,,,,,,,,,,lb,,,false,,,false,,,false,,,false,,,false,,,false,,,false,,,false,,,false,,,false,,,false,,,false,,,false,,,false,,,false,,,false,,,false,,,false,,,false,,,false,,,false,,,false,,,false,,,false,,,false,,,false,,,false,,,false,,,false,,,false,,,false,,,false,,,false,,,false,,,active
h-cross-stitch-black-embroidered-icon,,,,,,,,,Medium,,,,,,,,ICON-45923686482177,0.0,,deny,manual,24.00,,true,true,,,,,,,,,,,,,,,,,,,,,,,,,,,,,,,,,,,,,,,,,,,,,,,,,,,,,,,,,,,,,,,,,,,,,,,,,,,,,,,,,,lb,,,,,,,,,,,,,,,,,,,,,,,,,,,,,,,,,,,,,,,,,,,,,,,,,,,,,,,,,,,,,,,,,,,,,,,,,,,,,,,,,,,,,,,,,,,,,,,,,,,,,,,,,
h-cross-stitch-black-embroidered-icon,,,,,,,,,Large,,,,,,,,ICON-45923686514945,0.0,,deny,manual,48.00,,true,true,,,,,,,,,,,,,,,,,,,,,,,,,,,,,,,,,,,,,,,,,,,,,,,,,,,,,,,,,,,,,,,,,,,,,,,,,,,,,,,,,,lb,,,,,,,,,,,,,,,,,,,,,,,,,,,,,,,,,,,,,,,,,,,,,,,,,,,,,,,,,,,,,,,,,,,,,,,,,,,,,,,,,,,,,,,,,,,,,,,,,,,,,,,,,
g-cross-stitch-black-embroidered-icon,G Cross Stitch Black Embroidered Icon,"",Abbode Embroidery Design,Product Add-Ons > Product Customization,Embroidery Design,"hidden, icon, instant_exclude, revoq-no-withdrawal, webster-live",true,Size,Small,,,,,,,,ICON-45923680747777,0.0,,deny,manual,24.00,,true,true,,,,,,https://cdn.shopify.com/s/files/1/0321/4956/9675/files/G_Crossstitch_BLACK.png?v=1779839406,1,"",false,,,,,,,,,,,,,,,,,ICON-CU,,,,,,,,,,,,,,,,,,,,'1,,,,,,,,,,,,,,,,,,,,,,,,,,,,,,,,,,,,lb,,,false,,,false,,,false,,,false,,,false,,,false,,,false,,,false,,,false,,,false,,,false,,,false,,,false,,,false,,,false,,,false,,,false,,,false,,,false,,,false,,,false,,,false,,,false,,,false,,,false,,,false,,,false,,,false,,,false,,,false,,,false,,,false,,,false,,,false,,,active
g-cross-stitch-black-embroidered-icon,,,,,,,,,Medium,,,,,,,,ICON-45923680780545,0.0,,deny,manual,24.00,,true,true,,,,,,,,,,,,,,,,,,,,,,,,,,,,,,,,,,,,,,,,,,,,,,,,,,,,,,,,,,,,,,,,,,,,,,,,,,,,,,,,,,lb,,,,,,,,,,,,,,,,,,,,,,,,,,,,,,,,,,,,,,,,,,,,,,,,,,,,,,,,,,,,,,,,,,,,,,,,,,,,,,,,,,,,,,,,,,,,,,,,,,,,,,,,,
g-cross-stitch-black-embroidered-icon,,,,,,,,,Large,,,,,,,,ICON-45923680813313,0.0,,deny,manual,48.00,,true,true,,,,,,,,,,,,,,,,,,,,,,,,,,,,,,,,,,,,,,,,,,,,,,,,,,,,,,,,,,,,,,,,,,,,,,,,,,,,,,,,,,lb,,,,,,,,,,,,,,,,,,,,,,,,,,,,,,,,,,,,,,,,,,,,,,,,,,,,,,,,,,,,,,,,,,,,,,,,,,,,,,,,,,,,,,,,,,,,,,,,,,,,,,,,,
f-cross-stitch-black-embroidered-icon,F Cross Stitch Black Embroidered Icon,"",Abbode Embroidery Design,Product Add-Ons > Product Customization,Embroidery Design,"hidden, icon, instant_exclude, revoq-no-withdrawal, webster-live",true,Size,Small,,,,,,,,ICON-45923678716161,0.0,,deny,manual,24.00,,true,true,,,,,,https://cdn.shopify.com/s/files/1/0321/4956/9675/files/F_Crossstitch_BLACK.png?v=1779839406,1,"",false,,,,,,,,,,,,,,,,,ICON-CU,,,,,,,,,,,,,,,,,,,,'1,,,,,,,,,,,,,,,,,,,,,,,,,,,,,,,,,,,,lb,,,false,,,false,,,false,,,false,,,false,,,false,,,false,,,false,,,false,,,false,,,false,,,false,,,false,,,false,,,false,,,false,,,false,,,false,,,false,,,false,,,false,,,false,,,false,,,false,,,false,,,false,,,false,,,false,,,false,,,false,,,false,,,false,,,false,,,false,,,active
f-cross-stitch-black-embroidered-icon,,,,,,,,,Medium,,,,,,,,ICON-45923678748929,0.0,,deny,manual,24.00,,true,true,,,,,,,,,,,,,,,,,,,,,,,,,,,,,,,,,,,,,,,,,,,,,,,,,,,,,,,,,,,,,,,,,,,,,,,,,,,,,,,,,,lb,,,,,,,,,,,,,,,,,,,,,,,,,,,,,,,,,,,,,,,,,,,,,,,,,,,,,,,,,,,,,,,,,,,,,,,,,,,,,,,,,,,,,,,,,,,,,,,,,,,,,,,,,
f-cross-stitch-black-embroidered-icon,,,,,,,,,Large,,,,,,,,ICON-45923678781697,0.0,,deny,manual,48.00,,true,true,,,,,,,,,,,,,,,,,,,,,,,,,,,,,,,,,,,,,,,,,,,,,,,,,,,,,,,,,,,,,,,,,,,,,,,,,,,,,,,,,,lb,,,,,,,,,,,,,,,,,,,,,,,,,,,,,,,,,,,,,,,,,,,,,,,,,,,,,,,,,,,,,,,,,,,,,,,,,,,,,,,,,,,,,,,,,,,,,,,,,,,,,,,,,
e-cross-stitch-black-embroidered-icon,E Cross Stitch Black Embroidered Icon,"",Abbode Embroidery Design,Product Add-Ons > Product Customization,Embroidery Design,"hidden, icon, instant_exclude, revoq-no-withdrawal, webster-live",true,Size,Small,,,,,,,,ICON-45923677667585,0.0,,deny,manual,24.00,,true,true,,,,,,https://cdn.shopify.com/s/files/1/0321/4956/9675/files/E_Crossstitch_BLACK.png?v=1779839406,1,"",false,,,,,,,,,,,,,,,,,ICON-CU,,,,,,,,,,,,,,,,,,,,'1,,,,,,,,,,,,,,,,,,,,,,,,,,,,,,,,,,,,lb,,,false,,,false,,,false,,,false,,,false,,,false,,,false,,,false,,,false,,,false,,,false,,,false,,,false,,,false,,,false,,,false,,,false,,,false,,,false,,,false,,,false,,,false,,,false,,,false,,,false,,,false,,,false,,,false,,,false,,,false,,,false,,,false,,,false,,,false,,,active
e-cross-stitch-black-embroidered-icon,,,,,,,,,Medium,,,,,,,,ICON-45923677700353,0.0,,deny,manual,24.00,,true,true,,,,,,,,,,,,,,,,,,,,,,,,,,,,,,,,,,,,,,,,,,,,,,,,,,,,,,,,,,,,,,,,,,,,,,,,,,,,,,,,,,lb,,,,,,,,,,,,,,,,,,,,,,,,,,,,,,,,,,,,,,,,,,,,,,,,,,,,,,,,,,,,,,,,,,,,,,,,,,,,,,,,,,,,,,,,,,,,,,,,,,,,,,,,,
e-cross-stitch-black-embroidered-icon,,,,,,,,,Large,,,,,,,,ICON-45923677733121,0.0,,deny,manual,48.00,,true,true,,,,,,,,,,,,,,,,,,,,,,,,,,,,,,,,,,,,,,,,,,,,,,,,,,,,,,,,,,,,,,,,,,,,,,,,,,,,,,,,,,lb,,,,,,,,,,,,,,,,,,,,,,,,,,,,,,,,,,,,,,,,,,,,,,,,,,,,,,,,,,,,,,,,,,,,,,,,,,,,,,,,,,,,,,,,,,,,,,,,,,,,,,,,,
d-cross-stitch-black-embroidered-icon,D Cross Stitch Black Embroidered Icon,"",Abbode Embroidery Design,Product Add-Ons > Product Customization,Embroidery Design,"hidden, icon, instant_exclude, revoq-no-withdrawal, webster-live",true,Size,Small,,,,,,,,ICON-45923677077761,0.0,,deny,manual,24.00,,true,true,,,,,,https://cdn.shopify.com/s/files/1/0321/4956/9675/files/D_Crossstitch_BLACK.png?v=1779839407,1,"",false,,,,,,,,,,,,,,,,,ICON-CU,,,,,,,,,,,,,,,,,,,,'1,,,,,,,,,,,,,,,,,,,,,,,,,,,,,,,,,,,,lb,,,false,,,false,,,false,,,false,,,false,,,false,,,false,,,false,,,false,,,false,,,false,,,false,,,false,,,false,,,false,,,false,,,false,,,false,,,false,,,false,,,false,,,false,,,false,,,false,,,false,,,false,,,false,,,false,,,false,,,false,,,false,,,false,,,false,,,false,,,active
d-cross-stitch-black-embroidered-icon,,,,,,,,,Medium,,,,,,,,ICON-45923677110529,0.0,,deny,manual,24.00,,true,true,,,,,,,,,,,,,,,,,,,,,,,,,,,,,,,,,,,,,,,,,,,,,,,,,,,,,,,,,,,,,,,,,,,,,,,,,,,,,,,,,,lb,,,,,,,,,,,,,,,,,,,,,,,,,,,,,,,,,,,,,,,,,,,,,,,,,,,,,,,,,,,,,,,,,,,,,,,,,,,,,,,,,,,,,,,,,,,,,,,,,,,,,,,,,
d-cross-stitch-black-embroidered-icon,,,,,,,,,Large,,,,,,,,ICON-45923677143297,0.0,,deny,manual,48.00,,true,true,,,,,,,,,,,,,,,,,,,,,,,,,,,,,,,,,,,,,,,,,,,,,,,,,,,,,,,,,,,,,,,,,,,,,,,,,,,,,,,,,,lb,,,,,,,,,,,,,,,,,,,,,,,,,,,,,,,,,,,,,,,,,,,,,,,,,,,,,,,,,,,,,,,,,,,,,,,,,,,,,,,,,,,,,,,,,,,,,,,,,,,,,,,,,
c-cross-stitch-black-embroidered-icon,C Cross Stitch Black Embroidered Icon,"",Abbode Embroidery Design,Product Add-Ons > Product Customization,Embroidery Design,"hidden, icon, instant_exclude, revoq-no-withdrawal, webster-live",true,Size,Small,,,,,,,,ICON-45923676717313,0.0,,deny,manual,24.00,,true,true,,,,,,https://cdn.shopify.com/s/files/1/0321/4956/9675/files/C_Crossstitch_BLACK.png?v=1779839406,1,"",false,,,,,,,,,,,,,,,,,ICON-CU,,,,,,,,,,,,,,,,,,,,'1,,,,,,,,,,,,,,,,,,,,,,,,,,,,,,,,,,,,lb,,,false,,,false,,,false,,,false,,,false,,,false,,,false,,,false,,,false,,,false,,,false,,,false,,,false,,,false,,,false,,,false,,,false,,,false,,,false,,,false,,,false,,,false,,,false,,,false,,,false,,,false,,,false,,,false,,,false,,,false,,,false,,,false,,,false,,,false,,,active
c-cross-stitch-black-embroidered-icon,,,,,,,,,Medium,,,,,,,,ICON-45923676750081,0.0,,deny,manual,24.00,,true,true,,,,,,,,,,,,,,,,,,,,,,,,,,,,,,,,,,,,,,,,,,,,,,,,,,,,,,,,,,,,,,,,,,,,,,,,,,,,,,,,,,lb,,,,,,,,,,,,,,,,,,,,,,,,,,,,,,,,,,,,,,,,,,,,,,,,,,,,,,,,,,,,,,,,,,,,,,,,,,,,,,,,,,,,,,,,,,,,,,,,,,,,,,,,,
c-cross-stitch-black-embroidered-icon,,,,,,,,,Large,,,,,,,,ICON-45923676782849,0.0,,deny,manual,48.00,,true,true,,,,,,,,,,,,,,,,,,,,,,,,,,,,,,,,,,,,,,,,,,,,,,,,,,,,,,,,,,,,,,,,,,,,,,,,,,,,,,,,,,lb,,,,,,,,,,,,,,,,,,,,,,,,,,,,,,,,,,,,,,,,,,,,,,,,,,,,,,,,,,,,,,,,,,,,,,,,,,,,,,,,,,,,,,,,,,,,,,,,,,,,,,,,,
b-cross-stitch-black-embroidered-icon,B Cross Stitch Black Embroidered Icon,"",Abbode Embroidery Design,Product Add-Ons > Product Customization,Embroidery Design,"hidden, icon, instant_exclude, revoq-no-withdrawal, webster-live",true,Size,Small,,,,,,,,ICON-45923675898113,0.0,,deny,manual,24.00,,true,true,,,,,,https://cdn.shopify.com/s/files/1/0321/4956/9675/files/B_Crossstitch_BLACK.png?v=1779839406,1,"",false,,,,,,,,,,,,,,,,,ICON-CU,,,,,,,,,,,,,,,,,,,,'1,,,,,,,,,,,,,,,,,,,,,,,,,,,,,,,,,,,,lb,,,false,,,false,,,false,,,false,,,false,,,false,,,false,,,false,,,false,,,false,,,false,,,false,,,false,,,false,,,false,,,false,,,false,,,false,,,false,,,false,,,false,,,false,,,false,,,false,,,false,,,false,,,false,,,false,,,false,,,false,,,false,,,false,,,false,,,false,,,active
b-cross-stitch-black-embroidered-icon,,,,,,,,,Medium,,,,,,,,ICON-45923675930881,0.0,,deny,manual,24.00,,true,true,,,,,,,,,,,,,,,,,,,,,,,,,,,,,,,,,,,,,,,,,,,,,,,,,,,,,,,,,,,,,,,,,,,,,,,,,,,,,,,,,,lb,,,,,,,,,,,,,,,,,,,,,,,,,,,,,,,,,,,,,,,,,,,,,,,,,,,,,,,,,,,,,,,,,,,,,,,,,,,,,,,,,,,,,,,,,,,,,,,,,,,,,,,,,
b-cross-stitch-black-embroidered-icon,,,,,,,,,Large,,,,,,,,ICON-45923675963649,0.0,,deny,manual,48.00,,true,true,,,,,,,,,,,,,,,,,,,,,,,,,,,,,,,,,,,,,,,,,,,,,,,,,,,,,,,,,,,,,,,,,,,,,,,,,,,,,,,,,,lb,,,,,,,,,,,,,,,,,,,,,,,,,,,,,,,,,,,,,,,,,,,,,,,,,,,,,,,,,,,,,,,,,,,,,,,,,,,,,,,,,,,,,,,,,,,,,,,,,,,,,,,,,
a-cross-stitch-black-embroidered-icon,A Cross Stitch Black Embroidered Icon,"",Abbode Embroidery Design,Product Add-Ons > Product Customization,Embroidery Design,"hidden, icon, instant_exclude, revoq-no-withdrawal, webster-live",true,Size,Small,,,,,,,,ICON-45923674095873,0.0,,deny,manual,24.00,,true,true,,,,,,https://cdn.shopify.com/s/files/1/0321/4956/9675/files/A_Crossstitch_BLACK.png?v=1779839406,1,"",false,,,,,,,,,,,,,,,,,ICON-CU,,,,,,,,,,,,,,,,,,,,'1,,,,,,,,,,,,,,,,,,,,,,,,,,,,,,,,,,,,lb,,,false,,,false,,,false,,,false,,,false,,,false,,,false,,,false,,,false,,,false,,,false,,,false,,,false,,,false,,,false,,,false,,,false,,,false,,,false,,,false,,,false,,,false,,,false,,,false,,,false,,,false,,,false,,,false,,,false,,,false,,,false,,,false,,,false,,,false,,,active
a-cross-stitch-black-embroidered-icon,,,,,,,,,Medium,,,,,,,,ICON-45923674128641,0.0,,deny,manual,24.00,,true,true,,,,,,,,,,,,,,,,,,,,,,,,,,,,,,,,,,,,,,,,,,,,,,,,,,,,,,,,,,,,,,,,,,,,,,,,,,,,,,,,,,lb,,,,,,,,,,,,,,,,,,,,,,,,,,,,,,,,,,,,,,,,,,,,,,,,,,,,,,,,,,,,,,,,,,,,,,,,,,,,,,,,,,,,,,,,,,,,,,,,,,,,,,,,,
a-cross-stitch-black-embroidered-icon,,,,,,,,,Large,,,,,,,,ICON-45923674161409,0.0,,deny,manual,48.00,,true,true,,,,,,,,,,,,,,,,,,,,,,,,,,,,,,,,,,,,,,,,,,,,,,,,,,,,,,,,,,,,,,,,,,,,,,,,,,,,,,,,,,lb,,,,,,,,,,,,,,,,,,,,,,,,,,,,,,,,,,,,,,,,,,,,,,,,,,,,,,,,,,,,,,,,,,,,,,,,,,,,,,,,,,,,,,,,,,,,,,,,,,,,,,,,,
9-cross-stitch-red-embroidered-icon,9 Cross Stitch Red Embroidered Icon,"",Abbode Embroidery Design,Product Add-Ons > Product Customization,Embroidery Design,"hidden, icon, instant_exclude, revoq-no-withdrawal, webster-live",true,Size,Small,,,,,,,,ICON-45923667149057,0.0,,deny,manual,24.00,,true,true,,,,,,https://cdn.shopify.com/s/files/1/0321/4956/9675/files/9_Crossstitch_RED.png?v=1779839406,1,"",false,,,,,,,,,,,,,,,,,ICON-CU,,,,,,,,,,,,,,,,,,,,'1,,,,,,,,,,,,,,,,,,,,,,,,,,,,,,,,,,,,lb,,,false,,,false,,,false,,,false,,,false,,,false,,,false,,,false,,,false,,,false,,,false,,,false,,,false,,,false,,,false,,,false,,,false,,,false,,,false,,,false,,,false,,,false,,,false,,,false,,,false,,,false,,,false,,,false,,,false,,,false,,,false,,,false,,,false,,,false,,,active
9-cross-stitch-red-embroidered-icon,,,,,,,,,Medium,,,,,,,,ICON-45923667181825,0.0,,deny,manual,24.00,,true,true,,,,,,,,,,,,,,,,,,,,,,,,,,,,,,,,,,,,,,,,,,,,,,,,,,,,,,,,,,,,,,,,,,,,,,,,,,,,,,,,,,lb,,,,,,,,,,,,,,,,,,,,,,,,,,,,,,,,,,,,,,,,,,,,,,,,,,,,,,,,,,,,,,,,,,,,,,,,,,,,,,,,,,,,,,,,,,,,,,,,,,,,,,,,,
9-cross-stitch-red-embroidered-icon,,,,,,,,,Large,,,,,,,,ICON-45923667214593,0.0,,deny,manual,48.00,,true,true,,,,,,,,,,,,,,,,,,,,,,,,,,,,,,,,,,,,,,,,,,,,,,,,,,,,,,,,,,,,,,,,,,,,,,,,,,,,,,,,,,lb,,,,,,,,,,,,,,,,,,,,,,,,,,,,,,,,,,,,,,,,,,,,,,,,,,,,,,,,,,,,,,,,,,,,,,,,,,,,,,,,,,,,,,,,,,,,,,,,,,,,,,,,,
8-cross-stitch-red-embroidered-icon,8 Cross Stitch Red Embroidered Icon,"",Abbode Embroidery Design,Product Add-Ons > Product Customization,Embroidery Design,"hidden, icon, instant_exclude, revoq-no-withdrawal, webster-live",true,Size,Small,,,,,,,,ICON-45923666592001,0.0,,deny,manual,24.00,,true,true,,,,,,https://cdn.shopify.com/s/files/1/0321/4956/9675/files/8_Crossstitch_RED.png?v=1779839406,1,"",false,,,,,,,,,,,,,,,,,ICON-CU,,,,,,,,,,,,,,,,,,,,'1,,,,,,,,,,,,,,,,,,,,,,,,,,,,,,,,,,,,lb,,,false,,,false,,,false,,,false,,,false,,,false,,,false,,,false,,,false,,,false,,,false,,,false,,,false,,,false,,,false,,,false,,,false,,,false,,,false,,,false,,,false,,,false,,,false,,,false,,,false,,,false,,,false,,,false,,,false,,,false,,,false,,,false,,,false,,,false,,,active
8-cross-stitch-red-embroidered-icon,,,,,,,,,Medium,,,,,,,,ICON-45923666624769,0.0,,deny,manual,24.00,,true,true,,,,,,,,,,,,,,,,,,,,,,,,,,,,,,,,,,,,,,,,,,,,,,,,,,,,,,,,,,,,,,,,,,,,,,,,,,,,,,,,,,lb,,,,,,,,,,,,,,,,,,,,,,,,,,,,,,,,,,,,,,,,,,,,,,,,,,,,,,,,,,,,,,,,,,,,,,,,,,,,,,,,,,,,,,,,,,,,,,,,,,,,,,,,,
8-cross-stitch-red-embroidered-icon,,,,,,,,,Large,,,,,,,,ICON-45923666657537,0.0,,deny,manual,48.00,,true,true,,,,,,,,,,,,,,,,,,,,,,,,,,,,,,,,,,,,,,,,,,,,,,,,,,,,,,,,,,,,,,,,,,,,,,,,,,,,,,,,,,lb,,,,,,,,,,,,,,,,,,,,,,,,,,,,,,,,,,,,,,,,,,,,,,,,,,,,,,,,,,,,,,,,,,,,,,,,,,,,,,,,,,,,,,,,,,,,,,,,,,,,,,,,,
7-cross-stitch-red-embroidered-icon,7 Cross Stitch Red Embroidered Icon,"",Abbode Embroidery Design,Product Add-Ons > Product Customization,Embroidery Design,"hidden, icon, instant_exclude, revoq-no-withdrawal, webster-live",true,Size,Small,,,,,,,,ICON-45923666362625,0.0,,deny,manual,24.00,,true,true,,,,,,https://cdn.shopify.com/s/files/1/0321/4956/9675/files/7_Crossstitch_RED.png?v=1779839406,1,"",false,,,,,,,,,,,,,,,,,ICON-CU,,,,,,,,,,,,,,,,,,,,'1,,,,,,,,,,,,,,,,,,,,,,,,,,,,,,,,,,,,lb,,,false,,,false,,,false,,,false,,,false,,,false,,,false,,,false,,,false,,,false,,,false,,,false,,,false,,,false,,,false,,,false,,,false,,,false,,,false,,,false,,,false,,,false,,,false,,,false,,,false,,,false,,,false,,,false,,,false,,,false,,,false,,,false,,,false,,,false,,,active
7-cross-stitch-red-embroidered-icon,,,,,,,,,Medium,,,,,,,,ICON-45923666395393,0.0,,deny,manual,24.00,,true,true,,,,,,,,,,,,,,,,,,,,,,,,,,,,,,,,,,,,,,,,,,,,,,,,,,,,,,,,,,,,,,,,,,,,,,,,,,,,,,,,,,lb,,,,,,,,,,,,,,,,,,,,,,,,,,,,,,,,,,,,,,,,,,,,,,,,,,,,,,,,,,,,,,,,,,,,,,,,,,,,,,,,,,,,,,,,,,,,,,,,,,,,,,,,,
7-cross-stitch-red-embroidered-icon,,,,,,,,,Large,,,,,,,,ICON-45923666428161,0.0,,deny,manual,48.00,,true,true,,,,,,,,,,,,,,,,,,,,,,,,,,,,,,,,,,,,,,,,,,,,,,,,,,,,,,,,,,,,,,,,,,,,,,,,,,,,,,,,,,lb,,,,,,,,,,,,,,,,,,,,,,,,,,,,,,,,,,,,,,,,,,,,,,,,,,,,,,,,,,,,,,,,,,,,,,,,,,,,,,,,,,,,,,,,,,,,,,,,,,,,,,,,,
6-cross-stitch-red-embroidered-icon,6 Cross Stitch Red Embroidered Icon,"",Abbode Embroidery Design,Product Add-Ons > Product Customization,Embroidery Design,"hidden, icon, instant_exclude, revoq-no-withdrawal, webster-live",true,Size,Small,,,,,,,,ICON-45923664986369,0.0,,deny,manual,24.00,,true,true,,,,,,https://cdn.shopify.com/s/files/1/0321/4956/9675/files/6_Crossstitch_RED.png?v=1779839406,1,"",false,,,,,,,,,,,,,,,,,ICON-CU,,,,,,,,,,,,,,,,,,,,'1,,,,,,,,,,,,,,,,,,,,,,,,,,,,,,,,,,,,lb,,,false,,,false,,,false,,,false,,,false,,,false,,,false,,,false,,,false,,,false,,,false,,,false,,,false,,,false,,,false,,,false,,,false,,,false,,,false,,,false,,,false,,,false,,,false,,,false,,,false,,,false,,,false,,,false,,,false,,,false,,,false,,,false,,,false,,,false,,,active
6-cross-stitch-red-embroidered-icon,,,,,,,,,Medium,,,,,,,,ICON-45923665019137,0.0,,deny,manual,24.00,,true,true,,,,,,,,,,,,,,,,,,,,,,,,,,,,,,,,,,,,,,,,,,,,,,,,,,,,,,,,,,,,,,,,,,,,,,,,,,,,,,,,,,lb,,,,,,,,,,,,,,,,,,,,,,,,,,,,,,,,,,,,,,,,,,,,,,,,,,,,,,,,,,,,,,,,,,,,,,,,,,,,,,,,,,,,,,,,,,,,,,,,,,,,,,,,,
6-cross-stitch-red-embroidered-icon,,,,,,,,,Large,,,,,,,,ICON-45923665051905,0.0,,deny,manual,48.00,,true,true,,,,,,,,,,,,,,,,,,,,,,,,,,,,,,,,,,,,,,,,,,,,,,,,,,,,,,,,,,,,,,,,,,,,,,,,,,,,,,,,,,lb,,,,,,,,,,,,,,,,,,,,,,,,,,,,,,,,,,,,,,,,,,,,,,,,,,,,,,,,,,,,,,,,,,,,,,,,,,,,,,,,,,,,,,,,,,,,,,,,,,,,,,,,,
5-cross-stitch-red-embroidered-icon,5 Cross Stitch Red Embroidered Icon,"",Abbode Embroidery Design,Product Add-Ons > Product Customization,Embroidery Design,"hidden, icon, instant_exclude, revoq-no-withdrawal, webster-live",true,Size,Small,,,,,,,,ICON-45923664855297,0.0,,deny,manual,24.00,,true,true,,,,,,https://cdn.shopify.com/s/files/1/0321/4956/9675/files/5_Crossstitch_RED.png?v=1779839407,1,"",false,,,,,,,,,,,,,,,,,ICON-CU,,,,,,,,,,,,,,,,,,,,'1,,,,,,,,,,,,,,,,,,,,,,,,,,,,,,,,,,,,lb,,,false,,,false,,,false,,,false,,,false,,,false,,,false,,,false,,,false,,,false,,,false,,,false,,,false,,,false,,,false,,,false,,,false,,,false,,,false,,,false,,,false,,,false,,,false,,,false,,,false,,,false,,,false,,,false,,,false,,,false,,,false,,,false,,,false,,,false,,,active
5-cross-stitch-red-embroidered-icon,,,,,,,,,Medium,,,,,,,,ICON-45923664888065,0.0,,deny,manual,24.00,,true,true,,,,,,,,,,,,,,,,,,,,,,,,,,,,,,,,,,,,,,,,,,,,,,,,,,,,,,,,,,,,,,,,,,,,,,,,,,,,,,,,,,lb,,,,,,,,,,,,,,,,,,,,,,,,,,,,,,,,,,,,,,,,,,,,,,,,,,,,,,,,,,,,,,,,,,,,,,,,,,,,,,,,,,,,,,,,,,,,,,,,,,,,,,,,,
5-cross-stitch-red-embroidered-icon,,,,,,,,,Large,,,,,,,,ICON-45923664920833,0.0,,deny,manual,48.00,,true,true,,,,,,,,,,,,,,,,,,,,,,,,,,,,,,,,,,,,,,,,,,,,,,,,,,,,,,,,,,,,,,,,,,,,,,,,,,,,,,,,,,lb,,,,,,,,,,,,,,,,,,,,,,,,,,,,,,,,,,,,,,,,,,,,,,,,,,,,,,,,,,,,,,,,,,,,,,,,,,,,,,,,,,,,,,,,,,,,,,,,,,,,,,,,,
4-cross-stitch-red-embroidered-icon,4 Cross Stitch Red Embroidered Icon,"",Abbode Embroidery Design,Product Add-Ons > Product Customization,Embroidery Design,"hidden, icon, instant_exclude, revoq-no-withdrawal, webster-live",true,Size,Small,,,,,,,,ICON-45923664527617,0.0,,deny,manual,24.00,,true,true,,,,,,https://cdn.shopify.com/s/files/1/0321/4956/9675/files/4_Crossstitch_RED.png?v=1779839407,1,"",false,,,,,,,,,,,,,,,,,ICON-CU,,,,,,,,,,,,,,,,,,,,'1,,,,,,,,,,,,,,,,,,,,,,,,,,,,,,,,,,,,lb,,,false,,,false,,,false,,,false,,,false,,,false,,,false,,,false,,,false,,,false,,,false,,,false,,,false,,,false,,,false,,,false,,,false,,,false,,,false,,,false,,,false,,,false,,,false,,,false,,,false,,,false,,,false,,,false,,,false,,,false,,,false,,,false,,,false,,,false,,,active
4-cross-stitch-red-embroidered-icon,,,,,,,,,Medium,,,,,,,,ICON-45923664560385,0.0,,deny,manual,24.00,,true,true,,,,,,,,,,,,,,,,,,,,,,,,,,,,,,,,,,,,,,,,,,,,,,,,,,,,,,,,,,,,,,,,,,,,,,,,,,,,,,,,,,lb,,,,,,,,,,,,,,,,,,,,,,,,,,,,,,,,,,,,,,,,,,,,,,,,,,,,,,,,,,,,,,,,,,,,,,,,,,,,,,,,,,,,,,,,,,,,,,,,,,,,,,,,,
4-cross-stitch-red-embroidered-icon,,,,,,,,,Large,,,,,,,,ICON-45923664593153,0.0,,deny,manual,48.00,,true,true,,,,,,,,,,,,,,,,,,,,,,,,,,,,,,,,,,,,,,,,,,,,,,,,,,,,,,,,,,,,,,,,,,,,,,,,,,,,,,,,,,lb,,,,,,,,,,,,,,,,,,,,,,,,,,,,,,,,,,,,,,,,,,,,,,,,,,,,,,,,,,,,,,,,,,,,,,,,,,,,,,,,,,,,,,,,,,,,,,,,,,,,,,,,,
3-cross-stitch-red-embroidered-icon,3 Cross Stitch Red Embroidered Icon,"",Abbode Embroidery Design,Product Add-Ons > Product Customization,Embroidery Design,"hidden, icon, instant_exclude, revoq-no-withdrawal, webster-live",true,Size,Small,,,,,,,,ICON-45923664232705,0.0,,deny,manual,24.00,,true,true,,,,,,https://cdn.shopify.com/s/files/1/0321/4956/9675/files/3_Crossstitch_RED.png?v=1779839406,1,"",false,,,,,,,,,,,,,,,,,ICON-CU,,,,,,,,,,,,,,,,,,,,'1,,,,,,,,,,,,,,,,,,,,,,,,,,,,,,,,,,,,lb,,,false,,,false,,,false,,,false,,,false,,,false,,,false,,,false,,,false,,,false,,,false,,,false,,,false,,,false,,,false,,,false,,,false,,,false,,,false,,,false,,,false,,,false,,,false,,,false,,,false,,,false,,,false,,,false,,,false,,,false,,,false,,,false,,,false,,,false,,,active
3-cross-stitch-red-embroidered-icon,,,,,,,,,Medium,,,,,,,,ICON-45923664265473,0.0,,deny,manual,24.00,,true,true,,,,,,,,,,,,,,,,,,,,,,,,,,,,,,,,,,,,,,,,,,,,,,,,,,,,,,,,,,,,,,,,,,,,,,,,,,,,,,,,,,lb,,,,,,,,,,,,,,,,,,,,,,,,,,,,,,,,,,,,,,,,,,,,,,,,,,,,,,,,,,,,,,,,,,,,,,,,,,,,,,,,,,,,,,,,,,,,,,,,,,,,,,,,,
3-cross-stitch-red-embroidered-icon,,,,,,,,,Large,,,,,,,,ICON-45923664298241,0.0,,deny,manual,48.00,,true,true,,,,,,,,,,,,,,,,,,,,,,,,,,,,,,,,,,,,,,,,,,,,,,,,,,,,,,,,,,,,,,,,,,,,,,,,,,,,,,,,,,lb,,,,,,,,,,,,,,,,,,,,,,,,,,,,,,,,,,,,,,,,,,,,,,,,,,,,,,,,,,,,,,,,,,,,,,,,,,,,,,,,,,,,,,,,,,,,,,,,,,,,,,,,,
2-cross-stitch-red-embroidered-icon,2 Cross Stitch Red Embroidered Icon,"",Abbode Embroidery Design,Product Add-Ons > Product Customization,Embroidery Design,"hidden, icon, instant_exclude, revoq-no-withdrawal, webster-live",true,Size,Small,,,,,,,,ICON-45923664068865,0.0,,deny,manual,24.00,,true,true,,,,,,https://cdn.shopify.com/s/files/1/0321/4956/9675/files/2_Crossstitch_RED.png?v=1779839407,1,"",false,,,,,,,,,,,,,,,,,ICON-CU,,,,,,,,,,,,,,,,,,,,'1,,,,,,,,,,,,,,,,,,,,,,,,,,,,,,,,,,,,lb,,,false,,,false,,,false,,,false,,,false,,,false,,,false,,,false,,,false,,,false,,,false,,,false,,,false,,,false,,,false,,,false,,,false,,,false,,,false,,,false,,,false,,,false,,,false,,,false,,,false,,,false,,,false,,,false,,,false,,,false,,,false,,,false,,,false,,,false,,,active
2-cross-stitch-red-embroidered-icon,,,,,,,,,Medium,,,,,,,,ICON-45923664101633,0.0,,deny,manual,24.00,,true,true,,,,,,,,,,,,,,,,,,,,,,,,,,,,,,,,,,,,,,,,,,,,,,,,,,,,,,,,,,,,,,,,,,,,,,,,,,,,,,,,,,lb,,,,,,,,,,,,,,,,,,,,,,,,,,,,,,,,,,,,,,,,,,,,,,,,,,,,,,,,,,,,,,,,,,,,,,,,,,,,,,,,,,,,,,,,,,,,,,,,,,,,,,,,,
2-cross-stitch-red-embroidered-icon,,,,,,,,,Large,,,,,,,,ICON-45923664134401,0.0,,deny,manual,48.00,,true,true,,,,,,,,,,,,,,,,,,,,,,,,,,,,,,,,,,,,,,,,,,,,,,,,,,,,,,,,,,,,,,,,,,,,,,,,,,,,,,,,,,lb,,,,,,,,,,,,,,,,,,,,,,,,,,,,,,,,,,,,,,,,,,,,,,,,,,,,,,,,,,,,,,,,,,,,,,,,,,,,,,,,,,,,,,,,,,,,,,,,,,,,,,,,,
1-cross-stitch-red-embroidered-icon,1 Cross Stitch Red Embroidered Icon,"",Abbode Embroidery Design,Product Add-Ons > Product Customization,Embroidery Design,"hidden, icon, instant_exclude, revoq-no-withdrawal, webster-live",true,Size,Small,,,,,,,,ICON-45923663675649,0.0,,deny,manual,24.00,,true,true,,,,,,https://cdn.shopify.com/s/files/1/0321/4956/9675/files/1_Crossstitch_RED.png?v=1779839406,1,"",false,,,,,,,,,,,,,,,,,ICON-CU,,,,,,,,,,,,TRUE,,,,,,,,'1,,,,,,,,,,,,,,,,,,,,,,,,,,,,,,,,,,,,lb,,,false,,,false,,,false,,,false,,,false,,,false,,,false,,,false,,,false,,,false,,,false,,,false,,,false,,,false,,,false,,,false,,,false,,,false,,,false,,,false,,,false,,,false,,,false,,,false,,,false,,,false,,,false,,,false,,,false,,,false,,,false,,,false,,,false,,,false,,,active
1-cross-stitch-red-embroidered-icon,,,,,,,,,Medium,,,,,,,,ICON-45923663708417,0.0,,deny,manual,24.00,,true,true,,,,,,,,,,,,,,,,,,,,,,,,,,,,,,,,,,,,,,,,,,,,,,,,,,,,,,,,,,,,,,,,,,,,,,,,,,,,,,,,,,lb,,,,,,,,,,,,,,,,,,,,,,,,,,,,,,,,,,,,,,,,,,,,,,,,,,,,,,,,,,,,,,,,,,,,,,,,,,,,,,,,,,,,,,,,,,,,,,,,,,,,,,,,,
1-cross-stitch-red-embroidered-icon,,,,,,,,,Large,,,,,,,,ICON-45923663741185,0.0,,deny,manual,48.00,,true,true,,,,,,,,,,,,,,,,,,,,,,,,,,,,,,,,,,,,,,,,,,,,,,,,,,,,,,,,,,,,,,,,,,,,,,,,,,,,,,,,,,lb,,,,,,,,,,,,,,,,,,,,,,,,,,,,,,,,,,,,,,,,,,,,,,,,,,,,,,,,,,,,,,,,,,,,,,,,,,,,,,,,,,,,,,,,,,,,,,,,,,,,,,,,,
0-cross-stitch-red-embroidered-icon,0 Cross Stitch Red Embroidered Icon,"",Abbode Embroidery Design,Product Add-Ons > Product Customization,Embroidery Design,"hidden, icon, instant_exclude, revoq-no-withdrawal, webster-live",true,Size,Small,,,,,,,,ICON-45923663446273,0.0,,deny,manual,24.00,,true,true,,,,,,https://cdn.shopify.com/s/files/1/0321/4956/9675/files/0_Crossstitch_RED.png?v=1779839407,1,"",false,,,,,,,,,,,,,,,,,ICON-CU,,,,,,,,,,,,TRUE,,,,,,,,'1,,,,,,,,,,,,,,,,,,,,,,,,,,,,,,,,,,,,lb,,,false,,,false,,,false,,,false,,,false,,,false,,,false,,,false,,,false,,,false,,,false,,,false,,,false,,,false,,,false,,,false,,,false,,,false,,,false,,,false,,,false,,,false,,,false,,,false,,,false,,,false,,,false,,,false,,,false,,,false,,,false,,,false,,,false,,,false,,,active
0-cross-stitch-red-embroidered-icon,,,,,,,,,Medium,,,,,,,,ICON-45923663479041,0.0,,deny,manual,24.00,,true,true,,,,,,,,,,,,,,,,,,,,,,,,,,,,,,,,,,,,,,,,,,,,,,,,,,,,,,,,,,,,,,,,,,,,,,,,,,,,,,,,,,lb,,,,,,,,,,,,,,,,,,,,,,,,,,,,,,,,,,,,,,,,,,,,,,,,,,,,,,,,,,,,,,,,,,,,,,,,,,,,,,,,,,,,,,,,,,,,,,,,,,,,,,,,,
0-cross-stitch-red-embroidered-icon,,,,,,,,,Large,,,,,,,,ICON-45923663511809,0.0,,deny,manual,48.00,,true,true,,,,,,,,,,,,,,,,,,,,,,,,,,,,,,,,,,,,,,,,,,,,,,,,,,,,,,,,,,,,,,,,,,,,,,,,,,,,,,,,,,lb,,,,,,,,,,,,,,,,,,,,,,,,,,,,,,,,,,,,,,,,,,,,,,,,,,,,,,,,,,,,,,,,,,,,,,,,,,,,,,,,,,,,,,,,,,,,,,,,,,,,,,,,,
z-cross-stitch-red-embroidered-icon,Z Cross Stitch Red Embroidered Icon,"",Abbode Embroidery Design,Product Add-Ons > Product Customization,Embroidery Design,"hidden, icon, instant_exclude, revoq-no-withdrawal, webster-live",true,Size,Small,,,,,,,,ICON-45923663053057,0.0,,deny,manual,24.00,,true,true,,,,,,https://cdn.shopify.com/s/files/1/0321/4956/9675/files/Z_Crossstitch_RED.png?v=1779839407,1,"",false,,,,,,,,,,,,,,,,,ICON-CU,,,,,,,,,,,,,,,,,,,,'1,,,,,,,,,,,,,,,,,,,,,,,,,,,,,,,,,,,,lb,,,false,,,false,,,false,,,false,,,false,,,false,,,false,,,false,,,false,,,false,,,false,,,false,,,false,,,false,,,false,,,false,,,false,,,false,,,false,,,false,,,false,,,false,,,false,,,false,,,false,,,false,,,false,,,false,,,false,,,false,,,false,,,false,,,false,,,false,,,active
z-cross-stitch-red-embroidered-icon,,,,,,,,,Medium,,,,,,,,ICON-45923663085825,0.0,,deny,manual,24.00,,true,true,,,,,,,,,,,,,,,,,,,,,,,,,,,,,,,,,,,,,,,,,,,,,,,,,,,,,,,,,,,,,,,,,,,,,,,,,,,,,,,,,,lb,,,,,,,,,,,,,,,,,,,,,,,,,,,,,,,,,,,,,,,,,,,,,,,,,,,,,,,,,,,,,,,,,,,,,,,,,,,,,,,,,,,,,,,,,,,,,,,,,,,,,,,,,
z-cross-stitch-red-embroidered-icon,,,,,,,,,Large,,,,,,,,ICON-45923663118593,0.0,,deny,manual,48.00,,true,true,,,,,,,,,,,,,,,,,,,,,,,,,,,,,,,,,,,,,,,,,,,,,,,,,,,,,,,,,,,,,,,,,,,,,,,,,,,,,,,,,,lb,,,,,,,,,,,,,,,,,,,,,,,,,,,,,,,,,,,,,,,,,,,,,,,,,,,,,,,,,,,,,,,,,,,,,,,,,,,,,,,,,,,,,,,,,,,,,,,,,,,,,,,,,
y-cross-stitch-red-embroidered-icon,Y Cross Stitch Red Embroidered Icon,"",Abbode Embroidery Design,Product Add-Ons > Product Customization,Embroidery Design,"hidden, icon, instant_exclude, revoq-no-withdrawal, webster-live",true,Size,Small,,,,,,,,ICON-45923659743489,0.0,,deny,manual,24.00,,true,true,,,,,,https://cdn.shopify.com/s/files/1/0321/4956/9675/files/Y_Crossstitch_RED.png?v=1779839407,1,"",false,,,,,,,,,,,,,,,,,ICON-CU,,,,,,,,,,,,,,,,,,,,'1,,,,,,,,,,,,,,,,,,,,,,,,,,,,,,,,,,,,lb,,,false,,,false,,,false,,,false,,,false,,,false,,,false,,,false,,,false,,,false,,,false,,,false,,,false,,,false,,,false,,,false,,,false,,,false,,,false,,,false,,,false,,,false,,,false,,,false,,,false,,,false,,,false,,,false,,,false,,,false,,,false,,,false,,,false,,,false,,,active
y-cross-stitch-red-embroidered-icon,,,,,,,,,Medium,,,,,,,,ICON-45923659776257,0.0,,deny,manual,24.00,,true,true,,,,,,,,,,,,,,,,,,,,,,,,,,,,,,,,,,,,,,,,,,,,,,,,,,,,,,,,,,,,,,,,,,,,,,,,,,,,,,,,,,lb,,,,,,,,,,,,,,,,,,,,,,,,,,,,,,,,,,,,,,,,,,,,,,,,,,,,,,,,,,,,,,,,,,,,,,,,,,,,,,,,,,,,,,,,,,,,,,,,,,,,,,,,,
y-cross-stitch-red-embroidered-icon,,,,,,,,,Large,,,,,,,,ICON-45923659809025,0.0,,deny,manual,48.00,,true,true,,,,,,,,,,,,,,,,,,,,,,,,,,,,,,,,,,,,,,,,,,,,,,,,,,,,,,,,,,,,,,,,,,,,,,,,,,,,,,,,,,lb,,,,,,,,,,,,,,,,,,,,,,,,,,,,,,,,,,,,,,,,,,,,,,,,,,,,,,,,,,,,,,,,,,,,,,,,,,,,,,,,,,,,,,,,,,,,,,,,,,,,,,,,,
x-cross-stitch-red-embroidered-icon,X Cross Stitch Red Embroidered Icon,"",Abbode Embroidery Design,Product Add-Ons > Product Customization,Embroidery Design,"hidden, icon, instant_exclude, revoq-no-withdrawal, webster-live",true,Size,Small,,,,,,,,ICON-45923658989825,0.0,,deny,manual,24.00,,true,true,,,,,,https://cdn.shopify.com/s/files/1/0321/4956/9675/files/X_Crossstitch_RED.png?v=1779839407,1,"",false,,,,,,,,,,,,,,,,,ICON-CU,,,,,,,,,,,,,,,,,,,,'1,,,,,,,,,,,,,,,,,,,,,,,,,,,,,,,,,,,,lb,,,false,,,false,,,false,,,false,,,false,,,false,,,false,,,false,,,false,,,false,,,false,,,false,,,false,,,false,,,false,,,false,,,false,,,false,,,false,,,false,,,false,,,false,,,false,,,false,,,false,,,false,,,false,,,false,,,false,,,false,,,false,,,false,,,false,,,false,,,active
x-cross-stitch-red-embroidered-icon,,,,,,,,,Medium,,,,,,,,ICON-45923659022593,0.0,,deny,manual,24.00,,true,true,,,,,,,,,,,,,,,,,,,,,,,,,,,,,,,,,,,,,,,,,,,,,,,,,,,,,,,,,,,,,,,,,,,,,,,,,,,,,,,,,,lb,,,,,,,,,,,,,,,,,,,,,,,,,,,,,,,,,,,,,,,,,,,,,,,,,,,,,,,,,,,,,,,,,,,,,,,,,,,,,,,,,,,,,,,,,,,,,,,,,,,,,,,,,
x-cross-stitch-red-embroidered-icon,,,,,,,,,Large,,,,,,,,ICON-45923659055361,0.0,,deny,manual,24.00,,true,true,,,,,,,,,,,,,,,,,,,,,,,,,,,,,,,,,,,,,,,,,,,,,,,,,,,,,,,,,,,,,,,,,,,,,,,,,,,,,,,,,,lb,,,,,,,,,,,,,,,,,,,,,,,,,,,,,,,,,,,,,,,,,,,,,,,,,,,,,,,,,,,,,,,,,,,,,,,,,,,,,,,,,,,,,,,,,,,,,,,,,,,,,,,,,
w-cross-stitch-red-embroidered-icon,W Cross Stitch Red Embroidered Icon,"",Abbode Embroidery Design,Product Add-Ons > Product Customization,Embroidery Design,"hidden, icon, instant_exclude, revoq-no-withdrawal, webster-live",true,Size,Small,,,,,,,,ICON-45923658793217,0.0,,deny,manual,24.00,,true,true,,,,,,https://cdn.shopify.com/s/files/1/0321/4956/9675/files/W_Crossstitch_RED.png?v=1779839407,1,"",false,,,,,,,,,,,,,,,,,ICON-CU,,,,,,,,,,,,,,,,,,,,'1,,,,,,,,,,,,,,,,,,,,,,,,,,,,,,,,,,,,lb,,,false,,,false,,,false,,,false,,,false,,,false,,,false,,,false,,,false,,,false,,,false,,,false,,,false,,,false,,,false,,,false,,,false,,,false,,,false,,,false,,,false,,,false,,,false,,,false,,,false,,,false,,,false,,,false,,,false,,,false,,,false,,,false,,,false,,,false,,,active
w-cross-stitch-red-embroidered-icon,,,,,,,,,Medium,,,,,,,,ICON-45923658825985,0.0,,deny,manual,24.00,,true,true,,,,,,,,,,,,,,,,,,,,,,,,,,,,,,,,,,,,,,,,,,,,,,,,,,,,,,,,,,,,,,,,,,,,,,,,,,,,,,,,,,lb,,,,,,,,,,,,,,,,,,,,,,,,,,,,,,,,,,,,,,,,,,,,,,,,,,,,,,,,,,,,,,,,,,,,,,,,,,,,,,,,,,,,,,,,,,,,,,,,,,,,,,,,,
w-cross-stitch-red-embroidered-icon,,,,,,,,,Large,,,,,,,,ICON-45923658858753,0.0,,deny,manual,48.00,,true,true,,,,,,,,,,,,,,,,,,,,,,,,,,,,,,,,,,,,,,,,,,,,,,,,,,,,,,,,,,,,,,,,,,,,,,,,,,,,,,,,,,lb,,,,,,,,,,,,,,,,,,,,,,,,,,,,,,,,,,,,,,,,,,,,,,,,,,,,,,,,,,,,,,,,,,,,,,,,,,,,,,,,,,,,,,,,,,,,,,,,,,,,,,,,,
v-cross-stitch-red-embroidered-icon,V Cross Stitch Red Embroidered Icon,"",Abbode Embroidery Design,Product Add-Ons > Product Customization,Embroidery Design,"hidden, icon, instant_exclude, revoq-no-withdrawal, webster-live",true,Size,Small,,,,,,,,ICON-45923658465537,0.0,,deny,manual,24.00,,true,true,,,,,,https://cdn.shopify.com/s/files/1/0321/4956/9675/files/V_Crossstitch_RED.png?v=1779839407,1,"",false,,,,,,,,,,,,,,,,,ICON-CU,,,,,,,,,,,,,,,,,,,,'1,,,,,,,,,,,,,,,,,,,,,,,,,,,,,,,,,,,,lb,,,false,,,false,,,false,,,false,,,false,,,false,,,false,,,false,,,false,,,false,,,false,,,false,,,false,,,false,,,false,,,false,,,false,,,false,,,false,,,false,,,false,,,false,,,false,,,false,,,false,,,false,,,false,,,false,,,false,,,false,,,false,,,false,,,false,,,false,,,active
v-cross-stitch-red-embroidered-icon,,,,,,,,,Medium,,,,,,,,ICON-45923658498305,0.0,,deny,manual,24.00,,true,true,,,,,,,,,,,,,,,,,,,,,,,,,,,,,,,,,,,,,,,,,,,,,,,,,,,,,,,,,,,,,,,,,,,,,,,,,,,,,,,,,,lb,,,,,,,,,,,,,,,,,,,,,,,,,,,,,,,,,,,,,,,,,,,,,,,,,,,,,,,,,,,,,,,,,,,,,,,,,,,,,,,,,,,,,,,,,,,,,,,,,,,,,,,,,
v-cross-stitch-red-embroidered-icon,,,,,,,,,Large,,,,,,,,ICON-45923658531073,0.0,,deny,manual,48.00,,true,true,,,,,,,,,,,,,,,,,,,,,,,,,,,,,,,,,,,,,,,,,,,,,,,,,,,,,,,,,,,,,,,,,,,,,,,,,,,,,,,,,,lb,,,,,,,,,,,,,,,,,,,,,,,,,,,,,,,,,,,,,,,,,,,,,,,,,,,,,,,,,,,,,,,,,,,,,,,,,,,,,,,,,,,,,,,,,,,,,,,,,,,,,,,,,
u-cross-stitch-red-embroidered-icon,U Cross Stitch Red Embroidered Icon,"",Abbode Embroidery Design,Product Add-Ons > Product Customization,Embroidery Design,"hidden, icon, instant_exclude, revoq-no-withdrawal, webster-live",true,Size,Small,,,,,,,,ICON-45923658072321,0.0,,deny,manual,24.00,,true,true,,,,,,https://cdn.shopify.com/s/files/1/0321/4956/9675/files/U_Crossstitch_RED.png?v=1779839407,1,"",false,,,,,,,,,,,,,,,,,ICON-CU,,,,,,,,,,,,,,,,,,,,'1,,,,,,,,,,,,,,,,,,,,,,,,,,,,,,,,,,,,lb,,,false,,,false,,,false,,,false,,,false,,,false,,,false,,,false,,,false,,,false,,,false,,,false,,,false,,,false,,,false,,,false,,,false,,,false,,,false,,,false,,,false,,,false,,,false,,,false,,,false,,,false,,,false,,,false,,,false,,,false,,,false,,,false,,,false,,,false,,,active
u-cross-stitch-red-embroidered-icon,,,,,,,,,Medium,,,,,,,,ICON-45923658105089,0.0,,deny,manual,24.00,,true,true,,,,,,,,,,,,,,,,,,,,,,,,,,,,,,,,,,,,,,,,,,,,,,,,,,,,,,,,,,,,,,,,,,,,,,,,,,,,,,,,,,lb,,,,,,,,,,,,,,,,,,,,,,,,,,,,,,,,,,,,,,,,,,,,,,,,,,,,,,,,,,,,,,,,,,,,,,,,,,,,,,,,,,,,,,,,,,,,,,,,,,,,,,,,,
u-cross-stitch-red-embroidered-icon,,,,,,,,,Large,,,,,,,,ICON-45923658137857,0.0,,deny,manual,48.00,,true,true,,,,,,,,,,,,,,,,,,,,,,,,,,,,,,,,,,,,,,,,,,,,,,,,,,,,,,,,,,,,,,,,,,,,,,,,,,,,,,,,,,lb,,,,,,,,,,,,,,,,,,,,,,,,,,,,,,,,,,,,,,,,,,,,,,,,,,,,,,,,,,,,,,,,,,,,,,,,,,,,,,,,,,,,,,,,,,,,,,,,,,,,,,,,,
t-cross-stitch-red-embroidered-icon,T Cross Stitch Red Embroidered Icon,"",Abbode Embroidery Design,Product Add-Ons > Product Customization,Embroidery Design,"hidden, icon, instant_exclude, revoq-no-withdrawal, webster-live",true,Size,Small,,,,,,,,ICON-45923657613569,0.0,,deny,manual,24.00,,true,true,,,,,,https://cdn.shopify.com/s/files/1/0321/4956/9675/files/T_Crossstitch_RED.png?v=1779839407,1,"",false,,,,,,,,,,,,,,,,,ICON-CU,,,,,,,,,,,,,,,,,,,,'1,,,,,,,,,,,,,,,,,,,,,,,,,,,,,,,,,,,,lb,,,false,,,false,,,false,,,false,,,false,,,false,,,false,,,false,,,false,,,false,,,false,,,false,,,false,,,false,,,false,,,false,,,false,,,false,,,false,,,false,,,false,,,false,,,false,,,false,,,false,,,false,,,false,,,false,,,false,,,false,,,false,,,false,,,false,,,false,,,active
t-cross-stitch-red-embroidered-icon,,,,,,,,,Medium,,,,,,,,ICON-45923657646337,0.0,,deny,manual,24.00,,true,true,,,,,,,,,,,,,,,,,,,,,,,,,,,,,,,,,,,,,,,,,,,,,,,,,,,,,,,,,,,,,,,,,,,,,,,,,,,,,,,,,,lb,,,,,,,,,,,,,,,,,,,,,,,,,,,,,,,,,,,,,,,,,,,,,,,,,,,,,,,,,,,,,,,,,,,,,,,,,,,,,,,,,,,,,,,,,,,,,,,,,,,,,,,,,
t-cross-stitch-red-embroidered-icon,,,,,,,,,Large,,,,,,,,ICON-45923657679105,0.0,,deny,manual,48.00,,true,true,,,,,,,,,,,,,,,,,,,,,,,,,,,,,,,,,,,,,,,,,,,,,,,,,,,,,,,,,,,,,,,,,,,,,,,,,,,,,,,,,,lb,,,,,,,,,,,,,,,,,,,,,,,,,,,,,,,,,,,,,,,,,,,,,,,,,,,,,,,,,,,,,,,,,,,,,,,,,,,,,,,,,,,,,,,,,,,,,,,,,,,,,,,,,
s-cross-stitch-red-embroidered-icon,S Cross Stitch Red Embroidered Icon,"",Abbode Embroidery Design,Product Add-Ons > Product Customization,Embroidery Design,"hidden, icon, instant_exclude, revoq-no-withdrawal, webster-live",true,Size,Small,,,,,,,,ICON-45923657416961,0.0,,deny,manual,24.00,,true,true,,,,,,https://cdn.shopify.com/s/files/1/0321/4956/9675/files/S_Crossstitch_RED.png?v=1779839407,1,"",false,,,,,,,,,,,,,,,,,ICON-CU,,,,,,,,,,,,,,,,,,,,'1,,,,,,,,,,,,,,,,,,,,,,,,,,,,,,,,,,,,lb,,,false,,,false,,,false,,,false,,,false,,,false,,,false,,,false,,,false,,,false,,,false,,,false,,,false,,,false,,,false,,,false,,,false,,,false,,,false,,,false,,,false,,,false,,,false,,,false,,,false,,,false,,,false,,,false,,,false,,,false,,,false,,,false,,,false,,,false,,,active
s-cross-stitch-red-embroidered-icon,,,,,,,,,Medium,,,,,,,,ICON-45923657449729,0.0,,deny,manual,24.00,,true,true,,,,,,,,,,,,,,,,,,,,,,,,,,,,,,,,,,,,,,,,,,,,,,,,,,,,,,,,,,,,,,,,,,,,,,,,,,,,,,,,,,lb,,,,,,,,,,,,,,,,,,,,,,,,,,,,,,,,,,,,,,,,,,,,,,,,,,,,,,,,,,,,,,,,,,,,,,,,,,,,,,,,,,,,,,,,,,,,,,,,,,,,,,,,,
s-cross-stitch-red-embroidered-icon,,,,,,,,,Large,,,,,,,,ICON-45923657482497,0.0,,deny,manual,48.00,,true,true,,,,,,,,,,,,,,,,,,,,,,,,,,,,,,,,,,,,,,,,,,,,,,,,,,,,,,,,,,,,,,,,,,,,,,,,,,,,,,,,,,lb,,,,,,,,,,,,,,,,,,,,,,,,,,,,,,,,,,,,,,,,,,,,,,,,,,,,,,,,,,,,,,,,,,,,,,,,,,,,,,,,,,,,,,,,,,,,,,,,,,,,,,,,,
r-cross-stitch-red-embroidered-icon,R Cross Stitch Red Embroidered Icon,"",Abbode Embroidery Design,Product Add-Ons > Product Customization,Embroidery Design,"hidden, icon, instant_exclude, revoq-no-withdrawal, webster-live",true,Size,Small,,,,,,,,ICON-45923657154817,0.0,,deny,manual,24.00,,true,true,,,,,,https://cdn.shopify.com/s/files/1/0321/4956/9675/files/R_Crossstitch_RED.png?v=1779839407,1,"",false,,,,,,,,,,,,,,,,,ICON-CU,,,,,,,,,,,,,,,,,,,,'1,,,,,,,,,,,,,,,,,,,,,,,,,,,,,,,,,,,,lb,,,false,,,false,,,false,,,false,,,false,,,false,,,false,,,false,,,false,,,false,,,false,,,false,,,false,,,false,,,false,,,false,,,false,,,false,,,false,,,false,,,false,,,false,,,false,,,false,,,false,,,false,,,false,,,false,,,false,,,false,,,false,,,false,,,false,,,false,,,active
r-cross-stitch-red-embroidered-icon,,,,,,,,,Medium,,,,,,,,ICON-45923657187585,0.0,,deny,manual,24.00,,true,true,,,,,,,,,,,,,,,,,,,,,,,,,,,,,,,,,,,,,,,,,,,,,,,,,,,,,,,,,,,,,,,,,,,,,,,,,,,,,,,,,,lb,,,,,,,,,,,,,,,,,,,,,,,,,,,,,,,,,,,,,,,,,,,,,,,,,,,,,,,,,,,,,,,,,,,,,,,,,,,,,,,,,,,,,,,,,,,,,,,,,,,,,,,,,
r-cross-stitch-red-embroidered-icon,,,,,,,,,Large,,,,,,,,ICON-45923657220353,0.0,,deny,manual,48.00,,true,true,,,,,,,,,,,,,,,,,,,,,,,,,,,,,,,,,,,,,,,,,,,,,,,,,,,,,,,,,,,,,,,,,,,,,,,,,,,,,,,,,,lb,,,,,,,,,,,,,,,,,,,,,,,,,,,,,,,,,,,,,,,,,,,,,,,,,,,,,,,,,,,,,,,,,,,,,,,,,,,,,,,,,,,,,,,,,,,,,,,,,,,,,,,,,
q-cross-stitch-red-embroidered-icon,Q Cross Stitch Red Embroidered Icon,"",Abbode Embroidery Design,Product Add-Ons > Product Customization,Embroidery Design,"hidden, icon, instant_exclude, revoq-no-withdrawal, webster-live",true,Size,Small,,,,,,,,ICON-45923656794369,0.0,,deny,manual,24.00,,true,true,,,,,,https://cdn.shopify.com/s/files/1/0321/4956/9675/files/Q_Crossstitch_RED.png?v=1779839407,1,"",false,,,,,,,,,,,,,,,,,ICON-CU,,,,,,,,,,,,,,,,,,,,'1,,,,,,,,,,,,,,,,,,,,,,,,,,,,,,,,,,,,lb,,,false,,,false,,,false,,,false,,,false,,,false,,,false,,,false,,,false,,,false,,,false,,,false,,,false,,,false,,,false,,,false,,,false,,,false,,,false,,,false,,,false,,,false,,,false,,,false,,,false,,,false,,,false,,,false,,,false,,,false,,,false,,,false,,,false,,,false,,,active
q-cross-stitch-red-embroidered-icon,,,,,,,,,Medium,,,,,,,,ICON-45923656827137,0.0,,deny,manual,24.00,,true,true,,,,,,,,,,,,,,,,,,,,,,,,,,,,,,,,,,,,,,,,,,,,,,,,,,,,,,,,,,,,,,,,,,,,,,,,,,,,,,,,,,lb,,,,,,,,,,,,,,,,,,,,,,,,,,,,,,,,,,,,,,,,,,,,,,,,,,,,,,,,,,,,,,,,,,,,,,,,,,,,,,,,,,,,,,,,,,,,,,,,,,,,,,,,,
q-cross-stitch-red-embroidered-icon,,,,,,,,,Large,,,,,,,,ICON-45923656859905,0.0,,deny,manual,48.00,,true,true,,,,,,,,,,,,,,,,,,,,,,,,,,,,,,,,,,,,,,,,,,,,,,,,,,,,,,,,,,,,,,,,,,,,,,,,,,,,,,,,,,lb,,,,,,,,,,,,,,,,,,,,,,,,,,,,,,,,,,,,,,,,,,,,,,,,,,,,,,,,,,,,,,,,,,,,,,,,,,,,,,,,,,,,,,,,,,,,,,,,,,,,,,,,,
p-cross-stitch-red-embroidered-icon,P Cross Stitch Red Embroidered Icon,"",Abbode Embroidery Design,Product Add-Ons > Product Customization,Embroidery Design,"hidden, icon, instant_exclude, revoq-no-withdrawal, webster-live",true,Size,Small,,,,,,,,ICON-45923655680257,0.0,,deny,manual,24.00,,true,true,,,,,,https://cdn.shopify.com/s/files/1/0321/4956/9675/files/P_Crossstitch_RED.png?v=1779839407,1,"",false,,,,,,,,,,,,,,,,,ICON-CU,,,,,,,,,,,,,,,,,,,,'1,,,,,,,,,,,,,,,,,,,,,,,,,,,,,,,,,,,,lb,,,false,,,false,,,false,,,false,,,false,,,false,,,false,,,false,,,false,,,false,,,false,,,false,,,false,,,false,,,false,,,false,,,false,,,false,,,false,,,false,,,false,,,false,,,false,,,false,,,false,,,false,,,false,,,false,,,false,,,false,,,false,,,false,,,false,,,false,,,active
p-cross-stitch-red-embroidered-icon,,,,,,,,,Medium,,,,,,,,ICON-45923655713025,0.0,,deny,manual,24.00,,true,true,,,,,,,,,,,,,,,,,,,,,,,,,,,,,,,,,,,,,,,,,,,,,,,,,,,,,,,,,,,,,,,,,,,,,,,,,,,,,,,,,,lb,,,,,,,,,,,,,,,,,,,,,,,,,,,,,,,,,,,,,,,,,,,,,,,,,,,,,,,,,,,,,,,,,,,,,,,,,,,,,,,,,,,,,,,,,,,,,,,,,,,,,,,,,
p-cross-stitch-red-embroidered-icon,,,,,,,,,Large,,,,,,,,ICON-45923655745793,0.0,,deny,manual,48.00,,true,true,,,,,,,,,,,,,,,,,,,,,,,,,,,,,,,,,,,,,,,,,,,,,,,,,,,,,,,,,,,,,,,,,,,,,,,,,,,,,,,,,,lb,,,,,,,,,,,,,,,,,,,,,,,,,,,,,,,,,,,,,,,,,,,,,,,,,,,,,,,,,,,,,,,,,,,,,,,,,,,,,,,,,,,,,,,,,,,,,,,,,,,,,,,,,
o-cross-stitch-red-embroidered-icon,O Cross Stitch Red Embroidered Icon,"",Abbode Embroidery Design,Product Add-Ons > Product Customization,Embroidery Design,"hidden, icon, instant_exclude, revoq-no-withdrawal, webster-live",true,Size,Small,,,,,,,,ICON-45923654467841,0.0,,deny,manual,24.00,,true,true,,,,,,https://cdn.shopify.com/s/files/1/0321/4956/9675/files/O_Crossstitch_RED.png?v=1779839407,1,"",false,,,,,,,,,,,,,,,,,ICON-CU,,,,,,,,,,,,,,,,,,,,'1,,,,,,,,,,,,,,,,,,,,,,,,,,,,,,,,,,,,lb,,,false,,,false,,,false,,,false,,,false,,,false,,,false,,,false,,,false,,,false,,,false,,,false,,,false,,,false,,,false,,,false,,,false,,,false,,,false,,,false,,,false,,,false,,,false,,,false,,,false,,,false,,,false,,,false,,,false,,,false,,,false,,,false,,,false,,,false,,,active
o-cross-stitch-red-embroidered-icon,,,,,,,,,Medium,,,,,,,,ICON-45923654500609,0.0,,deny,manual,24.00,,true,true,,,,,,,,,,,,,,,,,,,,,,,,,,,,,,,,,,,,,,,,,,,,,,,,,,,,,,,,,,,,,,,,,,,,,,,,,,,,,,,,,,lb,,,,,,,,,,,,,,,,,,,,,,,,,,,,,,,,,,,,,,,,,,,,,,,,,,,,,,,,,,,,,,,,,,,,,,,,,,,,,,,,,,,,,,,,,,,,,,,,,,,,,,,,,
o-cross-stitch-red-embroidered-icon,,,,,,,,,Large,,,,,,,,ICON-45923654533377,0.0,,deny,manual,48.00,,true,true,,,,,,,,,,,,,,,,,,,,,,,,,,,,,,,,,,,,,,,,,,,,,,,,,,,,,,,,,,,,,,,,,,,,,,,,,,,,,,,,,,lb,,,,,,,,,,,,,,,,,,,,,,,,,,,,,,,,,,,,,,,,,,,,,,,,,,,,,,,,,,,,,,,,,,,,,,,,,,,,,,,,,,,,,,,,,,,,,,,,,,,,,,,,,
n-cross-stitch-red-embroidered-icon,N Cross Stitch Red Embroidered Icon,"",Abbode Embroidery Design,Product Add-Ons > Product Customization,Embroidery Design,"hidden, icon, instant_exclude, revoq-no-withdrawal, webster-live",true,Size,Small,,,,,,,,ICON-45923654074625,0.0,,deny,manual,24.00,,true,true,,,,,,https://cdn.shopify.com/s/files/1/0321/4956/9675/files/N_Crossstitch_RED.png?v=1779839407,1,"",false,,,,,,,,,,,,,,,,,ICON-CU,,,,,,,,,,,,,,,,,,,,'1,,,,,,,,,,,,,,,,,,,,,,,,,,,,,,,,,,,,lb,,,false,,,false,,,false,,,false,,,false,,,false,,,false,,,false,,,false,,,false,,,false,,,false,,,false,,,false,,,false,,,false,,,false,,,false,,,false,,,false,,,false,,,false,,,false,,,false,,,false,,,false,,,false,,,false,,,false,,,false,,,false,,,false,,,false,,,false,,,active
n-cross-stitch-red-embroidered-icon,,,,,,,,,Medium,,,,,,,,ICON-45923654107393,0.0,,deny,manual,24.00,,true,true,,,,,,,,,,,,,,,,,,,,,,,,,,,,,,,,,,,,,,,,,,,,,,,,,,,,,,,,,,,,,,,,,,,,,,,,,,,,,,,,,,lb,,,,,,,,,,,,,,,,,,,,,,,,,,,,,,,,,,,,,,,,,,,,,,,,,,,,,,,,,,,,,,,,,,,,,,,,,,,,,,,,,,,,,,,,,,,,,,,,,,,,,,,,,
n-cross-stitch-red-embroidered-icon,,,,,,,,,Large,,,,,,,,ICON-45923654140161,0.0,,deny,manual,48.00,,true,true,,,,,,,,,,,,,,,,,,,,,,,,,,,,,,,,,,,,,,,,,,,,,,,,,,,,,,,,,,,,,,,,,,,,,,,,,,,,,,,,,,lb,,,,,,,,,,,,,,,,,,,,,,,,,,,,,,,,,,,,,,,,,,,,,,,,,,,,,,,,,,,,,,,,,,,,,,,,,,,,,,,,,,,,,,,,,,,,,,,,,,,,,,,,,
m-cross-stitch-red-embroidered-icon,M Cross Stitch Red Embroidered Icon,"",Abbode Embroidery Design,Product Add-Ons > Product Customization,Embroidery Design,"hidden, icon, instant_exclude, revoq-no-withdrawal, webster-live",true,Size,Small,,,,,,,,ICON-45923653353729,0.0,,deny,manual,24.00,,true,true,,,,,,https://cdn.shopify.com/s/files/1/0321/4956/9675/files/M_Crossstitch_RED.png?v=1779839407,1,"",false,,,,,,,,,,,,,,,,,ICON-CU,,,,,,,,,,,,,,,,,,,,'1,,,,,,,,,,,,,,,,,,,,,,,,,,,,,,,,,,,,lb,,,false,,,false,,,false,,,false,,,false,,,false,,,false,,,false,,,false,,,false,,,false,,,false,,,false,,,false,,,false,,,false,,,false,,,false,,,false,,,false,,,false,,,false,,,false,,,false,,,false,,,false,,,false,,,false,,,false,,,false,,,false,,,false,,,false,,,false,,,active
m-cross-stitch-red-embroidered-icon,,,,,,,,,Medium,,,,,,,,ICON-45923653386497,0.0,,deny,manual,24.00,,true,true,,,,,,,,,,,,,,,,,,,,,,,,,,,,,,,,,,,,,,,,,,,,,,,,,,,,,,,,,,,,,,,,,,,,,,,,,,,,,,,,,,lb,,,,,,,,,,,,,,,,,,,,,,,,,,,,,,,,,,,,,,,,,,,,,,,,,,,,,,,,,,,,,,,,,,,,,,,,,,,,,,,,,,,,,,,,,,,,,,,,,,,,,,,,,
m-cross-stitch-red-embroidered-icon,,,,,,,,,Large,,,,,,,,ICON-45923653419265,0.0,,deny,manual,48.00,,true,true,,,,,,,,,,,,,,,,,,,,,,,,,,,,,,,,,,,,,,,,,,,,,,,,,,,,,,,,,,,,,,,,,,,,,,,,,,,,,,,,,,lb,,,,,,,,,,,,,,,,,,,,,,,,,,,,,,,,,,,,,,,,,,,,,,,,,,,,,,,,,,,,,,,,,,,,,,,,,,,,,,,,,,,,,,,,,,,,,,,,,,,,,,,,,
l-cross-stitch-red-embroidered-icon,L Cross Stitch Red Embroidered Icon,"",Abbode Embroidery Design,Product Add-Ons > Product Customization,Embroidery Design,"hidden, icon, instant_exclude, revoq-no-withdrawal, webster-live",true,Size,Small,,,,,,,,ICON-45923652403457,0.0,,deny,manual,24.00,,true,true,,,,,,https://cdn.shopify.com/s/files/1/0321/4956/9675/files/L_Crossstitch_RED.png?v=1779839407,1,"",false,,,,,,,,,,,,,,,,,ICON-CU,,,,,,,,,,,,,,,,,,,,'1,,,,,,,,,,,,,,,,,,,,,,,,,,,,,,,,,,,,lb,,,false,,,false,,,false,,,false,,,false,,,false,,,false,,,false,,,false,,,false,,,false,,,false,,,false,,,false,,,false,,,false,,,false,,,false,,,false,,,false,,,false,,,false,,,false,,,false,,,false,,,false,,,false,,,false,,,false,,,false,,,false,,,false,,,false,,,false,,,active
l-cross-stitch-red-embroidered-icon,,,,,,,,,Medium,,,,,,,,ICON-45923652436225,0.0,,deny,manual,24.00,,true,true,,,,,,,,,,,,,,,,,,,,,,,,,,,,,,,,,,,,,,,,,,,,,,,,,,,,,,,,,,,,,,,,,,,,,,,,,,,,,,,,,,lb,,,,,,,,,,,,,,,,,,,,,,,,,,,,,,,,,,,,,,,,,,,,,,,,,,,,,,,,,,,,,,,,,,,,,,,,,,,,,,,,,,,,,,,,,,,,,,,,,,,,,,,,,
l-cross-stitch-red-embroidered-icon,,,,,,,,,Large,,,,,,,,ICON-45923652468993,0.0,,deny,manual,48.00,,true,true,,,,,,,,,,,,,,,,,,,,,,,,,,,,,,,,,,,,,,,,,,,,,,,,,,,,,,,,,,,,,,,,,,,,,,,,,,,,,,,,,,lb,,,,,,,,,,,,,,,,,,,,,,,,,,,,,,,,,,,,,,,,,,,,,,,,,,,,,,,,,,,,,,,,,,,,,,,,,,,,,,,,,,,,,,,,,,,,,,,,,,,,,,,,,
k-cross-stitch-red-embroidered-icon,K Cross Stitch Red Embroidered Icon,"",Abbode Embroidery Design,Product Add-Ons > Product Customization,Embroidery Design,"hidden, icon, instant_exclude, revoq-no-withdrawal, webster-live",true,Size,Small,,,,,,,,ICON-45923650994433,0.0,,deny,manual,24.00,,true,true,,,,,,https://cdn.shopify.com/s/files/1/0321/4956/9675/files/K_Crossstitch_RED.png?v=1779839407,1,"",false,,,,,,,,,,,,,,,,,ICON-CU,,,,,,,,,,,,,,,,,,,,'1,,,,,,,,,,,,,,,,,,,,,,,,,,,,,,,,,,,,lb,,,false,,,false,,,false,,,false,,,false,,,false,,,false,,,false,,,false,,,false,,,false,,,false,,,false,,,false,,,false,,,false,,,false,,,false,,,false,,,false,,,false,,,false,,,false,,,false,,,false,,,false,,,false,,,false,,,false,,,false,,,false,,,false,,,false,,,false,,,active
k-cross-stitch-red-embroidered-icon,,,,,,,,,Medium,,,,,,,,ICON-45923651027201,0.0,,deny,manual,24.00,,true,true,,,,,,,,,,,,,,,,,,,,,,,,,,,,,,,,,,,,,,,,,,,,,,,,,,,,,,,,,,,,,,,,,,,,,,,,,,,,,,,,,,lb,,,,,,,,,,,,,,,,,,,,,,,,,,,,,,,,,,,,,,,,,,,,,,,,,,,,,,,,,,,,,,,,,,,,,,,,,,,,,,,,,,,,,,,,,,,,,,,,,,,,,,,,,
k-cross-stitch-red-embroidered-icon,,,,,,,,,Large,,,,,,,,ICON-45923651059969,0.0,,deny,manual,48.00,,true,true,,,,,,,,,,,,,,,,,,,,,,,,,,,,,,,,,,,,,,,,,,,,,,,,,,,,,,,,,,,,,,,,,,,,,,,,,,,,,,,,,,lb,,,,,,,,,,,,,,,,,,,,,,,,,,,,,,,,,,,,,,,,,,,,,,,,,,,,,,,,,,,,,,,,,,,,,,,,,,,,,,,,,,,,,,,,,,,,,,,,,,,,,,,,,
j-cross-stitch-red-embroidered-icon,J Cross Stitch Red Embroidered Icon,"",Abbode Embroidery Design,Product Add-Ons > Product Customization,Embroidery Design,"hidden, icon, instant_exclude, revoq-no-withdrawal, webster-live",true,Size,Small,,,,,,,,ICON-45923645751553,0.0,,deny,manual,24.00,,true,true,,,,,,https://cdn.shopify.com/s/files/1/0321/4956/9675/files/J_Crossstitch_RED.png?v=1779839407,1,"",false,,,,,,,,,,,,,,,,,ICON-CU,,,,,,,,,,,,,,,,,,,,'1,,,,,,,,,,,,,,,,,,,,,,,,,,,,,,,,,,,,lb,,,false,,,false,,,false,,,false,,,false,,,false,,,false,,,false,,,false,,,false,,,false,,,false,,,false,,,false,,,false,,,false,,,false,,,false,,,false,,,false,,,false,,,false,,,false,,,false,,,false,,,false,,,false,,,false,,,false,,,false,,,false,,,false,,,false,,,false,,,active
j-cross-stitch-red-embroidered-icon,,,,,,,,,Medium,,,,,,,,ICON-45923645784321,0.0,,deny,manual,24.00,,true,true,,,,,,,,,,,,,,,,,,,,,,,,,,,,,,,,,,,,,,,,,,,,,,,,,,,,,,,,,,,,,,,,,,,,,,,,,,,,,,,,,,lb,,,,,,,,,,,,,,,,,,,,,,,,,,,,,,,,,,,,,,,,,,,,,,,,,,,,,,,,,,,,,,,,,,,,,,,,,,,,,,,,,,,,,,,,,,,,,,,,,,,,,,,,,
j-cross-stitch-red-embroidered-icon,,,,,,,,,Large,,,,,,,,ICON-45923645817089,0.0,,deny,manual,48.00,,true,true,,,,,,,,,,,,,,,,,,,,,,,,,,,,,,,,,,,,,,,,,,,,,,,,,,,,,,,,,,,,,,,,,,,,,,,,,,,,,,,,,,lb,,,,,,,,,,,,,,,,,,,,,,,,,,,,,,,,,,,,,,,,,,,,,,,,,,,,,,,,,,,,,,,,,,,,,,,,,,,,,,,,,,,,,,,,,,,,,,,,,,,,,,,,,
i-cross-stitch-red-embroidered-icon,I Cross Stitch Red Embroidered Icon,"",Abbode Embroidery Design,Product Add-Ons > Product Customization,Embroidery Design,"hidden, icon, instant_exclude, revoq-no-withdrawal, webster-live",true,Size,Small,,,,,,,,ICON-45923636904193,0.0,,deny,manual,24.00,,true,true,,,,,,https://cdn.shopify.com/s/files/1/0321/4956/9675/files/I_Crossstitch_RED.png?v=1779839407,1,"",false,,,,,,,,,,,,,,,,,ICON-CU,,,,,,,,,,,,,,,,,,,,'1,,,,,,,,,,,,,,,,,,,,,,,,,,,,,,,,,,,,lb,,,false,,,false,,,false,,,false,,,false,,,false,,,false,,,false,,,false,,,false,,,false,,,false,,,false,,,false,,,false,,,false,,,false,,,false,,,false,,,false,,,false,,,false,,,false,,,false,,,false,,,false,,,false,,,false,,,false,,,false,,,false,,,false,,,false,,,false,,,active
i-cross-stitch-red-embroidered-icon,,,,,,,,,Medium,,,,,,,,ICON-45923636936961,0.0,,deny,manual,24.00,,true,true,,,,,,,,,,,,,,,,,,,,,,,,,,,,,,,,,,,,,,,,,,,,,,,,,,,,,,,,,,,,,,,,,,,,,,,,,,,,,,,,,,lb,,,,,,,,,,,,,,,,,,,,,,,,,,,,,,,,,,,,,,,,,,,,,,,,,,,,,,,,,,,,,,,,,,,,,,,,,,,,,,,,,,,,,,,,,,,,,,,,,,,,,,,,,
i-cross-stitch-red-embroidered-icon,,,,,,,,,Large,,,,,,,,ICON-45923636969729,0.0,,deny,manual,48.00,,true,true,,,,,,,,,,,,,,,,,,,,,,,,,,,,,,,,,,,,,,,,,,,,,,,,,,,,,,,,,,,,,,,,,,,,,,,,,,,,,,,,,,lb,,,,,,,,,,,,,,,,,,,,,,,,,,,,,,,,,,,,,,,,,,,,,,,,,,,,,,,,,,,,,,,,,,,,,,,,,,,,,,,,,,,,,,,,,,,,,,,,,,,,,,,,,
h-cross-stitch-red-embroidered-icon,H Cross Stitch Red Embroidered Icon,"",Abbode Embroidery Design,Product Add-Ons > Product Customization,Embroidery Design,"hidden, icon, instant_exclude, revoq-no-withdrawal, webster-live",true,Size,Small,,,,,,,,ICON-45923625500929,0.0,,deny,manual,24.00,,true,true,,,,,,https://cdn.shopify.com/s/files/1/0321/4956/9675/files/H_Crossstitch_RED.png?v=1779839407,1,"",false,,,,,,,,,,,,,,,,,ICON-CU,,,,,,,,,,,,,,,,,,,,'1,,,,,,,,,,,,,,,,,,,,,,,,,,,,,,,,,,,,lb,,,false,,,false,,,false,,,false,,,false,,,false,,,false,,,false,,,false,,,false,,,false,,,false,,,false,,,false,,,false,,,false,,,false,,,false,,,false,,,false,,,false,,,false,,,false,,,false,,,false,,,false,,,false,,,false,,,false,,,false,,,false,,,false,,,false,,,false,,,active
h-cross-stitch-red-embroidered-icon,,,,,,,,,Medium,,,,,,,,ICON-45923625533697,0.0,,deny,manual,24.00,,true,true,,,,,,,,,,,,,,,,,,,,,,,,,,,,,,,,,,,,,,,,,,,,,,,,,,,,,,,,,,,,,,,,,,,,,,,,,,,,,,,,,,lb,,,,,,,,,,,,,,,,,,,,,,,,,,,,,,,,,,,,,,,,,,,,,,,,,,,,,,,,,,,,,,,,,,,,,,,,,,,,,,,,,,,,,,,,,,,,,,,,,,,,,,,,,
h-cross-stitch-red-embroidered-icon,,,,,,,,,Large,,,,,,,,ICON-45923625566465,0.0,,deny,manual,48.00,,true,true,,,,,,,,,,,,,,,,,,,,,,,,,,,,,,,,,,,,,,,,,,,,,,,,,,,,,,,,,,,,,,,,,,,,,,,,,,,,,,,,,,lb,,,,,,,,,,,,,,,,,,,,,,,,,,,,,,,,,,,,,,,,,,,,,,,,,,,,,,,,,,,,,,,,,,,,,,,,,,,,,,,,,,,,,,,,,,,,,,,,,,,,,,,,,
g-cross-stitch-red-embroidered-icon,G Cross Stitch Red Embroidered Icon,"",Abbode Embroidery Design,Product Add-Ons > Product Customization,Embroidery Design,"hidden, icon, instant_exclude, revoq-no-withdrawal, webster-live",true,Size,Small,,,,,,,,ICON-45923622322433,0.0,,deny,manual,24.00,,true,true,,,,,,https://cdn.shopify.com/s/files/1/0321/4956/9675/files/G_Crossstitch_RED.png?v=1779839407,1,"",false,,,,,,,,,,,,,,,,,ICON-CU,,,,,,,,,,,,,,,,,,,,'1,,,,,,,,,,,,,,,,,,,,,,,,,,,,,,,,,,,,lb,,,false,,,false,,,false,,,false,,,false,,,false,,,false,,,false,,,false,,,false,,,false,,,false,,,false,,,false,,,false,,,false,,,false,,,false,,,false,,,false,,,false,,,false,,,false,,,false,,,false,,,false,,,false,,,false,,,false,,,false,,,false,,,false,,,false,,,false,,,active
g-cross-stitch-red-embroidered-icon,,,,,,,,,Medium,,,,,,,,ICON-45923622355201,0.0,,deny,manual,24.00,,true,true,,,,,,,,,,,,,,,,,,,,,,,,,,,,,,,,,,,,,,,,,,,,,,,,,,,,,,,,,,,,,,,,,,,,,,,,,,,,,,,,,,lb,,,,,,,,,,,,,,,,,,,,,,,,,,,,,,,,,,,,,,,,,,,,,,,,,,,,,,,,,,,,,,,,,,,,,,,,,,,,,,,,,,,,,,,,,,,,,,,,,,,,,,,,,
g-cross-stitch-red-embroidered-icon,,,,,,,,,Large,,,,,,,,ICON-45923622387969,0.0,,deny,manual,48.00,,true,true,,,,,,,,,,,,,,,,,,,,,,,,,,,,,,,,,,,,,,,,,,,,,,,,,,,,,,,,,,,,,,,,,,,,,,,,,,,,,,,,,,lb,,,,,,,,,,,,,,,,,,,,,,,,,,,,,,,,,,,,,,,,,,,,,,,,,,,,,,,,,,,,,,,,,,,,,,,,,,,,,,,,,,,,,,,,,,,,,,,,,,,,,,,,,
f-cross-stitch-red-embroidered-icon,F Cross Stitch Red Embroidered Icon,"",Abbode Embroidery Design,Product Add-Ons > Product Customization,Embroidery Design,"hidden, icon, instant_exclude, revoq-no-withdrawal, webster-live",true,Size,Small,,,,,,,,ICON-45923621011713,0.0,,deny,manual,24.00,,true,true,,,,,,https://cdn.shopify.com/s/files/1/0321/4956/9675/files/F_Crossstitch_RED.png?v=1779839407,1,"",false,,,,,,,,,,,,,,,,,ICON-CU,,,,,,,,,,,,,,,,,,,,'1,,,,,,,,,,,,,,,,,,,,,,,,,,,,,,,,,,,,lb,,,false,,,false,,,false,,,false,,,false,,,false,,,false,,,false,,,false,,,false,,,false,,,false,,,false,,,false,,,false,,,false,,,false,,,false,,,false,,,false,,,false,,,false,,,false,,,false,,,false,,,false,,,false,,,false,,,false,,,false,,,false,,,false,,,false,,,false,,,active
f-cross-stitch-red-embroidered-icon,,,,,,,,,Medium,,,,,,,,ICON-45923621044481,0.0,,deny,manual,24.00,,true,true,,,,,,,,,,,,,,,,,,,,,,,,,,,,,,,,,,,,,,,,,,,,,,,,,,,,,,,,,,,,,,,,,,,,,,,,,,,,,,,,,,lb,,,,,,,,,,,,,,,,,,,,,,,,,,,,,,,,,,,,,,,,,,,,,,,,,,,,,,,,,,,,,,,,,,,,,,,,,,,,,,,,,,,,,,,,,,,,,,,,,,,,,,,,,
f-cross-stitch-red-embroidered-icon,,,,,,,,,Large,,,,,,,,ICON-45923621077249,0.0,,deny,manual,48.00,,true,true,,,,,,,,,,,,,,,,,,,,,,,,,,,,,,,,,,,,,,,,,,,,,,,,,,,,,,,,,,,,,,,,,,,,,,,,,,,,,,,,,,lb,,,,,,,,,,,,,,,,,,,,,,,,,,,,,,,,,,,,,,,,,,,,,,,,,,,,,,,,,,,,,,,,,,,,,,,,,,,,,,,,,,,,,,,,,,,,,,,,,,,,,,,,,
e-cross-stitch-red-embroidered-icon,E Cross Stitch Red Embroidered Icon,"",Abbode Embroidery Design,Product Add-Ons > Product Customization,Embroidery Design,"hidden, icon, instant_exclude, revoq-no-withdrawal, webster-live",true,Size,Small,,,,,,,,ICON-45923620716801,0.0,,deny,manual,24.00,,true,true,,,,,,https://cdn.shopify.com/s/files/1/0321/4956/9675/files/E_Crossstitch_RED.png?v=1779839407,1,"",false,,,,,,,,,,,,,,,,,ICON-CU,,,,,,,,,,,,,,,,,,,,'1,,,,,,,,,,,,,,,,,,,,,,,,,,,,,,,,,,,,lb,,,false,,,false,,,false,,,false,,,false,,,false,,,false,,,false,,,false,,,false,,,false,,,false,,,false,,,false,,,false,,,false,,,false,,,false,,,false,,,false,,,false,,,false,,,false,,,false,,,false,,,false,,,false,,,false,,,false,,,false,,,false,,,false,,,false,,,false,,,active
e-cross-stitch-red-embroidered-icon,,,,,,,,,Medium,,,,,,,,ICON-45923620749569,0.0,,deny,manual,24.00,,true,true,,,,,,,,,,,,,,,,,,,,,,,,,,,,,,,,,,,,,,,,,,,,,,,,,,,,,,,,,,,,,,,,,,,,,,,,,,,,,,,,,,lb,,,,,,,,,,,,,,,,,,,,,,,,,,,,,,,,,,,,,,,,,,,,,,,,,,,,,,,,,,,,,,,,,,,,,,,,,,,,,,,,,,,,,,,,,,,,,,,,,,,,,,,,,
e-cross-stitch-red-embroidered-icon,,,,,,,,,Large,,,,,,,,ICON-45923620782337,0.0,,deny,manual,48.00,,true,true,,,,,,,,,,,,,,,,,,,,,,,,,,,,,,,,,,,,,,,,,,,,,,,,,,,,,,,,,,,,,,,,,,,,,,,,,,,,,,,,,,lb,,,,,,,,,,,,,,,,,,,,,,,,,,,,,,,,,,,,,,,,,,,,,,,,,,,,,,,,,,,,,,,,,,,,,,,,,,,,,,,,,,,,,,,,,,,,,,,,,,,,,,,,,
d-cross-stitch-red-embroidered-icon,D Cross Stitch Red Embroidered Icon,"",Abbode Embroidery Design,Product Add-Ons > Product Customization,Embroidery Design,"hidden, icon, instant_exclude, revoq-no-withdrawal, webster-live",true,Size,Small,,,,,,,,ICON-45923617505537,0.0,,deny,manual,24.00,,true,true,,,,,,https://cdn.shopify.com/s/files/1/0321/4956/9675/files/D_Crossstitch_RED.png?v=1779839407,1,"",false,,,,,,,,,,,,,,,,,ICON-CU,,,,,,,,,,,,,,,,,,,,'1,,,,,,,,,,,,,,,,,,,,,,,,,,,,,,,,,,,,lb,,,false,,,false,,,false,,,false,,,false,,,false,,,false,,,false,,,false,,,false,,,false,,,false,,,false,,,false,,,false,,,false,,,false,,,false,,,false,,,false,,,false,,,false,,,false,,,false,,,false,,,false,,,false,,,false,,,false,,,false,,,false,,,false,,,false,,,false,,,active
d-cross-stitch-red-embroidered-icon,,,,,,,,,Medium,,,,,,,,ICON-45923617538305,0.0,,deny,manual,24.00,,true,true,,,,,,,,,,,,,,,,,,,,,,,,,,,,,,,,,,,,,,,,,,,,,,,,,,,,,,,,,,,,,,,,,,,,,,,,,,,,,,,,,,lb,,,,,,,,,,,,,,,,,,,,,,,,,,,,,,,,,,,,,,,,,,,,,,,,,,,,,,,,,,,,,,,,,,,,,,,,,,,,,,,,,,,,,,,,,,,,,,,,,,,,,,,,,
d-cross-stitch-red-embroidered-icon,,,,,,,,,Large,,,,,,,,ICON-45923617571073,0.0,,deny,manual,48.00,,true,true,,,,,,,,,,,,,,,,,,,,,,,,,,,,,,,,,,,,,,,,,,,,,,,,,,,,,,,,,,,,,,,,,,,,,,,,,,,,,,,,,,lb,,,,,,,,,,,,,,,,,,,,,,,,,,,,,,,,,,,,,,,,,,,,,,,,,,,,,,,,,,,,,,,,,,,,,,,,,,,,,,,,,,,,,,,,,,,,,,,,,,,,,,,,,
c-cross-stitch-red-embroidered-icon,C Cross Stitch Red Embroidered Icon,"",Abbode Embroidery Design,Product Add-Ons > Product Customization,Embroidery Design,"hidden, icon, instant_exclude, revoq-no-withdrawal, webster-live",true,Size,Small,,,,,,,,ICON-45923617374465,0.0,,deny,manual,24.00,,true,true,,,,,,https://cdn.shopify.com/s/files/1/0321/4956/9675/files/C_Crossstitch_RED.png?v=1779839408,1,"",false,,,,,,,,,,,,,,,,,ICON-CU,,,,,,,,,,,,,,,,,,,,'1,,,,,,,,,,,,,,,,,,,,,,,,,,,,,,,,,,,,lb,,,false,,,false,,,false,,,false,,,false,,,false,,,false,,,false,,,false,,,false,,,false,,,false,,,false,,,false,,,false,,,false,,,false,,,false,,,false,,,false,,,false,,,false,,,false,,,false,,,false,,,false,,,false,,,false,,,false,,,false,,,false,,,false,,,false,,,false,,,active
c-cross-stitch-red-embroidered-icon,,,,,,,,,Medium,,,,,,,,ICON-45923617407233,0.0,,deny,manual,24.00,,true,true,,,,,,,,,,,,,,,,,,,,,,,,,,,,,,,,,,,,,,,,,,,,,,,,,,,,,,,,,,,,,,,,,,,,,,,,,,,,,,,,,,lb,,,,,,,,,,,,,,,,,,,,,,,,,,,,,,,,,,,,,,,,,,,,,,,,,,,,,,,,,,,,,,,,,,,,,,,,,,,,,,,,,,,,,,,,,,,,,,,,,,,,,,,,,
c-cross-stitch-red-embroidered-icon,,,,,,,,,Large,,,,,,,,ICON-45923617440001,0.0,,deny,manual,48.00,,true,true,,,,,,,,,,,,,,,,,,,,,,,,,,,,,,,,,,,,,,,,,,,,,,,,,,,,,,,,,,,,,,,,,,,,,,,,,,,,,,,,,,lb,,,,,,,,,,,,,,,,,,,,,,,,,,,,,,,,,,,,,,,,,,,,,,,,,,,,,,,,,,,,,,,,,,,,,,,,,,,,,,,,,,,,,,,,,,,,,,,,,,,,,,,,,
b-cross-stitch-red-embroidered-icon,B Cross Stitch Red Embroidered Icon,"",Abbode Embroidery Design,Product Add-Ons > Product Customization,Embroidery Design,"hidden, icon, instant_exclude, revoq-no-withdrawal, webster-live",true,Size,Small,,,,,,,,ICON-45923617046785,0.0,,deny,manual,24.00,,true,true,,,,,,https://cdn.shopify.com/s/files/1/0321/4956/9675/files/B_Crossstitch_RED.png?v=1779839407,1,"",false,,,,,,,,,,,,,,,,,ICON-CU,,,,,,,,,,,,,,,,,,,,'1,,,,,,,,,,,,,,,,,,,,,,,,,,,,,,,,,,,,lb,,,false,,,false,,,false,,,false,,,false,,,false,,,false,,,false,,,false,,,false,,,false,,,false,,,false,,,false,,,false,,,false,,,false,,,false,,,false,,,false,,,false,,,false,,,false,,,false,,,false,,,false,,,false,,,false,,,false,,,false,,,false,,,false,,,false,,,false,,,active
b-cross-stitch-red-embroidered-icon,,,,,,,,,Medium,,,,,,,,ICON-45923617079553,0.0,,deny,manual,24.00,,true,true,,,,,,,,,,,,,,,,,,,,,,,,,,,,,,,,,,,,,,,,,,,,,,,,,,,,,,,,,,,,,,,,,,,,,,,,,,,,,,,,,,lb,,,,,,,,,,,,,,,,,,,,,,,,,,,,,,,,,,,,,,,,,,,,,,,,,,,,,,,,,,,,,,,,,,,,,,,,,,,,,,,,,,,,,,,,,,,,,,,,,,,,,,,,,
b-cross-stitch-red-embroidered-icon,,,,,,,,,Large,,,,,,,,ICON-45923617112321,0.0,,deny,manual,48.00,,true,true,,,,,,,,,,,,,,,,,,,,,,,,,,,,,,,,,,,,,,,,,,,,,,,,,,,,,,,,,,,,,,,,,,,,,,,,,,,,,,,,,,lb,,,,,,,,,,,,,,,,,,,,,,,,,,,,,,,,,,,,,,,,,,,,,,,,,,,,,,,,,,,,,,,,,,,,,,,,,,,,,,,,,,,,,,,,,,,,,,,,,,,,,,,,,
a-cross-stitch-red-embroidered-icon,A Cross Stitch Red Embroidered Icon,"",Abbode Embroidery Design,Product Add-Ons > Product Customization,Embroidery Design,"hidden, icon, instant_exclude, revoq-no-withdrawal, webster-live",true,Size,Small,,,,,,,,ICON-45923615211777,0.0,,deny,manual,24.00,,true,true,,,,,,https://cdn.shopify.com/s/files/1/0321/4956/9675/files/A_Crossstitch_RED.png?v=1779839408,1,"",false,,,,,,,,,,,,,,,,,ICON-CU,,,,,,,,,,,,,,,,,,,,'1,,,,,,,,,,,,,,,,,,,,,,,,,,,,,,,,,,,,lb,,,false,,,false,,,false,,,false,,,false,,,false,,,false,,,false,,,false,,,false,,,false,,,false,,,false,,,false,,,false,,,false,,,false,,,false,,,false,,,false,,,false,,,false,,,false,,,false,,,false,,,false,,,false,,,false,,,false,,,false,,,false,,,false,,,false,,,false,,,active
a-cross-stitch-red-embroidered-icon,,,,,,,,,Medium,,,,,,,,ICON-45923615244545,0.0,,deny,manual,24.00,,true,true,,,,,,,,,,,,,,,,,,,,,,,,,,,,,,,,,,,,,,,,,,,,,,,,,,,,,,,,,,,,,,,,,,,,,,,,,,,,,,,,,,lb,,,,,,,,,,,,,,,,,,,,,,,,,,,,,,,,,,,,,,,,,,,,,,,,,,,,,,,,,,,,,,,,,,,,,,,,,,,,,,,,,,,,,,,,,,,,,,,,,,,,,,,,,
a-cross-stitch-red-embroidered-icon,,,,,,,,,Large,,,,,,,,ICON-45923615277313,0.0,,deny,manual,48.00,,true,true,,,,,,,,,,,,,,,,,,,,,,,,,,,,,,,,,,,,,,,,,,,,,,,,,,,,,,,,,,,,,,,,,,,,,,,,,,,,,,,,,,lb,,,,,,,,,,,,,,,,,,,,,,,,,,,,,,,,,,,,,,,,,,,,,,,,,,,,,,,,,,,,,,,,,,,,,,,,,,,,,,,,,,,,,,,,,,,,,,,,,,,,,,,,,
dalmatian-embroidered-icon,Dalmatian Embroidered Icon,"",Abbode Embroidery Design,Product Add-Ons > Product Customization,Embroidery Design,"hidden, icon, instant_exclude, revoq-no-withdrawal, webster-live",true,Size,Small,,,,,,,,ICON-45851626897665,0.0,,deny,manual,24.00,,true,true,,,,,,https://cdn.shopify.com/s/files/1/0321/4956/9675/files/Dalmatian.png?v=1779839408,1,"",false,,,,,,,,,,,,,,,,,ICON-CU,,,,,,,,,,,,,,,,,,,,'1,,,,,,,,,,,,,,,,,,,,,,,,,,,,,,,,,,,,lb,,,false,,,false,,,false,,,false,,,false,,,false,,,false,,,false,,,false,,,false,,,false,,,false,,,false,,,false,,,false,,,false,,,false,,,false,,,false,,,false,,,false,,,false,,,false,,,false,,,false,,,false,,,false,,,false,,,false,,,false,,,false,,,false,,,false,,,false,,,active
dalmatian-embroidered-icon,,,,,,,,,Medium,,,,,,,,ICON-45851626930433,0.0,,deny,manual,24.00,,true,true,,,,,,,,,,,,,,,,,,,,,,,,,,,,,,,,,,,,,,,,,,,,,,,,,,,,,,,,,,,,,,,,,,,,,,,,,,,,,,,,,,lb,,,,,,,,,,,,,,,,,,,,,,,,,,,,,,,,,,,,,,,,,,,,,,,,,,,,,,,,,,,,,,,,,,,,,,,,,,,,,,,,,,,,,,,,,,,,,,,,,,,,,,,,,
dalmatian-embroidered-icon,,,,,,,,,Large,,,,,,,,ICON-45851626963201,0.0,,deny,manual,48.00,,true,true,,,,,,,,,,,,,,,,,,,,,,,,,,,,,,,,,,,,,,,,,,,,,,,,,,,,,,,,,,,,,,,,,,,,,,,,,,,,,,,,,,lb,,,,,,,,,,,,,,,,,,,,,,,,,,,,,,,,,,,,,,,,,,,,,,,,,,,,,,,,,,,,,,,,,,,,,,,,,,,,,,,,,,,,,,,,,,,,,,,,,,,,,,,,,
yorkie-embroidered-icon,Yorkie Embroidered Icon,"",Abbode Embroidery Design,Product Add-Ons > Product Customization,Embroidery Design,"hidden, icon, instant_exclude, revoq-no-withdrawal, webster-live",true,Size,Small,,,,,,,,ICON-45851609858305,0.0,,deny,manual,24.00,,true,true,,,,,,https://cdn.shopify.com/s/files/1/0321/4956/9675/files/Yorkie.png?v=1779839408,1,"",false,,,,,,,,,,,,,,,,,ICON-CU,,,,,,,,,,,,,,,,,,,,'1,,,,,,,,,,,,,,,,,,,,,,,,,,,,,,,,,,,,lb,,,false,,,false,,,false,,,false,,,false,,,false,,,false,,,false,,,false,,,false,,,false,,,false,,,false,,,false,,,false,,,false,,,false,,,false,,,false,,,false,,,false,,,false,,,false,,,false,,,false,,,false,,,false,,,false,,,false,,,false,,,false,,,false,,,false,,,false,,,active
yorkie-embroidered-icon,,,,,,,,,Medium,,,,,,,,ICON-45851609891073,0.0,,deny,manual,24.00,,true,true,,,,,,,,,,,,,,,,,,,,,,,,,,,,,,,,,,,,,,,,,,,,,,,,,,,,,,,,,,,,,,,,,,,,,,,,,,,,,,,,,,lb,,,,,,,,,,,,,,,,,,,,,,,,,,,,,,,,,,,,,,,,,,,,,,,,,,,,,,,,,,,,,,,,,,,,,,,,,,,,,,,,,,,,,,,,,,,,,,,,,,,,,,,,,
yorkie-embroidered-icon,,,,,,,,,Large,,,,,,,,ICON-45851609923841,0.0,,deny,manual,48.00,,true,true,,,,,,,,,,,,,,,,,,,,,,,,,,,,,,,,,,,,,,,,,,,,,,,,,,,,,,,,,,,,,,,,,,,,,,,,,,,,,,,,,,lb,,,,,,,,,,,,,,,,,,,,,,,,,,,,,,,,,,,,,,,,,,,,,,,,,,,,,,,,,,,,,,,,,,,,,,,,,,,,,,,,,,,,,,,,,,,,,,,,,,,,,,,,,
poodle-embroidered-icon,Poodle Embroidered Icon,"",Abbode Embroidery Design,Product Add-Ons > Product Customization,Embroidery Design,"hidden, icon, instant_exclude, revoq-no-withdrawal, webster-live",true,Size,Small,,,,,,,,ICON-45851609202945,0.0,,deny,manual,24.00,,true,true,,,,,,https://cdn.shopify.com/s/files/1/0321/4956/9675/files/Poodle.png?v=1779839408,1,"",false,,,,,,,,,,,,,,,,,ICON-CU,,,,,,,,,,,,,,,,,,,,'1,,,,,,,,,,,,,,,,,,,,,,,,,,,,,,,,,,,,lb,,,false,,,false,,,false,,,false,,,false,,,false,,,false,,,false,,,false,,,false,,,false,,,false,,,false,,,false,,,false,,,false,,,false,,,false,,,false,,,false,,,false,,,false,,,false,,,false,,,false,,,false,,,false,,,false,,,false,,,false,,,false,,,false,,,false,,,false,,,active
poodle-embroidered-icon,,,,,,,,,Medium,,,,,,,,ICON-45851609235713,0.0,,deny,manual,24.00,,true,true,,,,,,,,,,,,,,,,,,,,,,,,,,,,,,,,,,,,,,,,,,,,,,,,,,,,,,,,,,,,,,,,,,,,,,,,,,,,,,,,,,lb,,,,,,,,,,,,,,,,,,,,,,,,,,,,,,,,,,,,,,,,,,,,,,,,,,,,,,,,,,,,,,,,,,,,,,,,,,,,,,,,,,,,,,,,,,,,,,,,,,,,,,,,,
poodle-embroidered-icon,,,,,,,,,Large,,,,,,,,ICON-45851609268481,0.0,,deny,manual,48.00,,true,true,,,,,,,,,,,,,,,,,,,,,,,,,,,,,,,,,,,,,,,,,,,,,,,,,,,,,,,,,,,,,,,,,,,,,,,,,,,,,,,,,,lb,,,,,,,,,,,,,,,,,,,,,,,,,,,,,,,,,,,,,,,,,,,,,,,,,,,,,,,,,,,,,,,,,,,,,,,,,,,,,,,,,,,,,,,,,,,,,,,,,,,,,,,,,
little-fluffy-dog-embroidered-icon,Little Fluffy Dog Embroidered Icon,"",Abbode Embroidery Design,Product Add-Ons > Product Customization,Embroidery Design,"hidden, icon, instant_exclude, revoq-no-withdrawal, webster-live",false,Size,Small,,,,,,,,ICON-45851605926145,0.0,,deny,manual,24.00,,true,true,,,,,,https://cdn.shopify.com/s/files/1/0321/4956/9675/files/Little_Fluffy_Dog.png?v=1734022027,1,"",false,,,,,,,,,,,,,,,,,,,,,,,,,,,,,,,,,,,,,'1,,,,,,,,,,,,,,,,,,,,,,,,,,,,,,,,,,,,lb,,,true,,,true,,,true,,,true,,,true,,,true,,,true,,,true,,,true,,,true,,,true,,,true,,,true,,,true,,,true,,,true,,,true,,,true,,,true,,,true,,,true,,,true,,,true,,,true,,,true,,,true,,,true,,,true,,,true,,,true,,,true,,,true,,,true,,,true,,,archived
little-fluffy-dog-embroidered-icon,,,,,,,,,Medium,,,,,,,,ICON-45851605958913,0.0,,deny,manual,24.00,,true,true,,,,,,,,,,,,,,,,,,,,,,,,,,,,,,,,,,,,,,,,,,,,,,,,,,,,,,,,,,,,,,,,,,,,,,,,,,,,,,,,,,lb,,,,,,,,,,,,,,,,,,,,,,,,,,,,,,,,,,,,,,,,,,,,,,,,,,,,,,,,,,,,,,,,,,,,,,,,,,,,,,,,,,,,,,,,,,,,,,,,,,,,,,,,,
little-fluffy-dog-embroidered-icon,,,,,,,,,Large,,,,,,,,ICON-45851605991681,0.0,,deny,manual,48.00,,true,true,,,,,,,,,,,,,,,,,,,,,,,,,,,,,,,,,,,,,,,,,,,,,,,,,,,,,,,,,,,,,,,,,,,,,,,,,,,,,,,,,,lb,,,,,,,,,,,,,,,,,,,,,,,,,,,,,,,,,,,,,,,,,,,,,,,,,,,,,,,,,,,,,,,,,,,,,,,,,,,,,,,,,,,,,,,,,,,,,,,,,,,,,,,,,
labrador-retriever-embroidered-icon,Labrador Retriever Embroidered Icon,"",Abbode Embroidery Design,Product Add-Ons > Product Customization,Embroidery Design,"hidden, icon, instant_exclude, revoq-no-withdrawal, webster-live",true,Size,Small,,,,,,,,ICON-45851603665153,0.0,,deny,manual,24.00,,true,true,,,,,,https://cdn.shopify.com/s/files/1/0321/4956/9675/files/Labrador_Retriever.png?v=1779839407,1,"",false,,,,,,,,,,,,,,,,,ICON-CU,,,,,,,,,,,,,,,,,,,,'1,,,,,,,,,,,,,,,,,,,,,,,,,,,,,,,,,,,,lb,,,false,,,false,,,false,,,false,,,false,,,false,,,false,,,false,,,false,,,false,,,false,,,false,,,false,,,false,,,false,,,false,,,false,,,false,,,false,,,false,,,false,,,false,,,false,,,false,,,false,,,false,,,false,,,false,,,false,,,false,,,false,,,false,,,false,,,false,,,active
labrador-retriever-embroidered-icon,,,,,,,,,Medium,,,,,,,,ICON-45851603697921,0.0,,deny,manual,24.00,,true,true,,,,,,,,,,,,,,,,,,,,,,,,,,,,,,,,,,,,,,,,,,,,,,,,,,,,,,,,,,,,,,,,,,,,,,,,,,,,,,,,,,lb,,,,,,,,,,,,,,,,,,,,,,,,,,,,,,,,,,,,,,,,,,,,,,,,,,,,,,,,,,,,,,,,,,,,,,,,,,,,,,,,,,,,,,,,,,,,,,,,,,,,,,,,,
labrador-retriever-embroidered-icon,,,,,,,,,Large,,,,,,,,ICON-45851603730689,0.0,,deny,manual,48.00,,true,true,,,,,,,,,,,,,,,,,,,,,,,,,,,,,,,,,,,,,,,,,,,,,,,,,,,,,,,,,,,,,,,,,,,,,,,,,,,,,,,,,,lb,,,,,,,,,,,,,,,,,,,,,,,,,,,,,,,,,,,,,,,,,,,,,,,,,,,,,,,,,,,,,,,,,,,,,,,,,,,,,,,,,,,,,,,,,,,,,,,,,,,,,,,,,
golden-doodle-embroidered-icon,Golden Doodle Embroidered Icon,"",Abbode Embroidery Design,Product Add-Ons > Product Customization,Embroidery Design,"hidden, icon, instant_exclude, revoq-no-withdrawal, webster-live",true,Size,Small,,,,,,,,ICON-45851601076481,0.0,,deny,manual,24.00,,true,true,,,,,,https://cdn.shopify.com/s/files/1/0321/4956/9675/files/Goldendoodle.png?v=1779839408,1,"",false,,,,,,,,,,,,,,,,,ICON-CU,,,,,,,,,,,,,,,,,,,,'1,,,,,,,,,,,,,,,,,,,,,,,,,,,,,,,,,,,,lb,,,false,,,false,,,false,,,false,,,false,,,false,,,false,,,false,,,false,,,false,,,false,,,false,,,false,,,false,,,false,,,false,,,false,,,false,,,false,,,false,,,false,,,false,,,false,,,false,,,false,,,false,,,false,,,false,,,false,,,false,,,false,,,false,,,false,,,false,,,active
golden-doodle-embroidered-icon,,,,,,,,,Medium,,,,,,,,ICON-45851601109249,0.0,,deny,manual,24.00,,true,true,,,,,,,,,,,,,,,,,,,,,,,,,,,,,,,,,,,,,,,,,,,,,,,,,,,,,,,,,,,,,,,,,,,,,,,,,,,,,,,,,,lb,,,,,,,,,,,,,,,,,,,,,,,,,,,,,,,,,,,,,,,,,,,,,,,,,,,,,,,,,,,,,,,,,,,,,,,,,,,,,,,,,,,,,,,,,,,,,,,,,,,,,,,,,
golden-doodle-embroidered-icon,,,,,,,,,Large,,,,,,,,ICON-45851601142017,0.0,,deny,manual,48.00,,true,true,,,,,,,,,,,,,,,,,,,,,,,,,,,,,,,,,,,,,,,,,,,,,,,,,,,,,,,,,,,,,,,,,,,,,,,,,,,,,,,,,,lb,,,,,,,,,,,,,,,,,,,,,,,,,,,,,,,,,,,,,,,,,,,,,,,,,,,,,,,,,,,,,,,,,,,,,,,,,,,,,,,,,,,,,,,,,,,,,,,,,,,,,,,,,
golden-doodle-blonde-embroidered-icon,Golden Doodle Blonde Embroidered Icon,"",Abbode Embroidery Design,Product Add-Ons > Product Customization,Embroidery Design,"hidden, icon, instant_exclude, revoq-no-withdrawal, webster-live",true,Size,Small,,,,,,,,ICON-45851600355585,0.0,,deny,manual,24.00,,true,true,,,,,,https://cdn.shopify.com/s/files/1/0321/4956/9675/files/Goldendoodle_Blonde.png?v=1779837607,1,"",false,,,,,,,,,,,,,,,,,ICON-CU,,,,,,,,,,,,,,,,,,,,'1,,,,,,,,,,,,,,,,,,,,,,,,,,,,,,,,,,,,lb,,,false,,,false,,,false,,,false,,,false,,,false,,,false,,,false,,,false,,,false,,,false,,,false,,,false,,,false,,,false,,,false,,,false,,,false,,,false,,,false,,,false,,,false,,,false,,,false,,,false,,,false,,,false,,,false,,,false,,,false,,,false,,,false,,,false,,,false,,,active
golden-doodle-blonde-embroidered-icon,,,,,,,,,Medium,,,,,,,,ICON-45851600388353,0.0,,deny,manual,24.00,,true,true,,,,,,,,,,,,,,,,,,,,,,,,,,,,,,,,,,,,,,,,,,,,,,,,,,,,,,,,,,,,,,,,,,,,,,,,,,,,,,,,,,lb,,,,,,,,,,,,,,,,,,,,,,,,,,,,,,,,,,,,,,,,,,,,,,,,,,,,,,,,,,,,,,,,,,,,,,,,,,,,,,,,,,,,,,,,,,,,,,,,,,,,,,,,,
golden-doodle-blonde-embroidered-icon,,,,,,,,,Large,,,,,,,,ICON-45851600421121,0.0,,deny,manual,48.00,,true,true,,,,,,,,,,,,,,,,,,,,,,,,,,,,,,,,,,,,,,,,,,,,,,,,,,,,,,,,,,,,,,,,,,,,,,,,,,,,,,,,,,lb,,,,,,,,,,,,,,,,,,,,,,,,,,,,,,,,,,,,,,,,,,,,,,,,,,,,,,,,,,,,,,,,,,,,,,,,,,,,,,,,,,,,,,,,,,,,,,,,,,,,,,,,,
golden-doodle-black-embroidered-icon,Golden Doodle Black Embroidered Icon,"",Abbode Embroidery Design,Product Add-Ons > Product Customization,Embroidery Design,"hidden, icon, instant_exclude, revoq-no-withdrawal, webster-live",true,Size,Small,,,,,,,,ICON-45851597996289,0.0,,deny,manual,24.00,,true,true,,,,,,https://cdn.shopify.com/s/files/1/0321/4956/9675/files/Goldendoodle_Black.png?v=1779837607,1,"",false,,,,,,,,,,,,,,,,,ICON-CU,,,,,,,,,,,,,,,,,,,,'1,,,,,,,,,,,,,,,,,,,,,,,,,,,,,,,,,,,,lb,,,false,,,false,,,false,,,false,,,false,,,false,,,false,,,false,,,false,,,false,,,false,,,false,,,false,,,false,,,false,,,false,,,false,,,false,,,false,,,false,,,false,,,false,,,false,,,false,,,false,,,false,,,false,,,false,,,false,,,false,,,false,,,false,,,false,,,false,,,active
golden-doodle-black-embroidered-icon,,,,,,,,,Medium,,,,,,,,ICON-45851598029057,0.0,,deny,manual,24.00,,true,true,,,,,,,,,,,,,,,,,,,,,,,,,,,,,,,,,,,,,,,,,,,,,,,,,,,,,,,,,,,,,,,,,,,,,,,,,,,,,,,,,,lb,,,,,,,,,,,,,,,,,,,,,,,,,,,,,,,,,,,,,,,,,,,,,,,,,,,,,,,,,,,,,,,,,,,,,,,,,,,,,,,,,,,,,,,,,,,,,,,,,,,,,,,,,
golden-doodle-black-embroidered-icon,,,,,,,,,Large,,,,,,,,ICON-45851598061825,0.0,,deny,manual,48.00,,true,true,,,,,,,,,,,,,,,,,,,,,,,,,,,,,,,,,,,,,,,,,,,,,,,,,,,,,,,,,,,,,,,,,,,,,,,,,,,,,,,,,,lb,,,,,,,,,,,,,,,,,,,,,,,,,,,,,,,,,,,,,,,,,,,,,,,,,,,,,,,,,,,,,,,,,,,,,,,,,,,,,,,,,,,,,,,,,,,,,,,,,,,,,,,,,
golden-retriever-embroidered-icon,Golden Retriever Embroidered Icon,"",Abbode Embroidery Design,Product Add-Ons > Product Customization,Embroidery Design,"hidden, icon, instant_exclude, revoq-no-withdrawal, webster-live",true,Size,Small,,,,,,,,ICON-45851597144321,0.0,,deny,manual,24.00,,true,true,,,,,,https://cdn.shopify.com/s/files/1/0321/4956/9675/files/Golden_Retriever.png?v=1779839407,1,"",false,,,,,,,,,,,,,,,,,ICON-CU,,,,,,,,,,,,,,,,,,,,'1,,,,,,,,,,,,,,,,,,,,,,,,,,,,,,,,,,,,lb,,,false,,,false,,,false,,,false,,,false,,,false,,,false,,,false,,,false,,,false,,,false,,,false,,,false,,,false,,,false,,,false,,,false,,,false,,,false,,,false,,,false,,,false,,,false,,,false,,,false,,,false,,,false,,,false,,,false,,,false,,,false,,,false,,,false,,,false,,,active
golden-retriever-embroidered-icon,,,,,,,,,Medium,,,,,,,,ICON-45851597177089,0.0,,deny,manual,24.00,,true,true,,,,,,,,,,,,,,,,,,,,,,,,,,,,,,,,,,,,,,,,,,,,,,,,,,,,,,,,,,,,,,,,,,,,,,,,,,,,,,,,,,lb,,,,,,,,,,,,,,,,,,,,,,,,,,,,,,,,,,,,,,,,,,,,,,,,,,,,,,,,,,,,,,,,,,,,,,,,,,,,,,,,,,,,,,,,,,,,,,,,,,,,,,,,,
golden-retriever-embroidered-icon,,,,,,,,,Large,,,,,,,,ICON-45851597209857,0.0,,deny,manual,48.00,,true,true,,,,,,,,,,,,,,,,,,,,,,,,,,,,,,,,,,,,,,,,,,,,,,,,,,,,,,,,,,,,,,,,,,,,,,,,,,,,,,,,,,lb,,,,,,,,,,,,,,,,,,,,,,,,,,,,,,,,,,,,,,,,,,,,,,,,,,,,,,,,,,,,,,,,,,,,,,,,,,,,,,,,,,,,,,,,,,,,,,,,,,,,,,,,,
german-shepard-embroidered-icon,German Shepard Embroidered Icon,"",Abbode Embroidery Design,Product Add-Ons > Product Customization,Embroidery Design,"hidden, icon, instant_exclude, revoq-no-withdrawal, webster-live",true,Size,Small,,,,,,,,ICON-45851594391809,0.0,,deny,manual,24.00,,true,true,,,,,,https://cdn.shopify.com/s/files/1/0321/4956/9675/files/German_Shepard.png?v=1779839408,1,"",false,,,,,,,,,,,,,,,,,ICON-CU,,,,,,,,,,,,,,,,,,,,'1,,,,,,,,,,,,,,,,,,,,,,,,,,,,,,,,,,,,lb,,,false,,,false,,,false,,,false,,,false,,,false,,,false,,,false,,,false,,,false,,,false,,,false,,,false,,,false,,,false,,,false,,,false,,,false,,,false,,,false,,,false,,,false,,,false,,,false,,,false,,,false,,,false,,,false,,,false,,,false,,,false,,,false,,,false,,,false,,,active
german-shepard-embroidered-icon,,,,,,,,,Medium,,,,,,,,ICON-45851594424577,0.0,,deny,manual,24.00,,true,true,,,,,,,,,,,,,,,,,,,,,,,,,,,,,,,,,,,,,,,,,,,,,,,,,,,,,,,,,,,,,,,,,,,,,,,,,,,,,,,,,,lb,,,,,,,,,,,,,,,,,,,,,,,,,,,,,,,,,,,,,,,,,,,,,,,,,,,,,,,,,,,,,,,,,,,,,,,,,,,,,,,,,,,,,,,,,,,,,,,,,,,,,,,,,
german-shepard-embroidered-icon,,,,,,,,,Large,,,,,,,,ICON-45851594457345,0.0,,deny,manual,48.00,,true,true,,,,,,,,,,,,,,,,,,,,,,,,,,,,,,,,,,,,,,,,,,,,,,,,,,,,,,,,,,,,,,,,,,,,,,,,,,,,,,,,,,lb,,,,,,,,,,,,,,,,,,,,,,,,,,,,,,,,,,,,,,,,,,,,,,,,,,,,,,,,,,,,,,,,,,,,,,,,,,,,,,,,,,,,,,,,,,,,,,,,,,,,,,,,,
frenchie-embroidered-icon,Frenchie Embroidered Icon,"",Abbode Embroidery Design,Product Add-Ons > Product Customization,Embroidery Design,"hidden, icon, instant_exclude, revoq-no-withdrawal, webster-live",true,Size,Small,,,,,,,,ICON-45851591344385,0.0,,deny,manual,24.00,,true,true,,,,,,https://cdn.shopify.com/s/files/1/0321/4956/9675/files/Frenchie.png?v=1779839466,1,"",false,,,,,,,,,,,,,,,,,ICON-CU,,,,,,,,,,,,,,,,,,,,'1,,,,,,,,,,,,,,,,,,,,,,,,,,,,,,,,,,,,lb,,,false,,,false,,,false,,,false,,,false,,,false,,,false,,,false,,,false,,,false,,,false,,,false,,,false,,,false,,,false,,,false,,,false,,,false,,,false,,,false,,,false,,,false,,,false,,,false,,,false,,,false,,,false,,,false,,,false,,,false,,,false,,,false,,,false,,,false,,,active
frenchie-embroidered-icon,,,,,,,,,Medium,,,,,,,,ICON-45851591377153,0.0,,deny,manual,24.00,,true,true,,,,,,,,,,,,,,,,,,,,,,,,,,,,,,,,,,,,,,,,,,,,,,,,,,,,,,,,,,,,,,,,,,,,,,,,,,,,,,,,,,lb,,,,,,,,,,,,,,,,,,,,,,,,,,,,,,,,,,,,,,,,,,,,,,,,,,,,,,,,,,,,,,,,,,,,,,,,,,,,,,,,,,,,,,,,,,,,,,,,,,,,,,,,,
frenchie-embroidered-icon,,,,,,,,,Large,,,,,,,,ICON-45851591409921,0.0,,deny,manual,48.00,,true,true,,,,,,,,,,,,,,,,,,,,,,,,,,,,,,,,,,,,,,,,,,,,,,,,,,,,,,,,,,,,,,,,,,,,,,,,,,,,,,,,,,lb,,,,,,,,,,,,,,,,,,,,,,,,,,,,,,,,,,,,,,,,,,,,,,,,,,,,,,,,,,,,,,,,,,,,,,,,,,,,,,,,,,,,,,,,,,,,,,,,,,,,,,,,,
english-bulldog-embroidered-icon,English Bulldog Embroidered Icon,"",Abbode Embroidery Design,Product Add-Ons > Product Customization,Embroidery Design,"hidden, icon, instant_exclude, revoq-no-withdrawal, webster-live",true,Size,Small,,,,,,,,ICON-45851590263041,0.0,,deny,manual,24.00,,true,true,,,,,,https://cdn.shopify.com/s/files/1/0321/4956/9675/files/English_Bulldog.png?v=1779839466,1,"",false,,,,,,,,,,,,,,,,,ICON-CU,,,,,,,,,,,,,,,,,,,,'1,,,,,,,,,,,,,,,,,,,,,,,,,,,,,,,,,,,,lb,,,false,,,false,,,false,,,false,,,false,,,false,,,false,,,false,,,false,,,false,,,false,,,false,,,false,,,false,,,false,,,false,,,false,,,false,,,false,,,false,,,false,,,false,,,false,,,false,,,false,,,false,,,false,,,false,,,false,,,false,,,false,,,false,,,false,,,false,,,active
english-bulldog-embroidered-icon,,,,,,,,,Medium,,,,,,,,ICON-45851590295809,0.0,,deny,manual,24.00,,true,true,,,,,,,,,,,,,,,,,,,,,,,,,,,,,,,,,,,,,,,,,,,,,,,,,,,,,,,,,,,,,,,,,,,,,,,,,,,,,,,,,,lb,,,,,,,,,,,,,,,,,,,,,,,,,,,,,,,,,,,,,,,,,,,,,,,,,,,,,,,,,,,,,,,,,,,,,,,,,,,,,,,,,,,,,,,,,,,,,,,,,,,,,,,,,
english-bulldog-embroidered-icon,,,,,,,,,Large,,,,,,,,ICON-45851590328577,0.0,,deny,manual,48.00,,true,true,,,,,,,,,,,,,,,,,,,,,,,,,,,,,,,,,,,,,,,,,,,,,,,,,,,,,,,,,,,,,,,,,,,,,,,,,,,,,,,,,,lb,,,,,,,,,,,,,,,,,,,,,,,,,,,,,,,,,,,,,,,,,,,,,,,,,,,,,,,,,,,,,,,,,,,,,,,,,,,,,,,,,,,,,,,,,,,,,,,,,,,,,,,,,
daschund-embroidered-icon,Daschund Embroidered Icon,"",Abbode Embroidery Design,Product Add-Ons > Product Customization,Embroidery Design,"hidden, icon, instant_exclude, revoq-no-withdrawal, webster-live",true,Size,Small,,,,,,,,ICON-45851589902593,0.0,,deny,manual,24.00,,true,true,,,,,,https://cdn.shopify.com/s/files/1/0321/4956/9675/files/Dachsund.png?v=1779839466,1,"",false,,,,,,,,,,,,,,,,,ICON-CU,,,,,,,,,,,,,,,,,,,,'1,,,,,,,,,,,,,,,,,,,,,,,,,,,,,,,,,,,,lb,,,false,,,false,,,false,,,false,,,false,,,false,,,false,,,false,,,false,,,false,,,false,,,false,,,false,,,false,,,false,,,false,,,false,,,false,,,false,,,false,,,false,,,false,,,false,,,false,,,false,,,false,,,false,,,false,,,false,,,false,,,false,,,false,,,false,,,false,,,active
daschund-embroidered-icon,,,,,,,,,Medium,,,,,,,,ICON-45851589935361,0.0,,deny,manual,24.00,,true,true,,,,,,,,,,,,,,,,,,,,,,,,,,,,,,,,,,,,,,,,,,,,,,,,,,,,,,,,,,,,,,,,,,,,,,,,,,,,,,,,,,lb,,,,,,,,,,,,,,,,,,,,,,,,,,,,,,,,,,,,,,,,,,,,,,,,,,,,,,,,,,,,,,,,,,,,,,,,,,,,,,,,,,,,,,,,,,,,,,,,,,,,,,,,,
daschund-embroidered-icon,,,,,,,,,Large,,,,,,,,ICON-45851589968129,0.0,,deny,manual,48.00,,true,true,,,,,,,,,,,,,,,,,,,,,,,,,,,,,,,,,,,,,,,,,,,,,,,,,,,,,,,,,,,,,,,,,,,,,,,,,,,,,,,,,,lb,,,,,,,,,,,,,,,,,,,,,,,,,,,,,,,,,,,,,,,,,,,,,,,,,,,,,,,,,,,,,,,,,,,,,,,,,,,,,,,,,,,,,,,,,,,,,,,,,,,,,,,,,
dachsund-brown-embroidered-icon,Dachsund Brown Embroidered Icon,"",Abbode Embroidery Design,Product Add-Ons > Product Customization,Embroidery Design,"hidden, icon, instant_exclude, revoq-no-withdrawal, webster-live",true,Size,Small,,,,,,,,ICON-45851589214465,0.0,,deny,manual,24.00,,true,true,,,,,,https://cdn.shopify.com/s/files/1/0321/4956/9675/files/Dachsund_Brown.png?v=1779839465,1,"",false,,,,,,,,,,,,,,,,,ICON-CU,,,,,,,,,,,,,,,,,,,,'1,,,,,,,,,,,,,,,,,,,,,,,,,,,,,,,,,,,,lb,,,false,,,false,,,false,,,false,,,false,,,false,,,false,,,false,,,false,,,false,,,false,,,false,,,false,,,false,,,false,,,false,,,false,,,false,,,false,,,false,,,false,,,false,,,false,,,false,,,false,,,false,,,false,,,false,,,false,,,false,,,false,,,false,,,false,,,false,,,active
dachsund-brown-embroidered-icon,,,,,,,,,Medium,,,,,,,,ICON-45851589247233,0.0,,deny,manual,24.00,,true,true,,,,,,,,,,,,,,,,,,,,,,,,,,,,,,,,,,,,,,,,,,,,,,,,,,,,,,,,,,,,,,,,,,,,,,,,,,,,,,,,,,lb,,,,,,,,,,,,,,,,,,,,,,,,,,,,,,,,,,,,,,,,,,,,,,,,,,,,,,,,,,,,,,,,,,,,,,,,,,,,,,,,,,,,,,,,,,,,,,,,,,,,,,,,,
dachsund-brown-embroidered-icon,,,,,,,,,Large,,,,,,,,ICON-45851589280001,0.0,,deny,manual,48.00,,true,true,,,,,,,,,,,,,,,,,,,,,,,,,,,,,,,,,,,,,,,,,,,,,,,,,,,,,,,,,,,,,,,,,,,,,,,,,,,,,,,,,,lb,,,,,,,,,,,,,,,,,,,,,,,,,,,,,,,,,,,,,,,,,,,,,,,,,,,,,,,,,,,,,,,,,,,,,,,,,,,,,,,,,,,,,,,,,,,,,,,,,,,,,,,,,
corgi-embroidered-icon,Corgi Embroidered Icon,"",Abbode Embroidery Design,Product Add-Ons > Product Customization,Embroidery Design,"hidden, icon, instant_exclude, revoq-no-withdrawal, webster-live",true,Size,Small,,,,,,,,ICON-45851587150081,0.0,,deny,manual,24.00,,true,true,,,,,,https://cdn.shopify.com/s/files/1/0321/4956/9675/files/Corgi.png?v=1779839466,1,"",false,,,,,,,,,,,,,,,,,ICON-CU,,,,,,,,,,,,,,,,,,,,'1,,,,,,,,,,,,,,,,,,,,,,,,,,,,,,,,,,,,lb,,,false,,,false,,,false,,,false,,,false,,,false,,,false,,,false,,,false,,,false,,,false,,,false,,,false,,,false,,,false,,,false,,,false,,,false,,,false,,,false,,,false,,,false,,,false,,,false,,,false,,,false,,,false,,,false,,,false,,,false,,,false,,,false,,,false,,,false,,,active
corgi-embroidered-icon,,,,,,,,,Medium,,,,,,,,ICON-45851587182849,0.0,,deny,manual,24.00,,true,true,,,,,,,,,,,,,,,,,,,,,,,,,,,,,,,,,,,,,,,,,,,,,,,,,,,,,,,,,,,,,,,,,,,,,,,,,,,,,,,,,,lb,,,,,,,,,,,,,,,,,,,,,,,,,,,,,,,,,,,,,,,,,,,,,,,,,,,,,,,,,,,,,,,,,,,,,,,,,,,,,,,,,,,,,,,,,,,,,,,,,,,,,,,,,
corgi-embroidered-icon,,,,,,,,,Large,,,,,,,,ICON-45851587215617,0.0,,deny,manual,48.00,,true,true,,,,,,,,,,,,,,,,,,,,,,,,,,,,,,,,,,,,,,,,,,,,,,,,,,,,,,,,,,,,,,,,,,,,,,,,,,,,,,,,,,lb,,,,,,,,,,,,,,,,,,,,,,,,,,,,,,,,,,,,,,,,,,,,,,,,,,,,,,,,,,,,,,,,,,,,,,,,,,,,,,,,,,,,,,,,,,,,,,,,,,,,,,,,,
cocker-spaniel-embroidered-icon,Cavalier King Charles Spaniel Embroidered Icon,"",Abbode Embroidery Design,Product Add-Ons > Product Customization,Embroidery Design,"hidden, icon, instant_exclude, revoq-no-withdrawal, webster-live",true,Size,Small,,,,,,,,ICON-45851586527489,0.0,,deny,manual,24.00,,true,true,,,,,,https://cdn.shopify.com/s/files/1/0321/4956/9675/files/Cockerspaniel.png?v=1779839466,1,"",false,,,,,,,,,,,,,,,,,ICON-CU,,,,,,,,,,,,,,,,,,,,'1,,,,,,,,,,,,,,,,,,,,,,,,,,,,,,,,,,,,lb,,,false,,,false,,,false,,,false,,,false,,,false,,,false,,,false,,,false,,,false,,,false,,,false,,,false,,,false,,,false,,,false,,,false,,,false,,,false,,,false,,,false,,,false,,,false,,,false,,,false,,,false,,,false,,,false,,,false,,,false,,,false,,,false,,,false,,,false,,,active
cocker-spaniel-embroidered-icon,,,,,,,,,Medium,,,,,,,,ICON-45851586560257,0.0,,deny,manual,24.00,,true,true,,,,,,,,,,,,,,,,,,,,,,,,,,,,,,,,,,,,,,,,,,,,,,,,,,,,,,,,,,,,,,,,,,,,,,,,,,,,,,,,,,lb,,,,,,,,,,,,,,,,,,,,,,,,,,,,,,,,,,,,,,,,,,,,,,,,,,,,,,,,,,,,,,,,,,,,,,,,,,,,,,,,,,,,,,,,,,,,,,,,,,,,,,,,,
cocker-spaniel-embroidered-icon,,,,,,,,,Large,,,,,,,,ICON-45851586593025,0.0,,deny,manual,48.00,,true,true,,,,,,,,,,,,,,,,,,,,,,,,,,,,,,,,,,,,,,,,,,,,,,,,,,,,,,,,,,,,,,,,,,,,,,,,,,,,,,,,,,lb,,,,,,,,,,,,,,,,,,,,,,,,,,,,,,,,,,,,,,,,,,,,,,,,,,,,,,,,,,,,,,,,,,,,,,,,,,,,,,,,,,,,,,,,,,,,,,,,,,,,,,,,,
chihuahua-embroidered-icon,Chihuahua Embroidered Icon,"",Abbode Embroidery Design,Product Add-Ons > Product Customization,Embroidery Design,"hidden, icon, instant_exclude, revoq-no-withdrawal, webster-live",true,Size,Small,,,,,,,,ICON-45851584594177,0.0,,deny,manual,24.00,,true,true,,,,,,https://cdn.shopify.com/s/files/1/0321/4956/9675/files/Chihuahua.png?v=1779839466,1,"",false,,,,,,,,,,,,,,,,,ICON-CU,,,,,,,,,,,,,,,,,,,,'1,,,,,,,,,,,,,,,,,,,,,,,,,,,,,,,,,,,,lb,,,false,,,false,,,false,,,false,,,false,,,false,,,false,,,false,,,false,,,false,,,false,,,false,,,false,,,false,,,false,,,false,,,false,,,false,,,false,,,false,,,false,,,false,,,false,,,false,,,false,,,false,,,false,,,false,,,false,,,false,,,false,,,false,,,false,,,false,,,active
chihuahua-embroidered-icon,,,,,,,,,Medium,,,,,,,,ICON-45851584626945,0.0,,deny,manual,24.00,,true,true,,,,,,,,,,,,,,,,,,,,,,,,,,,,,,,,,,,,,,,,,,,,,,,,,,,,,,,,,,,,,,,,,,,,,,,,,,,,,,,,,,lb,,,,,,,,,,,,,,,,,,,,,,,,,,,,,,,,,,,,,,,,,,,,,,,,,,,,,,,,,,,,,,,,,,,,,,,,,,,,,,,,,,,,,,,,,,,,,,,,,,,,,,,,,
chihuahua-embroidered-icon,,,,,,,,,Large,,,,,,,,ICON-45851584659713,0.0,,deny,manual,48.00,,true,true,,,,,,,,,,,,,,,,,,,,,,,,,,,,,,,,,,,,,,,,,,,,,,,,,,,,,,,,,,,,,,,,,,,,,,,,,,,,,,,,,,lb,,,,,,,,,,,,,,,,,,,,,,,,,,,,,,,,,,,,,,,,,,,,,,,,,,,,,,,,,,,,,,,,,,,,,,,,,,,,,,,,,,,,,,,,,,,,,,,,,,,,,,,,,
boxer-embroidered-icon,Boxer Embroidered Icon,"",Abbode Embroidery Design,Product Add-Ons > Product Customization,Embroidery Design,"hidden, icon, instant_exclude, revoq-no-withdrawal, webster-live",true,Size,Small,,,,,,,,ICON-45851584102657,0.0,,deny,manual,24.00,,true,true,,,,,,https://cdn.shopify.com/s/files/1/0321/4956/9675/files/Boxer.png?v=1779839465,1,"",false,,,,,,,,,,,,,,,,,ICON-CU,,,,,,,,,,,,,,,,,,,,'1,,,,,,,,,,,,,,,,,,,,,,,,,,,,,,,,,,,,lb,,,false,,,false,,,false,,,false,,,false,,,false,,,false,,,false,,,false,,,false,,,false,,,false,,,false,,,false,,,false,,,false,,,false,,,false,,,false,,,false,,,false,,,false,,,false,,,false,,,false,,,false,,,false,,,false,,,false,,,false,,,false,,,false,,,false,,,false,,,active
boxer-embroidered-icon,,,,,,,,,Medium,,,,,,,,ICON-45851584135425,0.0,,deny,manual,24.00,,true,true,,,,,,,,,,,,,,,,,,,,,,,,,,,,,,,,,,,,,,,,,,,,,,,,,,,,,,,,,,,,,,,,,,,,,,,,,,,,,,,,,,lb,,,,,,,,,,,,,,,,,,,,,,,,,,,,,,,,,,,,,,,,,,,,,,,,,,,,,,,,,,,,,,,,,,,,,,,,,,,,,,,,,,,,,,,,,,,,,,,,,,,,,,,,,
boxer-embroidered-icon,,,,,,,,,Large,,,,,,,,ICON-45851584168193,0.0,,deny,manual,48.00,,true,true,,,,,,,,,,,,,,,,,,,,,,,,,,,,,,,,,,,,,,,,,,,,,,,,,,,,,,,,,,,,,,,,,,,,,,,,,,,,,,,,,,lb,,,,,,,,,,,,,,,,,,,,,,,,,,,,,,,,,,,,,,,,,,,,,,,,,,,,,,,,,,,,,,,,,,,,,,,,,,,,,,,,,,,,,,,,,,,,,,,,,,,,,,,,,
black-lab-embroidered-icon,Black Lab Embroidered Icon,"",Abbode Embroidery Design,Product Add-Ons > Product Customization,Embroidery Design,"hidden, icon, instant_exclude, revoq-no-withdrawal, webster-live",true,Size,Small,,,,,,,,ICON-45851583512833,0.0,,deny,manual,24.00,,true,true,,,,,,https://cdn.shopify.com/s/files/1/0321/4956/9675/files/Black_Lab.png?v=1779839466,1,"",false,,,,,,,,,,,,,,,,,ICON-CU,,,,,,,,,,,,,,,,,,,,'1,,,,,,,,,,,,,,,,,,,,,,,,,,,,,,,,,,,,lb,,,false,,,false,,,false,,,false,,,false,,,false,,,false,,,false,,,false,,,false,,,false,,,false,,,false,,,false,,,false,,,false,,,false,,,false,,,false,,,false,,,false,,,false,,,false,,,false,,,false,,,false,,,false,,,false,,,false,,,false,,,false,,,false,,,false,,,false,,,active
black-lab-embroidered-icon,,,,,,,,,Medium,,,,,,,,ICON-45851583545601,0.0,,deny,manual,24.00,,true,true,,,,,,,,,,,,,,,,,,,,,,,,,,,,,,,,,,,,,,,,,,,,,,,,,,,,,,,,,,,,,,,,,,,,,,,,,,,,,,,,,,lb,,,,,,,,,,,,,,,,,,,,,,,,,,,,,,,,,,,,,,,,,,,,,,,,,,,,,,,,,,,,,,,,,,,,,,,,,,,,,,,,,,,,,,,,,,,,,,,,,,,,,,,,,
black-lab-embroidered-icon,,,,,,,,,Large,,,,,,,,ICON-45851583578369,0.0,,deny,manual,48.00,,true,true,,,,,,,,,,,,,,,,,,,,,,,,,,,,,,,,,,,,,,,,,,,,,,,,,,,,,,,,,,,,,,,,,,,,,,,,,,,,,,,,,,lb,,,,,,,,,,,,,,,,,,,,,,,,,,,,,,,,,,,,,,,,,,,,,,,,,,,,,,,,,,,,,,,,,,,,,,,,,,,,,,,,,,,,,,,,,,,,,,,,,,,,,,,,,
beagle-embroidered-icon,Beagle Embroidered Icon,"",Abbode Embroidery Design,Product Add-Ons > Product Customization,Embroidery Design,"hidden, icon, instant_exclude, revoq-no-withdrawal, webster-live",true,Size,Small,,,,,,,,ICON-45851582398721,0.0,,deny,manual,24.00,,true,true,,,,,,https://cdn.shopify.com/s/files/1/0321/4956/9675/files/Beagle.png?v=1779839466,1,"",false,,,,,,,,,,,,,,,,,ICON-CU,,,,,,,,,,,,,,,,,,,,'1,,,,,,,,,,,,,,,,,,,,,,,,,,,,,,,,,,,,lb,,,false,,,false,,,false,,,false,,,false,,,false,,,false,,,false,,,false,,,false,,,false,,,false,,,false,,,false,,,false,,,false,,,false,,,false,,,false,,,false,,,false,,,false,,,false,,,false,,,false,,,false,,,false,,,false,,,false,,,false,,,false,,,false,,,false,,,false,,,active
beagle-embroidered-icon,,,,,,,,,Medium,,,,,,,,ICON-45851582431489,0.0,,deny,manual,24.00,,true,true,,,,,,,,,,,,,,,,,,,,,,,,,,,,,,,,,,,,,,,,,,,,,,,,,,,,,,,,,,,,,,,,,,,,,,,,,,,,,,,,,,lb,,,,,,,,,,,,,,,,,,,,,,,,,,,,,,,,,,,,,,,,,,,,,,,,,,,,,,,,,,,,,,,,,,,,,,,,,,,,,,,,,,,,,,,,,,,,,,,,,,,,,,,,,
beagle-embroidered-icon,,,,,,,,,Large,,,,,,,,ICON-45851582464257,0.0,,deny,manual,48.00,,true,true,,,,,,,,,,,,,,,,,,,,,,,,,,,,,,,,,,,,,,,,,,,,,,,,,,,,,,,,,,,,,,,,,,,,,,,,,,,,,,,,,,lb,,,,,,,,,,,,,,,,,,,,,,,,,,,,,,,,,,,,,,,,,,,,,,,,,,,,,,,,,,,,,,,,,,,,,,,,,,,,,,,,,,,,,,,,,,,,,,,,,,,,,,,,,
aussie-shepard-embroidered-icon,Aussie Shepard Embroidered Icon,"",Abbode Embroidery Design,Product Add-Ons > Product Customization,Embroidery Design,"hidden, icon, instant_exclude, revoq-no-withdrawal, webster-live",true,Size,Small,,,,,,,,ICON-45851580236033,0.0,,deny,manual,24.00,,true,true,,,,,,https://cdn.shopify.com/s/files/1/0321/4956/9675/files/Aussie_Shepard.png?v=1779839466,1,"",false,,,,,,,,,,,,,,,,,ICON-CU,,,,,,,,,,,,,,,,,,,,'1,,,,,,,,,,,,,,,,,,,,,,,,,,,,,,,,,,,,lb,,,false,,,false,,,false,,,false,,,false,,,false,,,false,,,false,,,false,,,false,,,false,,,false,,,false,,,false,,,false,,,false,,,false,,,false,,,false,,,false,,,false,,,false,,,false,,,false,,,false,,,false,,,false,,,false,,,false,,,false,,,false,,,false,,,false,,,false,,,active
aussie-shepard-embroidered-icon,,,,,,,,,Medium,,,,,,,,ICON-45851580268801,0.0,,deny,manual,24.00,,true,true,,,,,,,,,,,,,,,,,,,,,,,,,,,,,,,,,,,,,,,,,,,,,,,,,,,,,,,,,,,,,,,,,,,,,,,,,,,,,,,,,,lb,,,,,,,,,,,,,,,,,,,,,,,,,,,,,,,,,,,,,,,,,,,,,,,,,,,,,,,,,,,,,,,,,,,,,,,,,,,,,,,,,,,,,,,,,,,,,,,,,,,,,,,,,
aussie-shepard-embroidered-icon,,,,,,,,,Large,,,,,,,,ICON-45851580301569,0.0,,deny,manual,48.00,,true,true,,,,,,,,,,,,,,,,,,,,,,,,,,,,,,,,,,,,,,,,,,,,,,,,,,,,,,,,,,,,,,,,,,,,,,,,,,,,,,,,,,lb,,,,,,,,,,,,,,,,,,,,,,,,,,,,,,,,,,,,,,,,,,,,,,,,,,,,,,,,,,,,,,,,,,,,,,,,,,,,,,,,,,,,,,,,,,,,,,,,,,,,,,,,,
abbode-bow-white-embroidered-icon,Abbode Bow White Embroidered Icon,"",Abbode Embroidery Design,Product Add-Ons > Product Customization,Embroidery Design,"hidden, icon, instant_exclude, revoq-no-withdrawal, webster-live",true,Size,Small,,,,,,,,ICON-45789728637185,0.0,,deny,manual,24.00,,true,true,,,,,,https://cdn.shopify.com/s/files/1/0321/4956/9675/files/Abbode_Bow_White.png?v=1779839467,1,"",false,,,,,,,,,,,,,,,,,ICON-CU,,,,,,,,,,,,,,,,,,,,'1,,,,,,,,,,,,,,,,,,,,,,,,,,,,,,,,,,,,lb,,,false,,,false,,,false,,,false,,,false,,,false,,,false,,,false,,,false,,,false,,,false,,,false,,,false,,,false,,,false,,,false,,,false,,,false,,,false,,,false,,,false,,,false,,,false,,,false,,,false,,,false,,,false,,,false,,,false,,,false,,,false,,,false,,,false,,,false,,,active
abbode-bow-white-embroidered-icon,,,,,,,,,Medium,,,,,,,,ICON-45789728669953,0.0,,deny,manual,24.00,,true,true,,,,,,,,,,,,,,,,,,,,,,,,,,,,,,,,,,,,,,,,,,,,,,,,,,,,,,,,,,,,,,,,,,,,,,,,,,,,,,,,,,lb,,,,,,,,,,,,,,,,,,,,,,,,,,,,,,,,,,,,,,,,,,,,,,,,,,,,,,,,,,,,,,,,,,,,,,,,,,,,,,,,,,,,,,,,,,,,,,,,,,,,,,,,,
abbode-bow-white-embroidered-icon,,,,,,,,,Large,,,,,,,,ICON-45789728702721,0.0,,deny,manual,48.00,,true,true,,,,,,,,,,,,,,,,,,,,,,,,,,,,,,,,,,,,,,,,,,,,,,,,,,,,,,,,,,,,,,,,,,,,,,,,,,,,,,,,,,lb,,,,,,,,,,,,,,,,,,,,,,,,,,,,,,,,,,,,,,,,,,,,,,,,,,,,,,,,,,,,,,,,,,,,,,,,,,,,,,,,,,,,,,,,,,,,,,,,,,,,,,,,,
abbode-bow-purple-embroidered-icon,Abbode Bow Purple Embroidered Icon,"",Abbode Embroidery Design,Product Add-Ons > Product Customization,Embroidery Design,"hidden, icon, instant_exclude, revoq-no-withdrawal, webster-live",true,Size,Small,,,,,,,,ICON-45789727949057,0.0,,deny,manual,24.00,,true,true,,,,,,https://cdn.shopify.com/s/files/1/0321/4956/9675/files/Abbode_Bow_Purple.png?v=1779839466,1,"",false,,,,,,,,,,,,,,,,,ICON-CU,,,,,,,,,,,,,,,,,,,,'1,,,,,,,,,,,,,,,,,,,,,,,,,,,,,,,,,,,,lb,,,false,,,false,,,false,,,false,,,false,,,false,,,false,,,false,,,false,,,false,,,false,,,false,,,false,,,false,,,false,,,false,,,false,,,false,,,false,,,false,,,false,,,false,,,false,,,false,,,false,,,false,,,false,,,false,,,false,,,false,,,false,,,false,,,false,,,false,,,active
abbode-bow-purple-embroidered-icon,,,,,,,,,Medium,,,,,,,,ICON-45789727981825,0.0,,deny,manual,24.00,,true,true,,,,,,,,,,,,,,,,,,,,,,,,,,,,,,,,,,,,,,,,,,,,,,,,,,,,,,,,,,,,,,,,,,,,,,,,,,,,,,,,,,lb,,,,,,,,,,,,,,,,,,,,,,,,,,,,,,,,,,,,,,,,,,,,,,,,,,,,,,,,,,,,,,,,,,,,,,,,,,,,,,,,,,,,,,,,,,,,,,,,,,,,,,,,,
abbode-bow-purple-embroidered-icon,,,,,,,,,Large,,,,,,,,ICON-45789728014593,0.0,,deny,manual,48.00,,true,true,,,,,,,,,,,,,,,,,,,,,,,,,,,,,,,,,,,,,,,,,,,,,,,,,,,,,,,,,,,,,,,,,,,,,,,,,,,,,,,,,,lb,,,,,,,,,,,,,,,,,,,,,,,,,,,,,,,,,,,,,,,,,,,,,,,,,,,,,,,,,,,,,,,,,,,,,,,,,,,,,,,,,,,,,,,,,,,,,,,,,,,,,,,,,
abbode-bow-green-embroidered-icon,Abbode Bow Green Embroidered Icon,"",Abbode Embroidery Design,Product Add-Ons > Product Customization,Embroidery Design,"hidden, icon, instant_exclude, revoq-no-withdrawal, webster-live",true,Size,Small,,,,,,,,ICON-45789727654145,0.0,,deny,manual,24.00,,true,true,,,,,,https://cdn.shopify.com/s/files/1/0321/4956/9675/files/Abbode_Bow_Green_1.png?v=1779839466,1,"",false,,,,,,,,,,,,,,,,,ICON-CU,,,,,,,,,,,,,,,,,,,,'1,,,,,,,,,,,,,,,,,,,,,,,,,,,,,,,,,,,,lb,,,false,,,false,,,false,,,false,,,false,,,false,,,false,,,false,,,false,,,false,,,false,,,false,,,false,,,false,,,false,,,false,,,false,,,false,,,false,,,false,,,false,,,false,,,false,,,false,,,false,,,false,,,false,,,false,,,false,,,false,,,false,,,false,,,false,,,false,,,active
abbode-bow-green-embroidered-icon,,,,,,,,,Medium,,,,,,,,ICON-45789727686913,0.0,,deny,manual,24.00,,true,true,,,,,,,,,,,,,,,,,,,,,,,,,,,,,,,,,,,,,,,,,,,,,,,,,,,,,,,,,,,,,,,,,,,,,,,,,,,,,,,,,,lb,,,,,,,,,,,,,,,,,,,,,,,,,,,,,,,,,,,,,,,,,,,,,,,,,,,,,,,,,,,,,,,,,,,,,,,,,,,,,,,,,,,,,,,,,,,,,,,,,,,,,,,,,
abbode-bow-green-embroidered-icon,,,,,,,,,Large,,,,,,,,ICON-45789727719681,0.0,,deny,manual,48.00,,true,true,,,,,,,,,,,,,,,,,,,,,,,,,,,,,,,,,,,,,,,,,,,,,,,,,,,,,,,,,,,,,,,,,,,,,,,,,,,,,,,,,,lb,,,,,,,,,,,,,,,,,,,,,,,,,,,,,,,,,,,,,,,,,,,,,,,,,,,,,,,,,,,,,,,,,,,,,,,,,,,,,,,,,,,,,,,,,,,,,,,,,,,,,,,,,
abbode-bow-black-embroidered-icon,Abbode Bow Black Embroidered Icon,"",Abbode Embroidery Design,Product Add-Ons > Product Customization,Embroidery Design,"hidden, icon, instant_exclude, revoq-no-withdrawal, webster-live",true,Size,Small,,,,,,,,ICON-45789725524225,0.0,,deny,manual,24.00,,true,true,,,,,,https://cdn.shopify.com/s/files/1/0321/4956/9675/files/Abbode_Bow_Black.png?v=1779839466,1,"",false,,,,,,,,,,,,,,,,,ICON-CU,,,,,,,,,,,,,,,,,,,,'1,,,,,,,,,,,,,,,,,,,,,,,,,,,,,,,,,,,,lb,,,false,,,false,,,false,,,false,,,false,,,false,,,false,,,false,,,false,,,false,,,false,,,false,,,false,,,false,,,false,,,false,,,false,,,false,,,false,,,false,,,false,,,false,,,false,,,false,,,false,,,false,,,false,,,false,,,false,,,false,,,false,,,false,,,false,,,false,,,active
abbode-bow-black-embroidered-icon,,,,,,,,,Medium,,,,,,,,ICON-45789725556993,0.0,,deny,manual,24.00,,true,true,,,,,,,,,,,,,,,,,,,,,,,,,,,,,,,,,,,,,,,,,,,,,,,,,,,,,,,,,,,,,,,,,,,,,,,,,,,,,,,,,,lb,,,,,,,,,,,,,,,,,,,,,,,,,,,,,,,,,,,,,,,,,,,,,,,,,,,,,,,,,,,,,,,,,,,,,,,,,,,,,,,,,,,,,,,,,,,,,,,,,,,,,,,,,
abbode-bow-black-embroidered-icon,,,,,,,,,Large,,,,,,,,ICON-45789725589761,0.0,,deny,manual,48.00,,true,true,,,,,,,,,,,,,,,,,,,,,,,,,,,,,,,,,,,,,,,,,,,,,,,,,,,,,,,,,,,,,,,,,,,,,,,,,,,,,,,,,,lb,,,,,,,,,,,,,,,,,,,,,,,,,,,,,,,,,,,,,,,,,,,,,,,,,,,,,,,,,,,,,,,,,,,,,,,,,,,,,,,,,,,,,,,,,,,,,,,,,,,,,,,,,
v2-xoxo-red,XOXO Red Embroidered Icon,"",Abbode Embroidery Design,Product Add-Ons > Product Customization,Embroidery Design,"hidden, icon, instant_exclude, revoq-no-withdrawal, webster-live",true,Size,Small,,,,,,,,ICON-45784351408385,0.0,,deny,manual,24.00,,true,true,,,,,,https://cdn.shopify.com/s/files/1/0321/4956/9675/files/download_3ee899d5-7e7b-4eff-bbe0-7e2384cf3631.png?v=1779839466,1,"",false,,,,,,,,,,,,,,,,,ICON-CU,,,,,,,,,,,,,,,,,,,,'1,,,,,,,,,,,,,,,,,,,,,,,,,,,,,,,,,,,,g,,,false,,,false,,,false,,,false,,,false,,,false,,,false,,,false,,,false,,,false,,,false,,,false,,,false,,,false,,,false,,,false,,,false,,,false,,,false,,,false,,,false,,,false,,,false,,,false,,,false,,,false,,,false,,,false,,,false,,,false,,,false,,,false,,,false,,,false,,,active
v2-xoxo-red,,,,,,,,,Large,,,,,,,,ICON-45784351441153,0.0,,deny,manual,48.00,,true,true,,,,,,,,,,,,,,,,,,,,,,,,,,,,,,,,,,,,,,,,,,,,,,,,,,,,,,,,,,,,,,,,,,,,,,,,,,,,,,,,,,g,,,,,,,,,,,,,,,,,,,,,,,,,,,,,,,,,,,,,,,,,,,,,,,,,,,,,,,,,,,,,,,,,,,,,,,,,,,,,,,,,,,,,,,,,,,,,,,,,,,,,,,,,
v2-xoxo-red,,,,,,,,,Medium,,,,,,,,ICON-45784351473921,0.0,,deny,manual,24.00,,true,true,,,,,,,,,,,,,,,,,,,,,,,,,,,,,,,,,,,,,,,,,,,,,,,,,,,,,,,,,,,,,,,,,,,,,,,,,,,,,,,,,,g,,,,,,,,,,,,,,,,,,,,,,,,,,,,,,,,,,,,,,,,,,,,,,,,,,,,,,,,,,,,,,,,,,,,,,,,,,,,,,,,,,,,,,,,,,,,,,,,,,,,,,,,,
v2-xoxo-heart-3d,XOXO Heart 3D Embroidered Icon,"",Abbode Embroidery Design,Product Add-Ons > Product Customization,Embroidery Design,"hidden, icon, instant_exclude, revoq-no-withdrawal, webster-live",true,Size,Small,,,,,,,,ICON-45784351211777,0.0,,deny,manual,24.00,,true,true,,,,,,https://cdn.shopify.com/s/files/1/0321/4956/9675/files/download_bd2e30ac-7aa0-40ea-b7ec-3cf1203dfa43.png?v=1779839466,1,"",false,,,,,,,,,,,,,,,,,ICON-CU,,,,,,,,,,,,,,,,,,,,'1,,,,,,,,,,,,,,,,,,,,,,,,,,,,,,,,,,,,g,,,false,,,false,,,false,,,false,,,false,,,false,,,false,,,false,,,false,,,false,,,false,,,false,,,false,,,false,,,false,,,false,,,false,,,false,,,false,,,false,,,false,,,false,,,false,,,false,,,false,,,false,,,false,,,false,,,false,,,false,,,false,,,false,,,false,,,false,,,active
v2-xoxo-heart-3d,,,,,,,,,Large,,,,,,,,ICON-45784351244545,0.0,,deny,manual,48.00,,true,true,,,,,,,,,,,,,,,,,,,,,,,,,,,,,,,,,,,,,,,,,,,,,,,,,,,,,,,,,,,,,,,,,,,,,,,,,,,,,,,,,,g,,,,,,,,,,,,,,,,,,,,,,,,,,,,,,,,,,,,,,,,,,,,,,,,,,,,,,,,,,,,,,,,,,,,,,,,,,,,,,,,,,,,,,,,,,,,,,,,,,,,,,,,,
v2-xoxo-heart-3d,,,,,,,,,Medium,,,,,,,,ICON-45784351277313,0.0,,deny,manual,24.00,,true,true,,,,,,,,,,,,,,,,,,,,,,,,,,,,,,,,,,,,,,,,,,,,,,,,,,,,,,,,,,,,,,,,,,,,,,,,,,,,,,,,,,g,,,,,,,,,,,,,,,,,,,,,,,,,,,,,,,,,,,,,,,,,,,,,,,,,,,,,,,,,,,,,,,,,,,,,,,,,,,,,,,,,,,,,,,,,,,,,,,,,,,,,,,,,
v2-xoxo,XOXO Embroidered Icon,"",Abbode Embroidery Design,Product Add-Ons > Product Customization,Embroidery Design,"hidden, icon, instant_exclude, revoq-no-withdrawal, webster-live",true,Size,Small,,,,,,,,ICON-45784351080705,0.0,,deny,manual,24.00,,true,true,,,,,,https://cdn.shopify.com/s/files/1/0321/4956/9675/files/download_001684ea-3b93-439d-9d24-82a7780100ee.png?v=1779839466,1,"",false,,,,,,,,,,,,,,,,,ICON-CU,,,,,,,,,,,,,,,,,,,,'1,,,,,,,,,,,,,,,,,,,,,,,,,,,,,,,,,,,,g,,,false,,,false,,,false,,,false,,,false,,,false,,,false,,,false,,,false,,,false,,,false,,,false,,,false,,,false,,,false,,,false,,,false,,,false,,,false,,,false,,,false,,,false,,,false,,,false,,,false,,,false,,,false,,,false,,,false,,,false,,,false,,,false,,,false,,,false,,,active
v2-xoxo,,,,,,,,,Large,,,,,,,,ICON-45784351113473,0.0,,deny,manual,48.00,,true,true,,,,,,,,,,,,,,,,,,,,,,,,,,,,,,,,,,,,,,,,,,,,,,,,,,,,,,,,,,,,,,,,,,,,,,,,,,,,,,,,,,g,,,,,,,,,,,,,,,,,,,,,,,,,,,,,,,,,,,,,,,,,,,,,,,,,,,,,,,,,,,,,,,,,,,,,,,,,,,,,,,,,,,,,,,,,,,,,,,,,,,,,,,,,
v2-xoxo,,,,,,,,,Medium,,,,,,,,ICON-45784351146241,0.0,,deny,manual,24.00,,true,true,,,,,,,,,,,,,,,,,,,,,,,,,,,,,,,,,,,,,,,,,,,,,,,,,,,,,,,,,,,,,,,,,,,,,,,,,,,,,,,,,,g,,,,,,,,,,,,,,,,,,,,,,,,,,,,,,,,,,,,,,,,,,,,,,,,,,,,,,,,,,,,,,,,,,,,,,,,,,,,,,,,,,,,,,,,,,,,,,,,,,,,,,,,,
v2-white-heart,White Heart Embroidered Icon,"",Abbode Embroidery Design,Product Add-Ons > Product Customization,Embroidery Design,"hidden, icon, instant_exclude, revoq-no-withdrawal, webster-live",true,Size,Small,,,,,,,,ICON-45784350949633,0.0,,deny,manual,24.00,,true,true,,,,,,https://cdn.shopify.com/s/files/1/0321/4956/9675/files/White_Heart_5975feb5-02f0-4717-8934-8ebf3c4354aa.png?v=1779839466,1,"",false,,,,,,,,,,,,,,,,,ICON-CU,,,,,,,,,,,,,,,,,,,,'1,,,,,,,,,,,,,,,,,,,,,,,,,,,,,,,,,,,,g,,,false,,,false,,,false,,,false,,,false,,,false,,,false,,,false,,,false,,,false,,,false,,,false,,,false,,,false,,,false,,,false,,,false,,,false,,,false,,,false,,,false,,,false,,,false,,,false,,,false,,,false,,,false,,,false,,,false,,,false,,,false,,,false,,,false,,,false,,,active
v2-white-heart,,,,,,,,,Large,,,,,,,,ICON-45784350982401,0.0,,deny,manual,48.00,,true,true,,,,,,,,,,,,,,,,,,,,,,,,,,,,,,,,,,,,,,,,,,,,,,,,,,,,,,,,,,,,,,,,,,,,,,,,,,,,,,,,,,g,,,,,,,,,,,,,,,,,,,,,,,,,,,,,,,,,,,,,,,,,,,,,,,,,,,,,,,,,,,,,,,,,,,,,,,,,,,,,,,,,,,,,,,,,,,,,,,,,,,,,,,,,
v2-white-heart,,,,,,,,,Medium,,,,,,,,ICON-45784351015169,0.0,,deny,manual,24.00,,true,true,,,,,,,,,,,,,,,,,,,,,,,,,,,,,,,,,,,,,,,,,,,,,,,,,,,,,,,,,,,,,,,,,,,,,,,,,,,,,,,,,,g,,,,,,,,,,,,,,,,,,,,,,,,,,,,,,,,,,,,,,,,,,,,,,,,,,,,,,,,,,,,,,,,,,,,,,,,,,,,,,,,,,,,,,,,,,,,,,,,,,,,,,,,,
v2-taxi-cc-1,Taxi CC 1 Embroidered Icon,"",Abbode Embroidery Design,Product Add-Ons > Product Customization,Embroidery Design,"hidden, icon, instant_exclude, revoq-no-withdrawal, webster-live",true,Size,Small,,,,,,,,ICON-45784350097665,0.0,,deny,manual,24.00,,true,true,,,,,,https://cdn.shopify.com/s/files/1/0321/4956/9675/files/download_a872f7cc-0d0b-488e-bd25-e704f47dc3bc.png?v=1779839467,1,"",false,,,,,,,,,,,,,,,,,ICON-CU,,,,,,,,,,,,,,,,,,,,'1,,,,,,,,,,,,,,,,,,,,,,,,,,,,,,,,,,,,g,,,false,,,false,,,false,,,false,,,false,,,false,,,false,,,false,,,false,,,false,,,false,,,false,,,false,,,false,,,false,,,false,,,false,,,false,,,false,,,false,,,false,,,false,,,false,,,false,,,false,,,false,,,false,,,false,,,false,,,false,,,false,,,false,,,false,,,false,,,active
v2-taxi-cc-1,,,,,,,,,Large,,,,,,,,ICON-45784350130433,0.0,,deny,manual,48.00,,true,true,,,,,,,,,,,,,,,,,,,,,,,,,,,,,,,,,,,,,,,,,,,,,,,,,,,,,,,,,,,,,,,,,,,,,,,,,,,,,,,,,,g,,,,,,,,,,,,,,,,,,,,,,,,,,,,,,,,,,,,,,,,,,,,,,,,,,,,,,,,,,,,,,,,,,,,,,,,,,,,,,,,,,,,,,,,,,,,,,,,,,,,,,,,,
v2-taxi-cc-1,,,,,,,,,Medium,,,,,,,,ICON-45784350163201,0.0,,deny,manual,24.00,,true,true,,,,,,,,,,,,,,,,,,,,,,,,,,,,,,,,,,,,,,,,,,,,,,,,,,,,,,,,,,,,,,,,,,,,,,,,,,,,,,,,,,g,,,,,,,,,,,,,,,,,,,,,,,,,,,,,,,,,,,,,,,,,,,,,,,,,,,,,,,,,,,,,,,,,,,,,,,,,,,,,,,,,,,,,,,,,,,,,,,,,,,,,,,,,
v2-rose,Rose Embroidered Icon,"",Abbode Embroidery Design,Product Add-Ons > Product Customization,Embroidery Design,"hidden, icon, instant_exclude, revoq-no-withdrawal, webster-live",true,Size,Small,,,,,,,,ICON-45784349966593,0.0,,deny,manual,24.00,,true,true,,,,,,https://cdn.shopify.com/s/files/1/0321/4956/9675/files/download_7436fb6e-648f-450d-8ecf-b7aac2f2d2d7.png?v=1779839466,1,"",false,,,,,,,,,,,,,,,,,ICON-CU,,,,,,,,,,,,,,,,,,,,'1,,,,,,,,,,,,,,,,,,,,,,,,,,,,,,,,,,,,g,,,false,,,false,,,false,,,false,,,false,,,false,,,false,,,false,,,false,,,false,,,false,,,false,,,false,,,false,,,false,,,false,,,false,,,false,,,false,,,false,,,false,,,false,,,false,,,false,,,false,,,false,,,false,,,false,,,false,,,false,,,false,,,false,,,false,,,false,,,active
v2-rose,,,,,,,,,Large,,,,,,,,ICON-45784349999361,0.0,,deny,manual,48.00,,true,true,,,,,,,,,,,,,,,,,,,,,,,,,,,,,,,,,,,,,,,,,,,,,,,,,,,,,,,,,,,,,,,,,,,,,,,,,,,,,,,,,,g,,,,,,,,,,,,,,,,,,,,,,,,,,,,,,,,,,,,,,,,,,,,,,,,,,,,,,,,,,,,,,,,,,,,,,,,,,,,,,,,,,,,,,,,,,,,,,,,,,,,,,,,,
v2-rose,,,,,,,,,Medium,,,,,,,,ICON-45784350032129,0.0,,deny,manual,24.00,,true,true,,,,,,,,,,,,,,,,,,,,,,,,,,,,,,,,,,,,,,,,,,,,,,,,,,,,,,,,,,,,,,,,,,,,,,,,,,,,,,,,,,g,,,,,,,,,,,,,,,,,,,,,,,,,,,,,,,,,,,,,,,,,,,,,,,,,,,,,,,,,,,,,,,,,,,,,,,,,,,,,,,,,,,,,,,,,,,,,,,,,,,,,,,,,
v2-red-rose,Red Rose Embroidered Icon,"",Abbode Embroidery Design,Product Add-Ons > Product Customization,Embroidery Design,"hidden, icon, instant_exclude, revoq-no-withdrawal, webster-live",true,Size,Small,,,,,,,,ICON-45784349769985,0.0,,deny,manual,24.00,,true,true,,,,,,https://cdn.shopify.com/s/files/1/0321/4956/9675/files/download_07d51ff4-7404-40c7-bc62-3ab481293ce9.png?v=1779839467,1,"",false,,,,,,,,,,,,,,,,,ICON-CU,,,,,,,,,,,,,,,,,,,,'1,,,,,,,,,,,,,,,,,,,,,,,,,,,,,,,,,,,,g,,,false,,,false,,,false,,,false,,,false,,,false,,,false,,,false,,,false,,,false,,,false,,,false,,,false,,,false,,,false,,,false,,,false,,,false,,,false,,,false,,,false,,,false,,,false,,,false,,,false,,,false,,,false,,,false,,,false,,,false,,,false,,,false,,,false,,,false,,,active
v2-red-rose,,,,,,,,,Large,,,,,,,,ICON-45784349802753,0.0,,deny,manual,48.00,,true,true,,,,,,,,,,,,,,,,,,,,,,,,,,,,,,,,,,,,,,,,,,,,,,,,,,,,,,,,,,,,,,,,,,,,,,,,,,,,,,,,,,g,,,,,,,,,,,,,,,,,,,,,,,,,,,,,,,,,,,,,,,,,,,,,,,,,,,,,,,,,,,,,,,,,,,,,,,,,,,,,,,,,,,,,,,,,,,,,,,,,,,,,,,,,
v2-red-rose,,,,,,,,,Medium,,,,,,,,ICON-45784349835521,0.0,,deny,manual,24.00,,true,true,,,,,,,,,,,,,,,,,,,,,,,,,,,,,,,,,,,,,,,,,,,,,,,,,,,,,,,,,,,,,,,,,,,,,,,,,,,,,,,,,,g,,,,,,,,,,,,,,,,,,,,,,,,,,,,,,,,,,,,,,,,,,,,,,,,,,,,,,,,,,,,,,,,,,,,,,,,,,,,,,,,,,,,,,,,,,,,,,,,,,,,,,,,,
v2-red-heart,Red Heart,"",Abbode Embroidery Design,Product Add-Ons > Product Customization,Embroidery Design,"hidden, icon, instant_exclude, revoq-no-withdrawal, webster-live",false,Size,Small,,,,,,,,ICON-45784349638913,0.0,,deny,manual,24.00,,true,true,,,,,,https://cdn.shopify.com/s/files/1/0321/4956/9675/files/download_a304536c-ed9b-4919-82ef-86c4ce27376f.png?v=1732305413,1,"",false,,,,,,,,,,,,,,,,,,,,,,,,,,,,,,,,,,,,,'1,,,,,,,,,,,,,,,,,,,,,,,,,,,,,,,,,,,,g,,,true,,,true,,,true,,,true,,,true,,,true,,,true,,,true,,,true,,,true,,,true,,,true,,,true,,,true,,,true,,,true,,,true,,,true,,,true,,,true,,,true,,,true,,,true,,,true,,,true,,,true,,,true,,,true,,,true,,,true,,,true,,,true,,,true,,,true,,,archived
v2-red-heart,,,,,,,,,Large,,,,,,,,ICON-45784349671681,0.0,,deny,manual,48.00,,true,true,,,,,,,,,,,,,,,,,,,,,,,,,,,,,,,,,,,,,,,,,,,,,,,,,,,,,,,,,,,,,,,,,,,,,,,,,,,,,,,,,,g,,,,,,,,,,,,,,,,,,,,,,,,,,,,,,,,,,,,,,,,,,,,,,,,,,,,,,,,,,,,,,,,,,,,,,,,,,,,,,,,,,,,,,,,,,,,,,,,,,,,,,,,,
v2-red-heart,,,,,,,,,Medium,,,,,,,,ICON-45784349704449,0.0,,deny,manual,24.00,,true,true,,,,,,,,,,,,,,,,,,,,,,,,,,,,,,,,,,,,,,,,,,,,,,,,,,,,,,,,,,,,,,,,,,,,,,,,,,,,,,,,,,g,,,,,,,,,,,,,,,,,,,,,,,,,,,,,,,,,,,,,,,,,,,,,,,,,,,,,,,,,,,,,,,,,,,,,,,,,,,,,,,,,,,,,,,,,,,,,,,,,,,,,,,,,
v2-pink-heart,Pink Heart Embroidered Icon,"",Abbode Embroidery Design,Product Add-Ons > Product Customization,Embroidery Design,"hidden, icon, instant_exclude, revoq-no-withdrawal, webster-live",true,Size,Small,,,,,,,,ICON-45784349442305,0.0,,deny,manual,24.00,,true,true,,,,,,https://cdn.shopify.com/s/files/1/0321/4956/9675/files/Pink_Heart.png?v=1779839466,1,"",false,,,,,,,,,,,,,,,,,ICON-CU,,,,,,,,,,,,,,,,,,,,'1,,,,,,,,,,,,,,,,,,,,,,,,,,,,,,,,,,,,g,,,false,,,false,,,false,,,false,,,false,,,false,,,false,,,false,,,false,,,false,,,false,,,false,,,false,,,false,,,false,,,false,,,false,,,false,,,false,,,false,,,false,,,false,,,false,,,false,,,false,,,false,,,false,,,false,,,false,,,false,,,false,,,false,,,false,,,false,,,active
v2-pink-heart,,,,,,,,,Large,,,,,,,,ICON-45784349475073,0.0,,deny,manual,48.00,,true,true,,,,,,,,,,,,,,,,,,,,,,,,,,,,,,,,,,,,,,,,,,,,,,,,,,,,,,,,,,,,,,,,,,,,,,,,,,,,,,,,,,g,,,,,,,,,,,,,,,,,,,,,,,,,,,,,,,,,,,,,,,,,,,,,,,,,,,,,,,,,,,,,,,,,,,,,,,,,,,,,,,,,,,,,,,,,,,,,,,,,,,,,,,,,
v2-pink-heart,,,,,,,,,Medium,,,,,,,,ICON-45784349507841,0.0,,deny,manual,24.00,,true,true,,,,,,,,,,,,,,,,,,,,,,,,,,,,,,,,,,,,,,,,,,,,,,,,,,,,,,,,,,,,,,,,,,,,,,,,,,,,,,,,,,g,,,,,,,,,,,,,,,,,,,,,,,,,,,,,,,,,,,,,,,,,,,,,,,,,,,,,,,,,,,,,,,,,,,,,,,,,,,,,,,,,,,,,,,,,,,,,,,,,,,,,,,,,
v2-pink-flower,Pink Flower Embroidered Icon,"",Abbode Embroidery Design,Product Add-Ons > Product Customization,Embroidery Design,"hidden, icon, instant_exclude, revoq-no-withdrawal, webster-live",true,Size,Small,,,,,,,,ICON-45784349245697,0.0,,deny,manual,24.00,,true,true,,,,,,https://cdn.shopify.com/s/files/1/0321/4956/9675/files/download_a1f12de8-f290-4200-a67f-7bb39744a4d9.png?v=1779839467,1,"",false,,,,,,,,,,,,,,,,,ICON-CU,,,,,,,,,,,,,,,,,,,,'1,,,,,,,,,,,,,,,,,,,,,,,,,,,,,,,,,,,,g,,,false,,,false,,,false,,,false,,,false,,,false,,,false,,,false,,,false,,,false,,,false,,,false,,,false,,,false,,,false,,,false,,,false,,,false,,,false,,,false,,,false,,,false,,,false,,,false,,,false,,,false,,,false,,,false,,,false,,,false,,,false,,,false,,,false,,,false,,,active
v2-pink-flower,,,,,,,,,Large,,,,,,,,ICON-45784349278465,0.0,,deny,manual,48.00,,true,true,,,,,,,,,,,,,,,,,,,,,,,,,,,,,,,,,,,,,,,,,,,,,,,,,,,,,,,,,,,,,,,,,,,,,,,,,,,,,,,,,,g,,,,,,,,,,,,,,,,,,,,,,,,,,,,,,,,,,,,,,,,,,,,,,,,,,,,,,,,,,,,,,,,,,,,,,,,,,,,,,,,,,,,,,,,,,,,,,,,,,,,,,,,,
v2-pink-flower,,,,,,,,,Medium,,,,,,,,ICON-45784349311233,0.0,,deny,manual,24.00,,true,true,,,,,,,,,,,,,,,,,,,,,,,,,,,,,,,,,,,,,,,,,,,,,,,,,,,,,,,,,,,,,,,,,,,,,,,,,,,,,,,,,,g,,,,,,,,,,,,,,,,,,,,,,,,,,,,,,,,,,,,,,,,,,,,,,,,,,,,,,,,,,,,,,,,,,,,,,,,,,,,,,,,,,,,,,,,,,,,,,,,,,,,,,,,,
v2-pink-conversation-heart,Pink Conversation Heart Embroidered Icon,"",Abbode Embroidery Design,Product Add-Ons > Product Customization,Embroidery Design,"hidden, icon, instant_exclude, revoq-no-withdrawal, webster-live",true,Size,Small,,,,,,,,ICON-45784349114625,0.0,,deny,manual,24.00,,true,true,,,,,,https://cdn.shopify.com/s/files/1/0321/4956/9675/files/download_56e82023-d40c-4f75-8d4e-fdab3eec546b.png?v=1779839467,1,"",false,,,,,,,,,,,,,,,,,ICON-CU,,,,,,,,,,,,,,,,,,,,'1,,,,,,,,,,,,,,,,,,,,,,,,,,,,,,,,,,,,g,,,false,,,false,,,false,,,false,,,false,,,false,,,false,,,false,,,false,,,false,,,false,,,false,,,false,,,false,,,false,,,false,,,false,,,false,,,false,,,false,,,false,,,false,,,false,,,false,,,false,,,false,,,false,,,false,,,false,,,false,,,false,,,false,,,false,,,false,,,active
v2-pink-conversation-heart,,,,,,,,,Large,,,,,,,,ICON-45784349147393,0.0,,deny,manual,48.00,,true,true,,,,,,,,,,,,,,,,,,,,,,,,,,,,,,,,,,,,,,,,,,,,,,,,,,,,,,,,,,,,,,,,,,,,,,,,,,,,,,,,,,g,,,,,,,,,,,,,,,,,,,,,,,,,,,,,,,,,,,,,,,,,,,,,,,,,,,,,,,,,,,,,,,,,,,,,,,,,,,,,,,,,,,,,,,,,,,,,,,,,,,,,,,,,
v2-pink-conversation-heart,,,,,,,,,Medium,,,,,,,,ICON-45784349180161,0.0,,deny,manual,24.00,,true,true,,,,,,,,,,,,,,,,,,,,,,,,,,,,,,,,,,,,,,,,,,,,,,,,,,,,,,,,,,,,,,,,,,,,,,,,,,,,,,,,,,g,,,,,,,,,,,,,,,,,,,,,,,,,,,,,,,,,,,,,,,,,,,,,,,,,,,,,,,,,,,,,,,,,,,,,,,,,,,,,,,,,,,,,,,,,,,,,,,,,,,,,,,,,
v2-peach,Peach Embroidered Icon,"",Abbode Embroidery Design,Product Add-Ons > Product Customization,Embroidery Design,"hidden, icon, instant_exclude, revoq-no-withdrawal, webster-live",true,Size,Small,,,,,,,,ICON-45784348786945,0.0,,deny,manual,24.00,,true,true,,,,,,https://cdn.shopify.com/s/files/1/0321/4956/9675/files/download_0b0850d2-d2bf-4200-95b9-9e51cb7b9511.png?v=1779839467,1,"",false,,,,,,,,,,,,,,,,,ICON-CU,,,,,,,,,,,,,,,,,,,,'1,,,,,,,,,,,,,,,,,,,,,,,,,,,,,,,,,,,,g,,,false,,,false,,,false,,,false,,,false,,,false,,,false,,,false,,,false,,,false,,,false,,,false,,,false,,,false,,,false,,,false,,,false,,,false,,,false,,,false,,,false,,,false,,,false,,,false,,,false,,,false,,,false,,,false,,,false,,,false,,,false,,,false,,,false,,,false,,,active
v2-peach,,,,,,,,,Large,,,,,,,,ICON-45784348819713,0.0,,deny,manual,48.00,,true,true,,,,,,,,,,,,,,,,,,,,,,,,,,,,,,,,,,,,,,,,,,,,,,,,,,,,,,,,,,,,,,,,,,,,,,,,,,,,,,,,,,g,,,,,,,,,,,,,,,,,,,,,,,,,,,,,,,,,,,,,,,,,,,,,,,,,,,,,,,,,,,,,,,,,,,,,,,,,,,,,,,,,,,,,,,,,,,,,,,,,,,,,,,,,
v2-peach,,,,,,,,,Medium,,,,,,,,ICON-45784348852481,0.0,,deny,manual,24.00,,true,true,,,,,,,,,,,,,,,,,,,,,,,,,,,,,,,,,,,,,,,,,,,,,,,,,,,,,,,,,,,,,,,,,,,,,,,,,,,,,,,,,,g,,,,,,,,,,,,,,,,,,,,,,,,,,,,,,,,,,,,,,,,,,,,,,,,,,,,,,,,,,,,,,,,,,,,,,,,,,,,,,,,,,,,,,,,,,,,,,,,,,,,,,,,,
v2-new-york-apple,New York Apple Embroidered Icon,"",Abbode Embroidery Design,Product Add-Ons > Product Customization,Embroidery Design,"hidden, icon, instant_exclude, revoq-no-withdrawal, webster-live",true,Size,Small,,,,,,,,ICON-45784348688641,0.0,,deny,manual,24.00,,true,true,,,,,,https://cdn.shopify.com/s/files/1/0321/4956/9675/files/download_97e061e2-b491-4d48-ac7d-14945d09a087.png?v=1779839467,1,"",false,,,,,,,,,,,,,,,,,ICON-CU,,,,,,,,,,,,,,,,,,,,'1,,,,,,,,,,,,,,,,,,,,,,,,,,,,,,,,,,,,g,,,false,,,false,,,false,,,false,,,false,,,false,,,false,,,false,,,false,,,false,,,false,,,false,,,false,,,false,,,false,,,false,,,false,,,false,,,false,,,false,,,false,,,false,,,false,,,false,,,false,,,false,,,false,,,false,,,false,,,false,,,false,,,false,,,false,,,false,,,active
v2-new-york-apple,,,,,,,,,Large,,,,,,,,ICON-45784348721409,0.0,,deny,manual,48.00,,true,true,,,,,,,,,,,,,,,,,,,,,,,,,,,,,,,,,,,,,,,,,,,,,,,,,,,,,,,,,,,,,,,,,,,,,,,,,,,,,,,,,,g,,,,,,,,,,,,,,,,,,,,,,,,,,,,,,,,,,,,,,,,,,,,,,,,,,,,,,,,,,,,,,,,,,,,,,,,,,,,,,,,,,,,,,,,,,,,,,,,,,,,,,,,,
v2-new-york-apple,,,,,,,,,Medium,,,,,,,,ICON-45784348754177,0.0,,deny,manual,24.00,,true,true,,,,,,,,,,,,,,,,,,,,,,,,,,,,,,,,,,,,,,,,,,,,,,,,,,,,,,,,,,,,,,,,,,,,,,,,,,,,,,,,,,g,,,,,,,,,,,,,,,,,,,,,,,,,,,,,,,,,,,,,,,,,,,,,,,,,,,,,,,,,,,,,,,,,,,,,,,,,,,,,,,,,,,,,,,,,,,,,,,,,,,,,,,,,
v2-mushroom-2,Mushroom 2 Embroidered Icon,"",Abbode Embroidery Design,Product Add-Ons > Product Customization,Embroidery Design,"hidden, icon, instant_exclude, revoq-no-withdrawal, webster-live",true,Size,Small,,,,,,,,ICON-45784348524801,0.0,,deny,manual,24.00,,true,true,,,,,,https://cdn.shopify.com/s/files/1/0321/4956/9675/files/download_95ab2769-b8d6-48b5-8c6b-dbd9d3e6c4a5.png?v=1779839467,1,"",false,,,,,,,,,,,,,,,,,ICON-CU,,,,,,,,,,,,,,,,,,,,'1,,,,,,,,,,,,,,,,,,,,,,,,,,,,,,,,,,,,g,,,false,,,false,,,false,,,false,,,false,,,false,,,false,,,false,,,false,,,false,,,false,,,false,,,false,,,false,,,false,,,false,,,false,,,false,,,false,,,false,,,false,,,false,,,false,,,false,,,false,,,false,,,false,,,false,,,false,,,false,,,false,,,false,,,false,,,false,,,active
v2-mushroom-2,,,,,,,,,Large,,,,,,,,ICON-45784348557569,0.0,,deny,manual,48.00,,true,true,,,,,,,,,,,,,,,,,,,,,,,,,,,,,,,,,,,,,,,,,,,,,,,,,,,,,,,,,,,,,,,,,,,,,,,,,,,,,,,,,,g,,,,,,,,,,,,,,,,,,,,,,,,,,,,,,,,,,,,,,,,,,,,,,,,,,,,,,,,,,,,,,,,,,,,,,,,,,,,,,,,,,,,,,,,,,,,,,,,,,,,,,,,,
v2-mushroom-2,,,,,,,,,Medium,,,,,,,,ICON-45784348590337,0.0,,deny,manual,24.00,,true,true,,,,,,,,,,,,,,,,,,,,,,,,,,,,,,,,,,,,,,,,,,,,,,,,,,,,,,,,,,,,,,,,,,,,,,,,,,,,,,,,,,g,,,,,,,,,,,,,,,,,,,,,,,,,,,,,,,,,,,,,,,,,,,,,,,,,,,,,,,,,,,,,,,,,,,,,,,,,,,,,,,,,,,,,,,,,,,,,,,,,,,,,,,,,
v2-mushroom-1,Mushroom 1 Embroidered Icon,"",Abbode Embroidery Design,Product Add-Ons > Product Customization,Embroidery Design,"hidden, icon, instant_exclude, revoq-no-withdrawal, webster-live",true,Size,Small,,,,,,,,ICON-45784348164353,0.0,,deny,manual,24.00,,true,true,,,,,,https://cdn.shopify.com/s/files/1/0321/4956/9675/files/download_1af97b9f-330f-4251-b932-2771b73848df.png?v=1779839467,1,"",false,,,,,,,,,,,,,,,,,ICON-CU,,,,,,,,,,,,,,,,,,,,'1,,,,,,,,,,,,,,,,,,,,,,,,,,,,,,,,,,,,g,,,false,,,false,,,false,,,false,,,false,,,false,,,false,,,false,,,false,,,false,,,false,,,false,,,false,,,false,,,false,,,false,,,false,,,false,,,false,,,false,,,false,,,false,,,false,,,false,,,false,,,false,,,false,,,false,,,false,,,false,,,false,,,false,,,false,,,false,,,active
v2-mushroom-1,,,,,,,,,Large,,,,,,,,ICON-45784348197121,0.0,,deny,manual,48.00,,true,true,,,,,,,,,,,,,,,,,,,,,,,,,,,,,,,,,,,,,,,,,,,,,,,,,,,,,,,,,,,,,,,,,,,,,,,,,,,,,,,,,,g,,,,,,,,,,,,,,,,,,,,,,,,,,,,,,,,,,,,,,,,,,,,,,,,,,,,,,,,,,,,,,,,,,,,,,,,,,,,,,,,,,,,,,,,,,,,,,,,,,,,,,,,,
v2-mushroom-1,,,,,,,,,Medium,,,,,,,,ICON-45784348229889,0.0,,deny,manual,24.00,,true,true,,,,,,,,,,,,,,,,,,,,,,,,,,,,,,,,,,,,,,,,,,,,,,,,,,,,,,,,,,,,,,,,,,,,,,,,,,,,,,,,,,g,,,,,,,,,,,,,,,,,,,,,,,,,,,,,,,,,,,,,,,,,,,,,,,,,,,,,,,,,,,,,,,,,,,,,,,,,,,,,,,,,,,,,,,,,,,,,,,,,,,,,,,,,
v2-heart-design,Red Heart Embroidered Icon,"",Abbode Embroidery Design,Product Add-Ons > Product Customization,Embroidery Design,"hidden, icon, instant_exclude, revoq-no-withdrawal, webster-live",true,Size,Small,,,,,,,,ICON-45784347476225,0.0,,deny,manual,24.00,,true,true,,,,,,https://cdn.shopify.com/s/files/1/0321/4956/9675/files/Heart_Design.png?v=1779839466,1,"",false,,,,,,,,,,,,,,,,,ICON-CU,,,,,,,,,,,,,,,,,,,,'1,,,,,,,,,,,,,,,,,,,,,,,,,,,,,,,,,,,,g,,,false,,,false,,,false,,,false,,,false,,,false,,,false,,,false,,,false,,,false,,,false,,,false,,,false,,,false,,,false,,,false,,,false,,,false,,,false,,,false,,,false,,,false,,,false,,,false,,,false,,,false,,,false,,,false,,,false,,,false,,,false,,,false,,,false,,,false,,,active
v2-heart-design,,,,,,,,,Large,,,,,,,,ICON-45784347508993,0.0,,deny,manual,48.00,,true,true,,,,,,,,,,,,,,,,,,,,,,,,,,,,,,,,,,,,,,,,,,,,,,,,,,,,,,,,,,,,,,,,,,,,,,,,,,,,,,,,,,g,,,,,,,,,,,,,,,,,,,,,,,,,,,,,,,,,,,,,,,,,,,,,,,,,,,,,,,,,,,,,,,,,,,,,,,,,,,,,,,,,,,,,,,,,,,,,,,,,,,,,,,,,
v2-heart-design,,,,,,,,,Medium,,,,,,,,ICON-45784347541761,0.0,,deny,manual,24.00,,true,true,,,,,,,,,,,,,,,,,,,,,,,,,,,,,,,,,,,,,,,,,,,,,,,,,,,,,,,,,,,,,,,,,,,,,,,,,,,,,,,,,,g,,,,,,,,,,,,,,,,,,,,,,,,,,,,,,,,,,,,,,,,,,,,,,,,,,,,,,,,,,,,,,,,,,,,,,,,,,,,,,,,,,,,,,,,,,,,,,,,,,,,,,,,,
v2-evil-eye2,Evil Eye2 Embroidered Icon,"",Abbode Embroidery Design,Product Add-Ons > Product Customization,Embroidery Design,"hidden, icon, instant_exclude, revoq-no-withdrawal, webster-live",true,Size,Small,,,,,,,,ICON-45784346165505,0.0,,deny,manual,24.00,,true,true,,,,,,https://cdn.shopify.com/s/files/1/0321/4956/9675/files/download_39fa4cd5-5480-406b-b4fd-0f5c87ccfd8e.png?v=1779839645,1,"",false,,,,,,,,,,,,,,,,,ICON-CU,,,,,,,,,,,,,,,,,,,,'1,,,,,,,,,,,,,,,,,,,,,,,,,,,,,,,,,,,,g,,,false,,,false,,,false,,,false,,,false,,,false,,,false,,,false,,,false,,,false,,,false,,,false,,,false,,,false,,,false,,,false,,,false,,,false,,,false,,,false,,,false,,,false,,,false,,,false,,,false,,,false,,,false,,,false,,,false,,,false,,,false,,,false,,,false,,,false,,,active
v2-evil-eye2,,,,,,,,,Large,,,,,,,,ICON-45784346198273,0.0,,deny,manual,48.00,,true,true,,,,,,,,,,,,,,,,,,,,,,,,,,,,,,,,,,,,,,,,,,,,,,,,,,,,,,,,,,,,,,,,,,,,,,,,,,,,,,,,,,g,,,,,,,,,,,,,,,,,,,,,,,,,,,,,,,,,,,,,,,,,,,,,,,,,,,,,,,,,,,,,,,,,,,,,,,,,,,,,,,,,,,,,,,,,,,,,,,,,,,,,,,,,
v2-evil-eye2,,,,,,,,,Medium,,,,,,,,ICON-45784346231041,0.0,,deny,manual,24.00,,true,true,,,,,,,,,,,,,,,,,,,,,,,,,,,,,,,,,,,,,,,,,,,,,,,,,,,,,,,,,,,,,,,,,,,,,,,,,,,,,,,,,,g,,,,,,,,,,,,,,,,,,,,,,,,,,,,,,,,,,,,,,,,,,,,,,,,,,,,,,,,,,,,,,,,,,,,,,,,,,,,,,,,,,,,,,,,,,,,,,,,,,,,,,,,,
v2-daisy1,Daisy1 Embroidered Icon,"",Abbode Embroidery Design,Product Add-Ons > Product Customization,Embroidery Design,"hidden, icon, instant_exclude, revoq-no-withdrawal, webster-live",true,Size,Small,,,,,,,,ICON-45784346067201,0.0,,deny,manual,24.00,,true,true,,,,,,https://cdn.shopify.com/s/files/1/0321/4956/9675/files/download_eafd0032-0407-4a42-b140-918e5d5525e8.png?v=1779839646,1,"",false,,,,,,,,,,,,,,,,,ICON-CU,,,,,,,,,,,,,,,,,,,,'1,,,,,,,,,,,,,,,,,,,,,,,,,,,,,,,,,,,,g,,,false,,,false,,,false,,,false,,,false,,,false,,,false,,,false,,,false,,,false,,,false,,,false,,,false,,,false,,,false,,,false,,,false,,,false,,,false,,,false,,,false,,,false,,,false,,,false,,,false,,,false,,,false,,,false,,,false,,,false,,,false,,,false,,,false,,,false,,,active
v2-daisy1,,,,,,,,,Large,,,,,,,,ICON-45784346099969,0.0,,deny,manual,48.00,,true,true,,,,,,,,,,,,,,,,,,,,,,,,,,,,,,,,,,,,,,,,,,,,,,,,,,,,,,,,,,,,,,,,,,,,,,,,,,,,,,,,,,g,,,,,,,,,,,,,,,,,,,,,,,,,,,,,,,,,,,,,,,,,,,,,,,,,,,,,,,,,,,,,,,,,,,,,,,,,,,,,,,,,,,,,,,,,,,,,,,,,,,,,,,,,
v2-daisy1,,,,,,,,,Medium,,,,,,,,ICON-45784346132737,0.0,,deny,manual,24.00,,true,true,,,,,,,,,,,,,,,,,,,,,,,,,,,,,,,,,,,,,,,,,,,,,,,,,,,,,,,,,,,,,,,,,,,,,,,,,,,,,,,,,,g,,,,,,,,,,,,,,,,,,,,,,,,,,,,,,,,,,,,,,,,,,,,,,,,,,,,,,,,,,,,,,,,,,,,,,,,,,,,,,,,,,,,,,,,,,,,,,,,,,,,,,,,,
v2-cowgirl-hat,Cowgirl Hat Embroidered Icon,"",Abbode Embroidery Design,Product Add-Ons > Product Customization,Embroidery Design,"hidden, icon, instant_exclude, revoq-no-withdrawal, webster-live",true,Size,Small,,,,,,,,ICON-45784345968897,0.0,,deny,manual,24.00,,true,true,,,,,,https://cdn.shopify.com/s/files/1/0321/4956/9675/files/download_b36dba72-3f51-424d-90be-c5b9f11b1abf.png?v=1779839645,1,"",false,,,,,,,,,,,,,,,,,ICON-CU,,,,,,,,,,,,,,,,,,,,'1,,,,,,,,,,,,,,,,,,,,,,,,,,,,,,,,,,,,g,,,false,,,false,,,false,,,false,,,false,,,false,,,false,,,false,,,false,,,false,,,false,,,false,,,false,,,false,,,false,,,false,,,false,,,false,,,false,,,false,,,false,,,false,,,false,,,false,,,false,,,false,,,false,,,false,,,false,,,false,,,false,,,false,,,false,,,false,,,active
v2-cowgirl-hat,,,,,,,,,Large,,,,,,,,ICON-45784346001665,0.0,,deny,manual,48.00,,true,true,,,,,,,,,,,,,,,,,,,,,,,,,,,,,,,,,,,,,,,,,,,,,,,,,,,,,,,,,,,,,,,,,,,,,,,,,,,,,,,,,,g,,,,,,,,,,,,,,,,,,,,,,,,,,,,,,,,,,,,,,,,,,,,,,,,,,,,,,,,,,,,,,,,,,,,,,,,,,,,,,,,,,,,,,,,,,,,,,,,,,,,,,,,,
v2-cowgirl-hat,,,,,,,,,Medium,,,,,,,,ICON-45784346034433,0.0,,deny,manual,24.00,,true,true,,,,,,,,,,,,,,,,,,,,,,,,,,,,,,,,,,,,,,,,,,,,,,,,,,,,,,,,,,,,,,,,,,,,,,,,,,,,,,,,,,g,,,,,,,,,,,,,,,,,,,,,,,,,,,,,,,,,,,,,,,,,,,,,,,,,,,,,,,,,,,,,,,,,,,,,,,,,,,,,,,,,,,,,,,,,,,,,,,,,,,,,,,,,
v2-cowboy-hat-brown,Cowboy Hat Brown Embroidered Icon,"",Abbode Embroidery Design,Product Add-Ons > Product Customization,Embroidery Design,"hidden, icon, instant_exclude, revoq-no-withdrawal, webster-live",true,Size,Small,,,,,,,,ICON-45784345673985,0.0,,deny,manual,24.00,,true,true,,,,,,https://cdn.shopify.com/s/files/1/0321/4956/9675/files/download_f989d176-1e7c-4626-92c2-b93b5ae51442.png?v=1779839646,1,"",false,,,,,,,,,,,,,,,,,ICON-CU,,,,,,,,,,,,,,,,,,,,'1,,,,,,,,,,,,,,,,,,,,,,,,,,,,,,,,,,,,g,,,false,,,false,,,false,,,false,,,false,,,false,,,false,,,false,,,false,,,false,,,false,,,false,,,false,,,false,,,false,,,false,,,false,,,false,,,false,,,false,,,false,,,false,,,false,,,false,,,false,,,false,,,false,,,false,,,false,,,false,,,false,,,false,,,false,,,false,,,active
v2-cowboy-hat-brown,,,,,,,,,Large,,,,,,,,ICON-45784345706753,0.0,,deny,manual,48.00,,true,true,,,,,,,,,,,,,,,,,,,,,,,,,,,,,,,,,,,,,,,,,,,,,,,,,,,,,,,,,,,,,,,,,,,,,,,,,,,,,,,,,,g,,,,,,,,,,,,,,,,,,,,,,,,,,,,,,,,,,,,,,,,,,,,,,,,,,,,,,,,,,,,,,,,,,,,,,,,,,,,,,,,,,,,,,,,,,,,,,,,,,,,,,,,,
v2-cowboy-hat-brown,,,,,,,,,Medium,,,,,,,,ICON-45784345739521,0.0,,deny,manual,24.00,,true,true,,,,,,,,,,,,,,,,,,,,,,,,,,,,,,,,,,,,,,,,,,,,,,,,,,,,,,,,,,,,,,,,,,,,,,,,,,,,,,,,,,g,,,,,,,,,,,,,,,,,,,,,,,,,,,,,,,,,,,,,,,,,,,,,,,,,,,,,,,,,,,,,,,,,,,,,,,,,,,,,,,,,,,,,,,,,,,,,,,,,,,,,,,,,
v2-cowboy-boot-pink,Cowboy Boot Pink Embroidered Icon,"",Abbode Embroidery Design,Product Add-Ons > Product Customization,Embroidery Design,"hidden, icon, instant_exclude, revoq-no-withdrawal, webster-live",true,Size,Small,,,,,,,,ICON-45784345575681,0.0,,deny,manual,24.00,,true,true,,,,,,https://cdn.shopify.com/s/files/1/0321/4956/9675/files/download_4765e3f5-93c2-4115-88e9-78b267a38fe3.png?v=1779839645,1,"",false,,,,,,,,,,,,,,,,,ICON-CU,,,,,,,,,,,,,,,,,,,,'1,,,,,,,,,,,,,,,,,,,,,,,,,,,,,,,,,,,,g,,,false,,,false,,,false,,,false,,,false,,,false,,,false,,,false,,,false,,,false,,,false,,,false,,,false,,,false,,,false,,,false,,,false,,,false,,,false,,,false,,,false,,,false,,,false,,,false,,,false,,,false,,,false,,,false,,,false,,,false,,,false,,,false,,,false,,,false,,,active
v2-cowboy-boot-pink,,,,,,,,,Large,,,,,,,,ICON-45784345608449,0.0,,deny,manual,48.00,,true,true,,,,,,,,,,,,,,,,,,,,,,,,,,,,,,,,,,,,,,,,,,,,,,,,,,,,,,,,,,,,,,,,,,,,,,,,,,,,,,,,,,g,,,,,,,,,,,,,,,,,,,,,,,,,,,,,,,,,,,,,,,,,,,,,,,,,,,,,,,,,,,,,,,,,,,,,,,,,,,,,,,,,,,,,,,,,,,,,,,,,,,,,,,,,
v2-cowboy-boot-pink,,,,,,,,,Medium,,,,,,,,ICON-45784345641217,0.0,,deny,manual,24.00,,true,true,,,,,,,,,,,,,,,,,,,,,,,,,,,,,,,,,,,,,,,,,,,,,,,,,,,,,,,,,,,,,,,,,,,,,,,,,,,,,,,,,,g,,,,,,,,,,,,,,,,,,,,,,,,,,,,,,,,,,,,,,,,,,,,,,,,,,,,,,,,,,,,,,,,,,,,,,,,,,,,,,,,,,,,,,,,,,,,,,,,,,,,,,,,,
v2-cowboy-boot-brown,Cowboy Boot Brown Embroidered Icon,"",Abbode Embroidery Design,Product Add-Ons > Product Customization,Embroidery Design,"hidden, icon, instant_exclude, revoq-no-withdrawal, webster-live",true,Size,Small,,,,,,,,ICON-45784345477377,0.0,,deny,manual,24.00,,true,true,,,,,,https://cdn.shopify.com/s/files/1/0321/4956/9675/files/download_f77ef89c-6a3b-423d-81c4-080181ff8999.png?v=1779839646,1,"",false,,,,,,,,,,,,,,,,,ICON-CU,,,,,,,,,,,,,,,,,,,,'1,,,,,,,,,,,,,,,,,,,,,,,,,,,,,,,,,,,,g,,,false,,,false,,,false,,,false,,,false,,,false,,,false,,,false,,,false,,,false,,,false,,,false,,,false,,,false,,,false,,,false,,,false,,,false,,,false,,,false,,,false,,,false,,,false,,,false,,,false,,,false,,,false,,,false,,,false,,,false,,,false,,,false,,,false,,,false,,,active
v2-cowboy-boot-brown,,,,,,,,,Large,,,,,,,,ICON-45784345510145,0.0,,deny,manual,48.00,,true,true,,,,,,,,,,,,,,,,,,,,,,,,,,,,,,,,,,,,,,,,,,,,,,,,,,,,,,,,,,,,,,,,,,,,,,,,,,,,,,,,,,g,,,,,,,,,,,,,,,,,,,,,,,,,,,,,,,,,,,,,,,,,,,,,,,,,,,,,,,,,,,,,,,,,,,,,,,,,,,,,,,,,,,,,,,,,,,,,,,,,,,,,,,,,
v2-cowboy-boot-brown,,,,,,,,,Medium,,,,,,,,ICON-45784345542913,0.0,,deny,manual,24.00,,true,true,,,,,,,,,,,,,,,,,,,,,,,,,,,,,,,,,,,,,,,,,,,,,,,,,,,,,,,,,,,,,,,,,,,,,,,,,,,,,,,,,,g,,,,,,,,,,,,,,,,,,,,,,,,,,,,,,,,,,,,,,,,,,,,,,,,,,,,,,,,,,,,,,,,,,,,,,,,,,,,,,,,,,,,,,,,,,,,,,,,,,,,,,,,,
v2-cards,Cards Embroidered Icon,"",Abbode Embroidery Design,Product Add-Ons > Product Customization,Embroidery Design,"hidden, icon, instant_exclude, revoq-no-withdrawal, webster-live",true,Size,Small,,,,,,,,ICON-45784345379073,0.0,,deny,manual,24.00,,true,true,,,,,,https://cdn.shopify.com/s/files/1/0321/4956/9675/files/download_990c3853-b452-4212-8704-c1323b72f5b7.png?v=1779839646,1,"",false,,,,,,,,,,,,,,,,,ICON-CU,,,,,,,,,,,,,,,,,,,,'1,,,,,,,,,,,,,,,,,,,,,,,,,,,,,,,,,,,,g,,,false,,,false,,,false,,,false,,,false,,,false,,,false,,,false,,,false,,,false,,,false,,,false,,,false,,,false,,,false,,,false,,,false,,,false,,,false,,,false,,,false,,,false,,,false,,,false,,,false,,,false,,,false,,,false,,,false,,,false,,,false,,,false,,,false,,,false,,,active
v2-cards,,,,,,,,,Large,,,,,,,,ICON-45784345411841,0.0,,deny,manual,48.00,,true,true,,,,,,,,,,,,,,,,,,,,,,,,,,,,,,,,,,,,,,,,,,,,,,,,,,,,,,,,,,,,,,,,,,,,,,,,,,,,,,,,,,g,,,,,,,,,,,,,,,,,,,,,,,,,,,,,,,,,,,,,,,,,,,,,,,,,,,,,,,,,,,,,,,,,,,,,,,,,,,,,,,,,,,,,,,,,,,,,,,,,,,,,,,,,
v2-cards,,,,,,,,,Medium,,,,,,,,ICON-45784345444609,0.0,,deny,manual,24.00,,true,true,,,,,,,,,,,,,,,,,,,,,,,,,,,,,,,,,,,,,,,,,,,,,,,,,,,,,,,,,,,,,,,,,,,,,,,,,,,,,,,,,,g,,,,,,,,,,,,,,,,,,,,,,,,,,,,,,,,,,,,,,,,,,,,,,,,,,,,,,,,,,,,,,,,,,,,,,,,,,,,,,,,,,,,,,,,,,,,,,,,,,,,,,,,,
v2-broken-heart,Broken Heart Embroidered Icon,"",Abbode Embroidery Design,Product Add-Ons > Product Customization,Embroidery Design,"hidden, icon, instant_exclude, revoq-no-withdrawal, webster-live",true,Size,Small,,,,,,,,ICON-45784345280769,0.0,,deny,manual,24.00,,true,true,,,,,,https://cdn.shopify.com/s/files/1/0321/4956/9675/files/Broken_Heart_1.png?v=1779839646,1,"",false,,,,,,,,,,,,,,,,,ICON-CU,,,,,,,,,,,,,,,,,,,,'1,,,,,,,,,,,,,,,,,,,,,,,,,,,,,,,,,,,,g,,,false,,,false,,,false,,,false,,,false,,,false,,,false,,,false,,,false,,,false,,,false,,,false,,,false,,,false,,,false,,,false,,,false,,,false,,,false,,,false,,,false,,,false,,,false,,,false,,,false,,,false,,,false,,,false,,,false,,,false,,,false,,,false,,,false,,,false,,,active
v2-broken-heart,,,,,,,,,Large,,,,,,,,ICON-45784345313537,0.0,,deny,manual,48.00,,true,true,,,,,,,,,,,,,,,,,,,,,,,,,,,,,,,,,,,,,,,,,,,,,,,,,,,,,,,,,,,,,,,,,,,,,,,,,,,,,,,,,,g,,,,,,,,,,,,,,,,,,,,,,,,,,,,,,,,,,,,,,,,,,,,,,,,,,,,,,,,,,,,,,,,,,,,,,,,,,,,,,,,,,,,,,,,,,,,,,,,,,,,,,,,,
v2-broken-heart,,,,,,,,,Medium,,,,,,,,ICON-45784345346305,0.0,,deny,manual,24.00,,true,true,,,,,,,,,,,,,,,,,,,,,,,,,,,,,,,,,,,,,,,,,,,,,,,,,,,,,,,,,,,,,,,,,,,,,,,,,,,,,,,,,,g,,,,,,,,,,,,,,,,,,,,,,,,,,,,,,,,,,,,,,,,,,,,,,,,,,,,,,,,,,,,,,,,,,,,,,,,,,,,,,,,,,,,,,,,,,,,,,,,,,,,,,,,,
v2-blue-heart,Blue Heart Embroidered Icon,"",Abbode Embroidery Design,Product Add-Ons > Product Customization,Embroidery Design,"hidden, icon, instant_exclude, revoq-no-withdrawal, webster-live",true,Size,Small,,,,,,,,ICON-45784345182465,0.0,,deny,manual,24.00,,true,true,,,,,,https://cdn.shopify.com/s/files/1/0321/4956/9675/files/Blue_Heart_ed48a379-7998-40cc-a5cb-67328c83376e.png?v=1779839646,1,"",false,,,,,,,,,,,,,,,,,ICON-CU,,,,,,,,,,,,,,,,,,,,'1,,,,,,,,,,,,,,,,,,,,,,,,,,,,,,,,,,,,g,,,false,,,false,,,false,,,false,,,false,,,false,,,false,,,false,,,false,,,false,,,false,,,false,,,false,,,false,,,false,,,false,,,false,,,false,,,false,,,false,,,false,,,false,,,false,,,false,,,false,,,false,,,false,,,false,,,false,,,false,,,false,,,false,,,false,,,false,,,active
v2-blue-heart,,,,,,,,,Large,,,,,,,,ICON-45784345215233,0.0,,deny,manual,48.00,,true,true,,,,,,,,,,,,,,,,,,,,,,,,,,,,,,,,,,,,,,,,,,,,,,,,,,,,,,,,,,,,,,,,,,,,,,,,,,,,,,,,,,g,,,,,,,,,,,,,,,,,,,,,,,,,,,,,,,,,,,,,,,,,,,,,,,,,,,,,,,,,,,,,,,,,,,,,,,,,,,,,,,,,,,,,,,,,,,,,,,,,,,,,,,,,
v2-blue-heart,,,,,,,,,Medium,,,,,,,,ICON-45784345248001,0.0,,deny,manual,24.00,,true,true,,,,,,,,,,,,,,,,,,,,,,,,,,,,,,,,,,,,,,,,,,,,,,,,,,,,,,,,,,,,,,,,,,,,,,,,,,,,,,,,,,g,,,,,,,,,,,,,,,,,,,,,,,,,,,,,,,,,,,,,,,,,,,,,,,,,,,,,,,,,,,,,,,,,,,,,,,,,,,,,,,,,,,,,,,,,,,,,,,,,,,,,,,,,
v2-abbode-bow-red,Abbode Bow Red Embroidered Icon,"",Abbode Embroidery Design,Product Add-Ons > Product Customization,Embroidery Design,"hidden, icon, instant_exclude, revoq-no-withdrawal, webster-live",true,Size,Small,,,,,,,,ICON-45784345051393,0.0,,deny,manual,24.00,,true,true,,,,,,https://cdn.shopify.com/s/files/1/0321/4956/9675/files/download_f152549b-786e-4672-9e34-67b008e6c9a1.png?v=1779839646,1,"",false,,,,,,,,,,,,,,,,,ICON-CU,,,,,,,,,,,,,,,,,,,,'1,,,,,,,,,,,,,,,,,,,,,,,,,,,,,,,,,,,,g,,,false,,,false,,,false,,,false,,,false,,,false,,,false,,,false,,,false,,,false,,,false,,,false,,,false,,,false,,,false,,,false,,,false,,,false,,,false,,,false,,,false,,,false,,,false,,,false,,,false,,,false,,,false,,,false,,,false,,,false,,,false,,,false,,,false,,,false,,,active
v2-abbode-bow-red,,,,,,,,,Large,,,,,,,,ICON-45784345084161,0.0,,deny,manual,48.00,,true,true,,,,,,,,,,,,,,,,,,,,,,,,,,,,,,,,,,,,,,,,,,,,,,,,,,,,,,,,,,,,,,,,,,,,,,,,,,,,,,,,,,g,,,,,,,,,,,,,,,,,,,,,,,,,,,,,,,,,,,,,,,,,,,,,,,,,,,,,,,,,,,,,,,,,,,,,,,,,,,,,,,,,,,,,,,,,,,,,,,,,,,,,,,,,
v2-abbode-bow-red,,,,,,,,,Medium,,,,,,,,ICON-45784345116929,0.0,,deny,manual,24.00,,true,true,,,,,,,,,,,,,,,,,,,,,,,,,,,,,,,,,,,,,,,,,,,,,,,,,,,,,,,,,,,,,,,,,,,,,,,,,,,,,,,,,,g,,,,,,,,,,,,,,,,,,,,,,,,,,,,,,,,,,,,,,,,,,,,,,,,,,,,,,,,,,,,,,,,,,,,,,,,,,,,,,,,,,,,,,,,,,,,,,,,,,,,,,,,,
v2-abbode-bow,Abbode Bow Pink Embroidered Icon,"",Abbode Embroidery Design,Product Add-Ons > Product Customization,Embroidery Design,"hidden, icon, instant_exclude, revoq-no-withdrawal, webster-live",true,Size,Small,,,,,,,,ICON-45784344920321,0.0,,deny,manual,24.00,,true,true,,,,,,https://cdn.shopify.com/s/files/1/0321/4956/9675/files/download_f183f229-fa80-425c-95a2-6d6a0cb00eec.png?v=1779839646,1,"",false,,,,,,,,,,,,,,,,,ICON-CU,,,,,,,,,,,,,,,,,,,,'1,,,,,,,,,,,,,,,,,,,,,,,,,,,,,,,,,,,,g,,,false,,,false,,,false,,,false,,,false,,,false,,,false,,,false,,,false,,,false,,,false,,,false,,,false,,,false,,,false,,,false,,,false,,,false,,,false,,,false,,,false,,,false,,,false,,,false,,,false,,,false,,,false,,,false,,,false,,,false,,,false,,,false,,,false,,,false,,,active
v2-abbode-bow,,,,,,,,,Large,,,,,,,,ICON-45784344953089,0.0,,deny,manual,48.00,,true,true,,,,,,,,,,,,,,,,,,,,,,,,,,,,,,,,,,,,,,,,,,,,,,,,,,,,,,,,,,,,,,,,,,,,,,,,,,,,,,,,,,g,,,,,,,,,,,,,,,,,,,,,,,,,,,,,,,,,,,,,,,,,,,,,,,,,,,,,,,,,,,,,,,,,,,,,,,,,,,,,,,,,,,,,,,,,,,,,,,,,,,,,,,,,
v2-abbode-bow,,,,,,,,,Medium,,,,,,,,ICON-45784344985857,0.0,,deny,manual,24.00,,true,true,,,,,,,,,,,,,,,,,,,,,,,,,,,,,,,,,,,,,,,,,,,,,,,,,,,,,,,,,,,,,,,,,,,,,,,,,,,,,,,,,,g,,,,,,,,,,,,,,,,,,,,,,,,,,,,,,,,,,,,,,,,,,,,,,,,,,,,,,,,,,,,,,,,,,,,,,,,,,,,,,,,,,,,,,,,,,,,,,,,,,,,,,,,,
v2-abbode-bow-blue,Abbode Bow Blue Embroidered Icon,"",Abbode Embroidery Design,Product Add-Ons > Product Customization,Embroidery Design,"hidden, icon, instant_exclude, revoq-no-withdrawal, webster-live",true,Size,Small,,,,,,,,ICON-45784344658177,0.0,,deny,manual,24.00,,true,true,,,,,,https://cdn.shopify.com/s/files/1/0321/4956/9675/files/download_7e9f45be-7651-461c-99e6-134ee86731f7.png?v=1779839646,1,"",false,,,,,,,,,,,,,,,,,ICON-CU,,,,,,,,,,,,,,,,,,,,'1,,,,,,,,,,,,,,,,,,,,,,,,,,,,,,,,,,,,g,,,false,,,false,,,false,,,false,,,false,,,false,,,false,,,false,,,false,,,false,,,false,,,false,,,false,,,false,,,false,,,false,,,false,,,false,,,false,,,false,,,false,,,false,,,false,,,false,,,false,,,false,,,false,,,false,,,false,,,false,,,false,,,false,,,false,,,false,,,active
v2-abbode-bow-blue,,,,,,,,,Large,,,,,,,,ICON-45784344690945,0.0,,deny,manual,48.00,,true,true,,,,,,,,,,,,,,,,,,,,,,,,,,,,,,,,,,,,,,,,,,,,,,,,,,,,,,,,,,,,,,,,,,,,,,,,,,,,,,,,,,g,,,,,,,,,,,,,,,,,,,,,,,,,,,,,,,,,,,,,,,,,,,,,,,,,,,,,,,,,,,,,,,,,,,,,,,,,,,,,,,,,,,,,,,,,,,,,,,,,,,,,,,,,
v2-abbode-bow-blue,,,,,,,,,Medium,,,,,,,,ICON-45784344723713,0.0,,deny,manual,24.00,,true,true,,,,,,,,,,,,,,,,,,,,,,,,,,,,,,,,,,,,,,,,,,,,,,,,,,,,,,,,,,,,,,,,,,,,,,,,,,,,,,,,,,g,,,,,,,,,,,,,,,,,,,,,,,,,,,,,,,,,,,,,,,,,,,,,,,,,,,,,,,,,,,,,,,,,,,,,,,,,,,,,,,,,,,,,,,,,,,,,,,,,,,,,,,,,
v2-claw-clip,Claw Clip Embroidered Icon,"",Abbode Embroidery Design,Product Add-Ons > Product Customization,Embroidery Design,"hidden, icon, instant_exclude, revoq-no-withdrawal, webster-live",true,Size,Small,,,,,,,,ICON-45782361866497,0.0,,deny,manual,24.00,,true,true,,,,,,https://cdn.shopify.com/s/files/1/0321/4956/9675/files/download_fdb03219-cc96-4c91-9948-2e9f58cc3135.png?v=1779839646,1,"",false,,,,,,,,,,,,,,,,,ICON-CU,,,,,,,,,,,,,,,,,,,,'1,,,,,,,,,,,,,,,,,,,,,,,,,,,,,,,,,,,,g,,,false,,,false,,,false,,,false,,,false,,,false,,,false,,,false,,,false,,,false,,,false,,,false,,,false,,,false,,,false,,,false,,,false,,,false,,,false,,,false,,,false,,,false,,,false,,,false,,,false,,,false,,,false,,,false,,,false,,,false,,,false,,,false,,,false,,,false,,,active
v2-claw-clip,,,,,,,,,Large,,,,,,,,ICON-45782361899265,0.0,,deny,manual,48.00,,true,true,,,,,,,,,,,,,,,,,,,,,,,,,,,,,,,,,,,,,,,,,,,,,,,,,,,,,,,,,,,,,,,,,,,,,,,,,,,,,,,,,,g,,,,,,,,,,,,,,,,,,,,,,,,,,,,,,,,,,,,,,,,,,,,,,,,,,,,,,,,,,,,,,,,,,,,,,,,,,,,,,,,,,,,,,,,,,,,,,,,,,,,,,,,,
v2-claw-clip,,,,,,,,,Medium,,,,,,,,ICON-45782361932033,0.0,,deny,manual,24.00,,true,true,,,,,,,,,,,,,,,,,,,,,,,,,,,,,,,,,,,,,,,,,,,,,,,,,,,,,,,,,,,,,,,,,,,,,,,,,,,,,,,,,,g,,,,,,,,,,,,,,,,,,,,,,,,,,,,,,,,,,,,,,,,,,,,,,,,,,,,,,,,,,,,,,,,,,,,,,,,,,,,,,,,,,,,,,,,,,,,,,,,,,,,,,,,,
v2-yellow-flower,Yellow Flower Embroidered Icon,"",Abbode Embroidery Design,Product Add-Ons > Product Customization,Embroidery Design,"hidden, icon, instant_exclude, revoq-no-withdrawal, webster-live",true,Size,Small,,,,,,,,ICON-45782351773953,0.0,,deny,manual,24.00,,true,true,,,,,,https://cdn.shopify.com/s/files/1/0321/4956/9675/files/download_9c0c138c-2787-445e-a783-ebaa0eaba9fa.png?v=1779839646,1,"",false,,,,,,,,,,,,,,,,,ICON-CU,,,,,,,,,,,,,,,,,,,,'1,,,,,,,,,,,,,,,,,,,,,,,,,,,,,,,,,,,,g,,,false,,,false,,,false,,,false,,,false,,,false,,,false,,,false,,,false,,,false,,,false,,,false,,,false,,,false,,,false,,,false,,,false,,,false,,,false,,,false,,,false,,,false,,,false,,,false,,,false,,,false,,,false,,,false,,,false,,,false,,,false,,,false,,,false,,,false,,,active
v2-yellow-flower,,,,,,,,,Large,,,,,,,,ICON-45782351806721,0.0,,deny,manual,48.00,,true,true,,,,,,,,,,,,,,,,,,,,,,,,,,,,,,,,,,,,,,,,,,,,,,,,,,,,,,,,,,,,,,,,,,,,,,,,,,,,,,,,,,g,,,,,,,,,,,,,,,,,,,,,,,,,,,,,,,,,,,,,,,,,,,,,,,,,,,,,,,,,,,,,,,,,,,,,,,,,,,,,,,,,,,,,,,,,,,,,,,,,,,,,,,,,
v2-yellow-flower,,,,,,,,,Medium,,,,,,,,ICON-45782351839489,0.0,,deny,manual,24.00,,true,true,,,,,,,,,,,,,,,,,,,,,,,,,,,,,,,,,,,,,,,,,,,,,,,,,,,,,,,,,,,,,,,,,,,,,,,,,,,,,,,,,,g,,,,,,,,,,,,,,,,,,,,,,,,,,,,,,,,,,,,,,,,,,,,,,,,,,,,,,,,,,,,,,,,,,,,,,,,,,,,,,,,,,,,,,,,,,,,,,,,,,,,,,,,,
v2-xx-red,XX Red Embroidered Icon,"",Abbode Embroidery Design,Product Add-Ons > Product Customization,Embroidery Design,"hidden, icon, instant_exclude, revoq-no-withdrawal, webster-live",true,Size,Small,,,,,,,,ICON-45782351577345,0.0,,deny,manual,24.00,,true,true,,,,,,https://cdn.shopify.com/s/files/1/0321/4956/9675/files/download_d755a333-ba66-4448-b586-760f14a17f69.png?v=1779839646,1,"",false,,,,,,,,,,,,,,,,,ICON-CU,,,,,,,,,,,,,,,,,,,,'1,,,,,,,,,,,,,,,,,,,,,,,,,,,,,,,,,,,,g,,,false,,,false,,,false,,,false,,,false,,,false,,,false,,,false,,,false,,,false,,,false,,,false,,,false,,,false,,,false,,,false,,,false,,,false,,,false,,,false,,,false,,,false,,,false,,,false,,,false,,,false,,,false,,,false,,,false,,,false,,,false,,,false,,,false,,,false,,,active
v2-xx-red,,,,,,,,,Large,,,,,,,,ICON-45782351610113,0.0,,deny,manual,48.00,,true,true,,,,,,,,,,,,,,,,,,,,,,,,,,,,,,,,,,,,,,,,,,,,,,,,,,,,,,,,,,,,,,,,,,,,,,,,,,,,,,,,,,g,,,,,,,,,,,,,,,,,,,,,,,,,,,,,,,,,,,,,,,,,,,,,,,,,,,,,,,,,,,,,,,,,,,,,,,,,,,,,,,,,,,,,,,,,,,,,,,,,,,,,,,,,
v2-xx-red,,,,,,,,,Medium,,,,,,,,ICON-45782351642881,0.0,,deny,manual,24.00,,true,true,,,,,,,,,,,,,,,,,,,,,,,,,,,,,,,,,,,,,,,,,,,,,,,,,,,,,,,,,,,,,,,,,,,,,,,,,,,,,,,,,,g,,,,,,,,,,,,,,,,,,,,,,,,,,,,,,,,,,,,,,,,,,,,,,,,,,,,,,,,,,,,,,,,,,,,,,,,,,,,,,,,,,,,,,,,,,,,,,,,,,,,,,,,,
v2-xx,XX Embroidered Icon,"",Abbode Embroidery Design,Product Add-Ons > Product Customization,Embroidery Design,"hidden, icon, instant_exclude, revoq-no-withdrawal, webster-live",true,Size,Small,,,,,,,,ICON-45782351479041,0.0,,deny,manual,24.00,,true,true,,,,,,https://cdn.shopify.com/s/files/1/0321/4956/9675/files/download_83eeb1fa-53b6-48cc-85d0-216494d400cb.png?v=1779839646,1,"",false,,,,,,,,,,,,,,,,,ICON-CU,,,,,,,,,,,,,,,,,,,,'1,,,,,,,,,,,,,,,,,,,,,,,,,,,,,,,,,,,,g,,,false,,,false,,,false,,,false,,,false,,,false,,,false,,,false,,,false,,,false,,,false,,,false,,,false,,,false,,,false,,,false,,,false,,,false,,,false,,,false,,,false,,,false,,,false,,,false,,,false,,,false,,,false,,,false,,,false,,,false,,,false,,,false,,,false,,,false,,,active
v2-xx,,,,,,,,,Large,,,,,,,,ICON-45782351511809,0.0,,deny,manual,48.00,,true,true,,,,,,,,,,,,,,,,,,,,,,,,,,,,,,,,,,,,,,,,,,,,,,,,,,,,,,,,,,,,,,,,,,,,,,,,,,,,,,,,,,g,,,,,,,,,,,,,,,,,,,,,,,,,,,,,,,,,,,,,,,,,,,,,,,,,,,,,,,,,,,,,,,,,,,,,,,,,,,,,,,,,,,,,,,,,,,,,,,,,,,,,,,,,
v2-xx,,,,,,,,,Medium,,,,,,,,ICON-45782351544577,0.0,,deny,manual,24.00,,true,true,,,,,,,,,,,,,,,,,,,,,,,,,,,,,,,,,,,,,,,,,,,,,,,,,,,,,,,,,,,,,,,,,,,,,,,,,,,,,,,,,,g,,,,,,,,,,,,,,,,,,,,,,,,,,,,,,,,,,,,,,,,,,,,,,,,,,,,,,,,,,,,,,,,,,,,,,,,,,,,,,,,,,,,,,,,,,,,,,,,,,,,,,,,,
v2-xmas24-wreath,XMAS24 WREATH Embroidered Icon,"",Abbode Embroidery Design,Product Add-Ons > Product Customization,Embroidery Design,"hidden, icon, instant_exclude, revoq-no-withdrawal, webster-live",true,Size,Small,,,,,,,,ICON-45782351053057,0.0,,deny,manual,24.00,,true,true,,,,,,https://cdn.shopify.com/s/files/1/0321/4956/9675/files/download_99fc1214-4294-46db-adb6-e5c8581d6e15.png?v=1779839646,1,"",false,,,,,,,,,,,,,,,,,ICON-CU,,,,,,,,,,,,,,,,,,,,'1,,,,,,,,,,,,,,,,,,,,,,,,,,,,,,,,,,,,g,,,false,,,false,,,false,,,false,,,false,,,false,,,false,,,false,,,false,,,false,,,false,,,false,,,false,,,false,,,false,,,false,,,false,,,false,,,false,,,false,,,false,,,false,,,false,,,false,,,false,,,false,,,false,,,false,,,false,,,false,,,false,,,false,,,false,,,false,,,active
v2-xmas24-wreath,,,,,,,,,Large,,,,,,,,ICON-45782351085825,0.0,,deny,manual,48.00,,true,true,,,,,,,,,,,,,,,,,,,,,,,,,,,,,,,,,,,,,,,,,,,,,,,,,,,,,,,,,,,,,,,,,,,,,,,,,,,,,,,,,,g,,,,,,,,,,,,,,,,,,,,,,,,,,,,,,,,,,,,,,,,,,,,,,,,,,,,,,,,,,,,,,,,,,,,,,,,,,,,,,,,,,,,,,,,,,,,,,,,,,,,,,,,,
v2-xmas24-wreath,,,,,,,,,Medium,,,,,,,,ICON-45782351118593,0.0,,deny,manual,24.00,,true,true,,,,,,,,,,,,,,,,,,,,,,,,,,,,,,,,,,,,,,,,,,,,,,,,,,,,,,,,,,,,,,,,,,,,,,,,,,,,,,,,,,g,,,,,,,,,,,,,,,,,,,,,,,,,,,,,,,,,,,,,,,,,,,,,,,,,,,,,,,,,,,,,,,,,,,,,,,,,,,,,,,,,,,,,,,,,,,,,,,,,,,,,,,,,
v2-xmas24-truck,XMAS24 TRUCK Embroidered Icon,"",Abbode Embroidery Design,Product Add-Ons > Product Customization,Embroidery Design,"hidden, icon, instant_exclude, revoq-no-withdrawal, webster-live",true,Size,Small,,,,,,,,ICON-45782350889217,0.0,,deny,manual,24.00,,true,true,,,,,,https://cdn.shopify.com/s/files/1/0321/4956/9675/files/download_c7315d0b-1f1b-42e0-bcf1-56b6c975d212.png?v=1779839646,1,"",false,,,,,,,,,,,,,,,,,ICON-CU,,,,,,,,,,,,,,,,,,,,'1,,,,,,,,,,,,,,,,,,,,,,,,,,,,,,,,,,,,g,,,false,,,false,,,false,,,false,,,false,,,false,,,false,,,false,,,false,,,false,,,false,,,false,,,false,,,false,,,false,,,false,,,false,,,false,,,false,,,false,,,false,,,false,,,false,,,false,,,false,,,false,,,false,,,false,,,false,,,false,,,false,,,false,,,false,,,false,,,active
v2-xmas24-truck,,,,,,,,,Large,,,,,,,,ICON-45782350921985,0.0,,deny,manual,48.00,,true,true,,,,,,,,,,,,,,,,,,,,,,,,,,,,,,,,,,,,,,,,,,,,,,,,,,,,,,,,,,,,,,,,,,,,,,,,,,,,,,,,,,g,,,,,,,,,,,,,,,,,,,,,,,,,,,,,,,,,,,,,,,,,,,,,,,,,,,,,,,,,,,,,,,,,,,,,,,,,,,,,,,,,,,,,,,,,,,,,,,,,,,,,,,,,
v2-xmas24-truck,,,,,,,,,Medium,,,,,,,,ICON-45782350954753,0.0,,deny,manual,24.00,,true,true,,,,,,,,,,,,,,,,,,,,,,,,,,,,,,,,,,,,,,,,,,,,,,,,,,,,,,,,,,,,,,,,,,,,,,,,,,,,,,,,,,g,,,,,,,,,,,,,,,,,,,,,,,,,,,,,,,,,,,,,,,,,,,,,,,,,,,,,,,,,,,,,,,,,,,,,,,,,,,,,,,,,,,,,,,,,,,,,,,,,,,,,,,,,
v2-xmas24-taxi,XMAS24 TAXI Embroidered Icon,"",Abbode Embroidery Design,Product Add-Ons > Product Customization,Embroidery Design,"hidden, icon, instant_exclude, revoq-no-withdrawal, webster-live",true,Size,Small,,,,,,,,ICON-45782350790913,0.0,,deny,manual,24.00,,true,true,,,,,,https://cdn.shopify.com/s/files/1/0321/4956/9675/files/download_1bb4bd47-dd79-44f0-b703-9b1671728941.png?v=1779839646,1,"",false,,,,,,,,,,,,,,,,,ICON-CU,,,,,,,,,,,,,,,,,,,,'1,,,,,,,,,,,,,,,,,,,,,,,,,,,,,,,,,,,,g,,,false,,,false,,,false,,,false,,,false,,,false,,,false,,,false,,,false,,,false,,,false,,,false,,,false,,,false,,,false,,,false,,,false,,,false,,,false,,,false,,,false,,,false,,,false,,,false,,,false,,,false,,,false,,,false,,,false,,,false,,,false,,,false,,,false,,,false,,,active
v2-xmas24-taxi,,,,,,,,,Large,,,,,,,,ICON-45782350823681,0.0,,deny,manual,48.00,,true,true,,,,,,,,,,,,,,,,,,,,,,,,,,,,,,,,,,,,,,,,,,,,,,,,,,,,,,,,,,,,,,,,,,,,,,,,,,,,,,,,,,g,,,,,,,,,,,,,,,,,,,,,,,,,,,,,,,,,,,,,,,,,,,,,,,,,,,,,,,,,,,,,,,,,,,,,,,,,,,,,,,,,,,,,,,,,,,,,,,,,,,,,,,,,
v2-xmas24-taxi,,,,,,,,,Medium,,,,,,,,ICON-45782350856449,0.0,,deny,manual,24.00,,true,true,,,,,,,,,,,,,,,,,,,,,,,,,,,,,,,,,,,,,,,,,,,,,,,,,,,,,,,,,,,,,,,,,,,,,,,,,,,,,,,,,,g,,,,,,,,,,,,,,,,,,,,,,,,,,,,,,,,,,,,,,,,,,,,,,,,,,,,,,,,,,,,,,,,,,,,,,,,,,,,,,,,,,,,,,,,,,,,,,,,,,,,,,,,,
v2-xmas24-star-of-david,XMAS24 STAR OF DAVID Embroidered Icon,"",Abbode Embroidery Design,Product Add-Ons > Product Customization,Embroidery Design,"hidden, icon, instant_exclude, revoq-no-withdrawal, webster-live",true,Size,Small,,,,,,,,ICON-45782350692609,0.0,,deny,manual,24.00,,true,true,,,,,,https://cdn.shopify.com/s/files/1/0321/4956/9675/files/download_d28a2ef0-67ac-4370-8207-cb4d36dc23e7.png?v=1779839647,1,"",false,,,,,,,,,,,,,,,,,ICON-CU,,,,,,,,,,,,,,,,,,,,'1,,,,,,,,,,,,,,,,,,,,,,,,,,,,,,,,,,,,g,,,false,,,false,,,false,,,false,,,false,,,false,,,false,,,false,,,false,,,false,,,false,,,false,,,false,,,false,,,false,,,false,,,false,,,false,,,false,,,false,,,false,,,false,,,false,,,false,,,false,,,false,,,false,,,false,,,false,,,false,,,false,,,false,,,false,,,false,,,active
v2-xmas24-star-of-david,,,,,,,,,Large,,,,,,,,ICON-45782350725377,0.0,,deny,manual,48.00,,true,true,,,,,,,,,,,,,,,,,,,,,,,,,,,,,,,,,,,,,,,,,,,,,,,,,,,,,,,,,,,,,,,,,,,,,,,,,,,,,,,,,,g,,,,,,,,,,,,,,,,,,,,,,,,,,,,,,,,,,,,,,,,,,,,,,,,,,,,,,,,,,,,,,,,,,,,,,,,,,,,,,,,,,,,,,,,,,,,,,,,,,,,,,,,,
v2-xmas24-star-of-david,,,,,,,,,Medium,,,,,,,,ICON-45782350758145,0.0,,deny,manual,24.00,,true,true,,,,,,,,,,,,,,,,,,,,,,,,,,,,,,,,,,,,,,,,,,,,,,,,,,,,,,,,,,,,,,,,,,,,,,,,,,,,,,,,,,g,,,,,,,,,,,,,,,,,,,,,,,,,,,,,,,,,,,,,,,,,,,,,,,,,,,,,,,,,,,,,,,,,,,,,,,,,,,,,,,,,,,,,,,,,,,,,,,,,,,,,,,,,
v2-xmas24-snowflake,XMAS24 SNOWFLAKE Embroidered Icon,"",Abbode Embroidery Design,Product Add-Ons > Product Customization,Embroidery Design,"hidden, icon, instant_exclude, revoq-no-withdrawal, webster-live",true,Size,Small,,,,,,,,ICON-45782350233857,0.0,,deny,manual,24.00,,true,true,,,,,,https://cdn.shopify.com/s/files/1/0321/4956/9675/files/download_bac42547-1166-4cb0-b300-e982c869f185.png?v=1779839646,1,"",false,,,,,,,,,,,,,,,,,ICON-CU,,,,,,,,,,,,,,,,,,,,'1,,,,,,,,,,,,,,,,,,,,,,,,,,,,,,,,,,,,g,,,false,,,false,,,false,,,false,,,false,,,false,,,false,,,false,,,false,,,false,,,false,,,false,,,false,,,false,,,false,,,false,,,false,,,false,,,false,,,false,,,false,,,false,,,false,,,false,,,false,,,false,,,false,,,false,,,false,,,false,,,false,,,false,,,false,,,false,,,active
v2-xmas24-snowflake,,,,,,,,,Large,,,,,,,,ICON-45782350266625,0.0,,deny,manual,48.00,,true,true,,,,,,,,,,,,,,,,,,,,,,,,,,,,,,,,,,,,,,,,,,,,,,,,,,,,,,,,,,,,,,,,,,,,,,,,,,,,,,,,,,g,,,,,,,,,,,,,,,,,,,,,,,,,,,,,,,,,,,,,,,,,,,,,,,,,,,,,,,,,,,,,,,,,,,,,,,,,,,,,,,,,,,,,,,,,,,,,,,,,,,,,,,,,
v2-xmas24-snowflake,,,,,,,,,Medium,,,,,,,,ICON-45782350299393,0.0,,deny,manual,24.00,,true,true,,,,,,,,,,,,,,,,,,,,,,,,,,,,,,,,,,,,,,,,,,,,,,,,,,,,,,,,,,,,,,,,,,,,,,,,,,,,,,,,,,g,,,,,,,,,,,,,,,,,,,,,,,,,,,,,,,,,,,,,,,,,,,,,,,,,,,,,,,,,,,,,,,,,,,,,,,,,,,,,,,,,,,,,,,,,,,,,,,,,,,,,,,,,
v2-xmas24-silver-bow,XMAS24 SILVER BOW Embroidered Icon,"",Abbode Embroidery Design,Product Add-Ons > Product Customization,Embroidery Design,"hidden, icon, instant_exclude, revoq-no-withdrawal, webster-live",true,Size,Small,,,,,,,,ICON-45782350135553,0.0,,deny,manual,24.00,,true,true,,,,,,https://cdn.shopify.com/s/files/1/0321/4956/9675/files/download_e6aa942c-d783-4df2-ab12-993a0e745a2b.png?v=1779839646,1,"",false,,,,,,,,,,,,,,,,,ICON-CU,,,,,,,,,,,,,,,,,,,,'1,,,,,,,,,,,,,,,,,,,,,,,,,,,,,,,,,,,,g,,,false,,,false,,,false,,,false,,,false,,,false,,,false,,,false,,,false,,,false,,,false,,,false,,,false,,,false,,,false,,,false,,,false,,,false,,,false,,,false,,,false,,,false,,,false,,,false,,,false,,,false,,,false,,,false,,,false,,,false,,,false,,,false,,,false,,,false,,,active
v2-xmas24-silver-bow,,,,,,,,,Large,,,,,,,,ICON-45782350168321,0.0,,deny,manual,48.00,,true,true,,,,,,,,,,,,,,,,,,,,,,,,,,,,,,,,,,,,,,,,,,,,,,,,,,,,,,,,,,,,,,,,,,,,,,,,,,,,,,,,,,g,,,,,,,,,,,,,,,,,,,,,,,,,,,,,,,,,,,,,,,,,,,,,,,,,,,,,,,,,,,,,,,,,,,,,,,,,,,,,,,,,,,,,,,,,,,,,,,,,,,,,,,,,
v2-xmas24-silver-bow,,,,,,,,,Medium,,,,,,,,ICON-45782350201089,0.0,,deny,manual,24.00,,true,true,,,,,,,,,,,,,,,,,,,,,,,,,,,,,,,,,,,,,,,,,,,,,,,,,,,,,,,,,,,,,,,,,,,,,,,,,,,,,,,,,,g,,,,,,,,,,,,,,,,,,,,,,,,,,,,,,,,,,,,,,,,,,,,,,,,,,,,,,,,,,,,,,,,,,,,,,,,,,,,,,,,,,,,,,,,,,,,,,,,,,,,,,,,,
v2-xmas24-santa-hat,XMAS24 SANTA HAT Embroidered Icon,"",Abbode Embroidery Design,Product Add-Ons > Product Customization,Embroidery Design,"hidden, icon, instant_exclude, revoq-no-withdrawal, webster-live",true,Size,Small,,,,,,,,ICON-45782346858753,0.0,,deny,manual,24.00,,true,true,,,,,,https://cdn.shopify.com/s/files/1/0321/4956/9675/files/download_35b41779-224c-469d-8374-f0ac1cd03c49.png?v=1779839646,1,"",false,,,,,,,,,,,,,,,,,ICON-CU,,,,,,,,,,,,,,,,,,,,'1,,,,,,,,,,,,,,,,,,,,,,,,,,,,,,,,,,,,g,,,false,,,false,,,false,,,false,,,false,,,false,,,false,,,false,,,false,,,false,,,false,,,false,,,false,,,false,,,false,,,false,,,false,,,false,,,false,,,false,,,false,,,false,,,false,,,false,,,false,,,false,,,false,,,false,,,false,,,false,,,false,,,false,,,false,,,false,,,active
v2-xmas24-santa-hat,,,,,,,,,Large,,,,,,,,ICON-45782346891521,0.0,,deny,manual,48.00,,true,true,,,,,,,,,,,,,,,,,,,,,,,,,,,,,,,,,,,,,,,,,,,,,,,,,,,,,,,,,,,,,,,,,,,,,,,,,,,,,,,,,,g,,,,,,,,,,,,,,,,,,,,,,,,,,,,,,,,,,,,,,,,,,,,,,,,,,,,,,,,,,,,,,,,,,,,,,,,,,,,,,,,,,,,,,,,,,,,,,,,,,,,,,,,,
v2-xmas24-santa-hat,,,,,,,,,Medium,,,,,,,,ICON-45782346924289,0.0,,deny,manual,24.00,,true,true,,,,,,,,,,,,,,,,,,,,,,,,,,,,,,,,,,,,,,,,,,,,,,,,,,,,,,,,,,,,,,,,,,,,,,,,,,,,,,,,,,g,,,,,,,,,,,,,,,,,,,,,,,,,,,,,,,,,,,,,,,,,,,,,,,,,,,,,,,,,,,,,,,,,,,,,,,,,,,,,,,,,,,,,,,,,,,,,,,,,,,,,,,,,
v2-xmas24-presents,XMAS24 PRESENTS Embroidered Icon,"",Abbode Embroidery Design,Product Add-Ons > Product Customization,Embroidery Design,"hidden, icon, instant_exclude, revoq-no-withdrawal, webster-live",true,Size,Small,,,,,,,,ICON-45782346760449,0.0,,deny,manual,24.00,,true,true,,,,,,https://cdn.shopify.com/s/files/1/0321/4956/9675/files/download_14d3cfc0-3c43-4fd7-a6a0-9f1991513464.png?v=1779839646,1,"",false,,,,,,,,,,,,,,,,,ICON-CU,,,,,,,,,,,,,,,,,,,,'1,,,,,,,,,,,,,,,,,,,,,,,,,,,,,,,,,,,,g,,,false,,,false,,,false,,,false,,,false,,,false,,,false,,,false,,,false,,,false,,,false,,,false,,,false,,,false,,,false,,,false,,,false,,,false,,,false,,,false,,,false,,,false,,,false,,,false,,,false,,,false,,,false,,,false,,,false,,,false,,,false,,,false,,,false,,,false,,,active
v2-xmas24-presents,,,,,,,,,Large,,,,,,,,ICON-45782346793217,0.0,,deny,manual,48.00,,true,true,,,,,,,,,,,,,,,,,,,,,,,,,,,,,,,,,,,,,,,,,,,,,,,,,,,,,,,,,,,,,,,,,,,,,,,,,,,,,,,,,,g,,,,,,,,,,,,,,,,,,,,,,,,,,,,,,,,,,,,,,,,,,,,,,,,,,,,,,,,,,,,,,,,,,,,,,,,,,,,,,,,,,,,,,,,,,,,,,,,,,,,,,,,,
v2-xmas24-presents,,,,,,,,,Medium,,,,,,,,ICON-45782346825985,0.0,,deny,manual,24.00,,true,true,,,,,,,,,,,,,,,,,,,,,,,,,,,,,,,,,,,,,,,,,,,,,,,,,,,,,,,,,,,,,,,,,,,,,,,,,,,,,,,,,,g,,,,,,,,,,,,,,,,,,,,,,,,,,,,,,,,,,,,,,,,,,,,,,,,,,,,,,,,,,,,,,,,,,,,,,,,,,,,,,,,,,,,,,,,,,,,,,,,,,,,,,,,,
v2-xmas24-hot-chocolate,XMAS24 HOT CHOCOLATE Embroidered Icon,"",Abbode Embroidery Design,Product Add-Ons > Product Customization,Embroidery Design,"hidden, icon, instant_exclude, revoq-no-withdrawal, webster-live",true,Size,Small,,,,,,,,ICON-45782346662145,0.0,,deny,manual,24.00,,true,true,,,,,,https://cdn.shopify.com/s/files/1/0321/4956/9675/files/download_e2f044f8-6af4-4caa-8c80-286e60169f35.png?v=1779839647,1,"",false,,,,,,,,,,,,,,,,,ICON-CU,,,,,,,,,,,,,,,,,,,,'1,,,,,,,,,,,,,,,,,,,,,,,,,,,,,,,,,,,,g,,,false,,,false,,,false,,,false,,,false,,,false,,,false,,,false,,,false,,,false,,,false,,,false,,,false,,,false,,,false,,,false,,,false,,,false,,,false,,,false,,,false,,,false,,,false,,,false,,,false,,,false,,,false,,,false,,,false,,,false,,,false,,,false,,,false,,,false,,,active
v2-xmas24-hot-chocolate,,,,,,,,,Large,,,,,,,,ICON-45782346694913,0.0,,deny,manual,48.00,,true,true,,,,,,,,,,,,,,,,,,,,,,,,,,,,,,,,,,,,,,,,,,,,,,,,,,,,,,,,,,,,,,,,,,,,,,,,,,,,,,,,,,g,,,,,,,,,,,,,,,,,,,,,,,,,,,,,,,,,,,,,,,,,,,,,,,,,,,,,,,,,,,,,,,,,,,,,,,,,,,,,,,,,,,,,,,,,,,,,,,,,,,,,,,,,
v2-xmas24-hot-chocolate,,,,,,,,,Medium,,,,,,,,ICON-45782346727681,0.0,,deny,manual,24.00,,true,true,,,,,,,,,,,,,,,,,,,,,,,,,,,,,,,,,,,,,,,,,,,,,,,,,,,,,,,,,,,,,,,,,,,,,,,,,,,,,,,,,,g,,,,,,,,,,,,,,,,,,,,,,,,,,,,,,,,,,,,,,,,,,,,,,,,,,,,,,,,,,,,,,,,,,,,,,,,,,,,,,,,,,,,,,,,,,,,,,,,,,,,,,,,,
v2-xmas24-hebrew-nyc,XMAS24 HEBREW NYC Embroidered Icon,"",Abbode Embroidery Design,Product Add-Ons > Product Customization,Embroidery Design,"hidden, icon, instant_exclude, revoq-no-withdrawal, webster-live",true,Size,Small,,,,,,,,ICON-45782346563841,0.0,,deny,manual,24.00,,true,true,,,,,,https://cdn.shopify.com/s/files/1/0321/4956/9675/files/download_e5e2e326-3e33-4139-9f94-82cde5f692bd.png?v=1779839646,1,"",false,,,,,,,,,,,,,,,,,ICON-CU,,,,,,,,,,,,,,,,,,,,'1,,,,,,,,,,,,,,,,,,,,,,,,,,,,,,,,,,,,g,,,false,,,false,,,false,,,false,,,false,,,false,,,false,,,false,,,false,,,false,,,false,,,false,,,false,,,false,,,false,,,false,,,false,,,false,,,false,,,false,,,false,,,false,,,false,,,false,,,false,,,false,,,false,,,false,,,false,,,false,,,false,,,false,,,false,,,false,,,active
v2-xmas24-hebrew-nyc,,,,,,,,,Large,,,,,,,,ICON-45782346596609,0.0,,deny,manual,48.00,,true,true,,,,,,,,,,,,,,,,,,,,,,,,,,,,,,,,,,,,,,,,,,,,,,,,,,,,,,,,,,,,,,,,,,,,,,,,,,,,,,,,,,g,,,,,,,,,,,,,,,,,,,,,,,,,,,,,,,,,,,,,,,,,,,,,,,,,,,,,,,,,,,,,,,,,,,,,,,,,,,,,,,,,,,,,,,,,,,,,,,,,,,,,,,,,
v2-xmas24-hebrew-nyc,,,,,,,,,Medium,,,,,,,,ICON-45782346629377,0.0,,deny,manual,24.00,,true,true,,,,,,,,,,,,,,,,,,,,,,,,,,,,,,,,,,,,,,,,,,,,,,,,,,,,,,,,,,,,,,,,,,,,,,,,,,,,,,,,,,g,,,,,,,,,,,,,,,,,,,,,,,,,,,,,,,,,,,,,,,,,,,,,,,,,,,,,,,,,,,,,,,,,,,,,,,,,,,,,,,,,,,,,,,,,,,,,,,,,,,,,,,,,
v2-xmas24-hearts,XMAS24 HEARTS Embroidered Icon,"",Abbode Embroidery Design,Product Add-Ons > Product Customization,Embroidery Design,"hidden, icon, instant_exclude, revoq-no-withdrawal, webster-live",true,Size,Small,,,,,,,,ICON-45782346432769,0.0,,deny,manual,24.00,,true,true,,,,,,https://cdn.shopify.com/s/files/1/0321/4956/9675/files/download_43262fd6-9479-49ea-bc9c-24977b9b5be7.png?v=1779839646,1,"",false,,,,,,,,,,,,,,,,,ICON-CU,,,,,,,,,,,,,,,,,,,,'1,,,,,,,,,,,,,,,,,,,,,,,,,,,,,,,,,,,,g,,,false,,,false,,,false,,,false,,,false,,,false,,,false,,,false,,,false,,,false,,,false,,,false,,,false,,,false,,,false,,,false,,,false,,,false,,,false,,,false,,,false,,,false,,,false,,,false,,,false,,,false,,,false,,,false,,,false,,,false,,,false,,,false,,,false,,,false,,,active
v2-xmas24-hearts,,,,,,,,,Large,,,,,,,,ICON-45782346465537,0.0,,deny,manual,48.00,,true,true,,,,,,,,,,,,,,,,,,,,,,,,,,,,,,,,,,,,,,,,,,,,,,,,,,,,,,,,,,,,,,,,,,,,,,,,,,,,,,,,,,g,,,,,,,,,,,,,,,,,,,,,,,,,,,,,,,,,,,,,,,,,,,,,,,,,,,,,,,,,,,,,,,,,,,,,,,,,,,,,,,,,,,,,,,,,,,,,,,,,,,,,,,,,
v2-xmas24-hearts,,,,,,,,,Medium,,,,,,,,ICON-45782346498305,0.0,,deny,manual,24.00,,true,true,,,,,,,,,,,,,,,,,,,,,,,,,,,,,,,,,,,,,,,,,,,,,,,,,,,,,,,,,,,,,,,,,,,,,,,,,,,,,,,,,,g,,,,,,,,,,,,,,,,,,,,,,,,,,,,,,,,,,,,,,,,,,,,,,,,,,,,,,,,,,,,,,,,,,,,,,,,,,,,,,,,,,,,,,,,,,,,,,,,,,,,,,,,,
v2-xmas24-hanukkah-matches,XMAS24 HANUKKAH MATCHES Embroidered Icon,"",Abbode Embroidery Design,Product Add-Ons > Product Customization,Embroidery Design,"hidden, icon, instant_exclude, revoq-no-withdrawal, webster-live",true,Size,Small,,,,,,,,ICON-45782346334465,0.0,,deny,manual,24.00,,true,true,,,,,,https://cdn.shopify.com/s/files/1/0321/4956/9675/files/download_46522d85-8a81-49ac-bdca-db2daaf6c2ca.png?v=1779839646,1,"",false,,,,,,,,,,,,,,,,,ICON-CU,,,,,,,,,,,,,,,,,,,,'1,,,,,,,,,,,,,,,,,,,,,,,,,,,,,,,,,,,,g,,,false,,,false,,,false,,,false,,,false,,,false,,,false,,,false,,,false,,,false,,,false,,,false,,,false,,,false,,,false,,,false,,,false,,,false,,,false,,,false,,,false,,,false,,,false,,,false,,,false,,,false,,,false,,,false,,,false,,,false,,,false,,,false,,,false,,,false,,,active
v2-xmas24-hanukkah-matches,,,,,,,,,Large,,,,,,,,ICON-45782346367233,0.0,,deny,manual,48.00,,true,true,,,,,,,,,,,,,,,,,,,,,,,,,,,,,,,,,,,,,,,,,,,,,,,,,,,,,,,,,,,,,,,,,,,,,,,,,,,,,,,,,,g,,,,,,,,,,,,,,,,,,,,,,,,,,,,,,,,,,,,,,,,,,,,,,,,,,,,,,,,,,,,,,,,,,,,,,,,,,,,,,,,,,,,,,,,,,,,,,,,,,,,,,,,,
v2-xmas24-hanukkah-matches,,,,,,,,,Medium,,,,,,,,ICON-45782346400001,0.0,,deny,manual,24.00,,true,true,,,,,,,,,,,,,,,,,,,,,,,,,,,,,,,,,,,,,,,,,,,,,,,,,,,,,,,,,,,,,,,,,,,,,,,,,,,,,,,,,,g,,,,,,,,,,,,,,,,,,,,,,,,,,,,,,,,,,,,,,,,,,,,,,,,,,,,,,,,,,,,,,,,,,,,,,,,,,,,,,,,,,,,,,,,,,,,,,,,,,,,,,,,,
v2-xmas24-gold-heart,XMAS24 GOLD HEART Embroidered Icon,"",Abbode Embroidery Design,Product Add-Ons > Product Customization,Embroidery Design,"hidden, icon, instant_exclude, revoq-no-withdrawal, webster-live",true,Size,Small,,,,,,,,ICON-45782346236161,0.0,,deny,manual,24.00,,true,true,,,,,,https://cdn.shopify.com/s/files/1/0321/4956/9675/files/download_2a700178-5cd6-4b42-aed8-15edfd7cbcfe.png?v=1779839646,1,"",false,,,,,,,,,,,,,,,,,ICON-CU,,,,,,,,,,,,,,,,,,,,'1,,,,,,,,,,,,,,,,,,,,,,,,,,,,,,,,,,,,g,,,false,,,false,,,false,,,false,,,false,,,false,,,false,,,false,,,false,,,false,,,false,,,false,,,false,,,false,,,false,,,false,,,false,,,false,,,false,,,false,,,false,,,false,,,false,,,false,,,false,,,false,,,false,,,false,,,false,,,false,,,false,,,false,,,false,,,false,,,active
v2-xmas24-gold-heart,,,,,,,,,Large,,,,,,,,ICON-45782346268929,0.0,,deny,manual,48.00,,true,true,,,,,,,,,,,,,,,,,,,,,,,,,,,,,,,,,,,,,,,,,,,,,,,,,,,,,,,,,,,,,,,,,,,,,,,,,,,,,,,,,,g,,,,,,,,,,,,,,,,,,,,,,,,,,,,,,,,,,,,,,,,,,,,,,,,,,,,,,,,,,,,,,,,,,,,,,,,,,,,,,,,,,,,,,,,,,,,,,,,,,,,,,,,,
v2-xmas24-gold-heart,,,,,,,,,Medium,,,,,,,,ICON-45782346301697,0.0,,deny,manual,24.00,,true,true,,,,,,,,,,,,,,,,,,,,,,,,,,,,,,,,,,,,,,,,,,,,,,,,,,,,,,,,,,,,,,,,,,,,,,,,,,,,,,,,,,g,,,,,,,,,,,,,,,,,,,,,,,,,,,,,,,,,,,,,,,,,,,,,,,,,,,,,,,,,,,,,,,,,,,,,,,,,,,,,,,,,,,,,,,,,,,,,,,,,,,,,,,,,
v2-xmas24-gingerbread,XMAS24 GINGERBREAD Embroidered Icon,"",Abbode Embroidery Design,Product Add-Ons > Product Customization,Embroidery Design,"hidden, icon, instant_exclude, revoq-no-withdrawal, webster-live",true,Size,Small,,,,,,,,ICON-45782346039553,0.0,,deny,manual,24.00,,true,true,,,,,,https://cdn.shopify.com/s/files/1/0321/4956/9675/files/download_8b634ec7-40f2-4122-bee3-674afbd8e3d5.png?v=1779839646,1,"",false,,,,,,,,,,,,,,,,,ICON-CU,,,,,,,,,,,,,,,,,,,,'1,,,,,,,,,,,,,,,,,,,,,,,,,,,,,,,,,,,,g,,,false,,,false,,,false,,,false,,,false,,,false,,,false,,,false,,,false,,,false,,,false,,,false,,,false,,,false,,,false,,,false,,,false,,,false,,,false,,,false,,,false,,,false,,,false,,,false,,,false,,,false,,,false,,,false,,,false,,,false,,,false,,,false,,,false,,,false,,,active
v2-xmas24-gingerbread,,,,,,,,,Large,,,,,,,,ICON-45782346072321,0.0,,deny,manual,48.00,,true,true,,,,,,,,,,,,,,,,,,,,,,,,,,,,,,,,,,,,,,,,,,,,,,,,,,,,,,,,,,,,,,,,,,,,,,,,,,,,,,,,,,g,,,,,,,,,,,,,,,,,,,,,,,,,,,,,,,,,,,,,,,,,,,,,,,,,,,,,,,,,,,,,,,,,,,,,,,,,,,,,,,,,,,,,,,,,,,,,,,,,,,,,,,,,
v2-xmas24-gingerbread,,,,,,,,,Medium,,,,,,,,ICON-45782346105089,0.0,,deny,manual,24.00,,true,true,,,,,,,,,,,,,,,,,,,,,,,,,,,,,,,,,,,,,,,,,,,,,,,,,,,,,,,,,,,,,,,,,,,,,,,,,,,,,,,,,,g,,,,,,,,,,,,,,,,,,,,,,,,,,,,,,,,,,,,,,,,,,,,,,,,,,,,,,,,,,,,,,,,,,,,,,,,,,,,,,,,,,,,,,,,,,,,,,,,,,,,,,,,,
v2-xmas24-cocktail,XMAS24 COCKTAIL Embroidered Icon,"",Abbode Embroidery Design,Product Add-Ons > Product Customization,Embroidery Design,"hidden, icon, instant_exclude, revoq-no-withdrawal, webster-live",true,Size,Small,,,,,,,,ICON-45782345941249,0.0,,deny,manual,24.00,,true,true,,,,,,https://cdn.shopify.com/s/files/1/0321/4956/9675/files/download_1238efae-97b6-4e17-93e0-721d798e4eb9.png?v=1779839646,1,"",false,,,,,,,,,,,,,,,,,ICON-CU,,,,,,,,,,,,,,,,,,,,'1,,,,,,,,,,,,,,,,,,,,,,,,,,,,,,,,,,,,g,,,false,,,false,,,false,,,false,,,false,,,false,,,false,,,false,,,false,,,false,,,false,,,false,,,false,,,false,,,false,,,false,,,false,,,false,,,false,,,false,,,false,,,false,,,false,,,false,,,false,,,false,,,false,,,false,,,false,,,false,,,false,,,false,,,false,,,false,,,active
v2-xmas24-cocktail,,,,,,,,,Large,,,,,,,,ICON-45782345974017,0.0,,deny,manual,48.00,,true,true,,,,,,,,,,,,,,,,,,,,,,,,,,,,,,,,,,,,,,,,,,,,,,,,,,,,,,,,,,,,,,,,,,,,,,,,,,,,,,,,,,g,,,,,,,,,,,,,,,,,,,,,,,,,,,,,,,,,,,,,,,,,,,,,,,,,,,,,,,,,,,,,,,,,,,,,,,,,,,,,,,,,,,,,,,,,,,,,,,,,,,,,,,,,
v2-xmas24-cocktail,,,,,,,,,Medium,,,,,,,,ICON-45782346006785,0.0,,deny,manual,24.00,,true,true,,,,,,,,,,,,,,,,,,,,,,,,,,,,,,,,,,,,,,,,,,,,,,,,,,,,,,,,,,,,,,,,,,,,,,,,,,,,,,,,,,g,,,,,,,,,,,,,,,,,,,,,,,,,,,,,,,,,,,,,,,,,,,,,,,,,,,,,,,,,,,,,,,,,,,,,,,,,,,,,,,,,,,,,,,,,,,,,,,,,,,,,,,,,
v2-xmas24-candycanes-crossed,XMAS24 CANDYCANES CROSSED Embroidered Icon,"",Abbode Embroidery Design,Product Add-Ons > Product Customization,Embroidery Design,"hidden, icon, instant_exclude, revoq-no-withdrawal, webster-live",true,Size,Small,,,,,,,,ICON-45782345810177,0.0,,deny,manual,24.00,,true,true,,,,,,https://cdn.shopify.com/s/files/1/0321/4956/9675/files/download_2c9387cf-bbda-4575-9eab-a49e3a32f741.png?v=1779839646,1,"",false,,,,,,,,,,,,,,,,,ICON-CU,,,,,,,,,,,,,,,,,,,,'1,,,,,,,,,,,,,,,,,,,,,,,,,,,,,,,,,,,,g,,,false,,,false,,,false,,,false,,,false,,,false,,,false,,,false,,,false,,,false,,,false,,,false,,,false,,,false,,,false,,,false,,,false,,,false,,,false,,,false,,,false,,,false,,,false,,,false,,,false,,,false,,,false,,,false,,,false,,,false,,,false,,,false,,,false,,,false,,,active
v2-xmas24-candycanes-crossed,,,,,,,,,Large,,,,,,,,ICON-45782345842945,0.0,,deny,manual,48.00,,true,true,,,,,,,,,,,,,,,,,,,,,,,,,,,,,,,,,,,,,,,,,,,,,,,,,,,,,,,,,,,,,,,,,,,,,,,,,,,,,,,,,,g,,,,,,,,,,,,,,,,,,,,,,,,,,,,,,,,,,,,,,,,,,,,,,,,,,,,,,,,,,,,,,,,,,,,,,,,,,,,,,,,,,,,,,,,,,,,,,,,,,,,,,,,,
v2-xmas24-candycanes-crossed,,,,,,,,,Medium,,,,,,,,ICON-45782345875713,0.0,,deny,manual,24.00,,true,true,,,,,,,,,,,,,,,,,,,,,,,,,,,,,,,,,,,,,,,,,,,,,,,,,,,,,,,,,,,,,,,,,,,,,,,,,,,,,,,,,,g,,,,,,,,,,,,,,,,,,,,,,,,,,,,,,,,,,,,,,,,,,,,,,,,,,,,,,,,,,,,,,,,,,,,,,,,,,,,,,,,,,,,,,,,,,,,,,,,,,,,,,,,,
v2-xmas24-candycane-heart,XMAS24 CANDYCANE HEART Embroidered Icon,"",Abbode Embroidery Design,Product Add-Ons > Product Customization,Embroidery Design,"hidden, icon, instant_exclude, revoq-no-withdrawal, webster-live",true,Size,Small,,,,,,,,ICON-45782345711873,0.0,,deny,manual,24.00,,true,true,,,,,,https://cdn.shopify.com/s/files/1/0321/4956/9675/files/download_f66f33e8-b419-4aa3-b253-c26b6f16f0d9.png?v=1779839646,1,"",false,,,,,,,,,,,,,,,,,ICON-CU,,,,,,,,,,,,,,,,,,,,'1,,,,,,,,,,,,,,,,,,,,,,,,,,,,,,,,,,,,g,,,false,,,false,,,false,,,false,,,false,,,false,,,false,,,false,,,false,,,false,,,false,,,false,,,false,,,false,,,false,,,false,,,false,,,false,,,false,,,false,,,false,,,false,,,false,,,false,,,false,,,false,,,false,,,false,,,false,,,false,,,false,,,false,,,false,,,false,,,active
v2-xmas24-candycane-heart,,,,,,,,,Large,,,,,,,,ICON-45782345744641,0.0,,deny,manual,48.00,,true,true,,,,,,,,,,,,,,,,,,,,,,,,,,,,,,,,,,,,,,,,,,,,,,,,,,,,,,,,,,,,,,,,,,,,,,,,,,,,,,,,,,g,,,,,,,,,,,,,,,,,,,,,,,,,,,,,,,,,,,,,,,,,,,,,,,,,,,,,,,,,,,,,,,,,,,,,,,,,,,,,,,,,,,,,,,,,,,,,,,,,,,,,,,,,
v2-xmas24-candycane-heart,,,,,,,,,Medium,,,,,,,,ICON-45782345777409,0.0,,deny,manual,24.00,,true,true,,,,,,,,,,,,,,,,,,,,,,,,,,,,,,,,,,,,,,,,,,,,,,,,,,,,,,,,,,,,,,,,,,,,,,,,,,,,,,,,,,g,,,,,,,,,,,,,,,,,,,,,,,,,,,,,,,,,,,,,,,,,,,,,,,,,,,,,,,,,,,,,,,,,,,,,,,,,,,,,,,,,,,,,,,,,,,,,,,,,,,,,,,,,
v2-xmas24-candycane,XMAS24 CANDYCANE Embroidered Icon,"",Abbode Embroidery Design,Product Add-Ons > Product Customization,Embroidery Design,"hidden, icon, instant_exclude, revoq-no-withdrawal, webster-live",true,Size,Small,,,,,,,,ICON-45782345613569,0.0,,deny,manual,24.00,,true,true,,,,,,https://cdn.shopify.com/s/files/1/0321/4956/9675/files/download_e53d5d3a-757a-45a9-92d7-e63b2f4933fb.png?v=1779839646,1,"",false,,,,,,,,,,,,,,,,,ICON-CU,,,,,,,,,,,,,,,,,,,,'1,,,,,,,,,,,,,,,,,,,,,,,,,,,,,,,,,,,,g,,,false,,,false,,,false,,,false,,,false,,,false,,,false,,,false,,,false,,,false,,,false,,,false,,,false,,,false,,,false,,,false,,,false,,,false,,,false,,,false,,,false,,,false,,,false,,,false,,,false,,,false,,,false,,,false,,,false,,,false,,,false,,,false,,,false,,,false,,,active
v2-xmas24-candycane,,,,,,,,,Large,,,,,,,,ICON-45782345646337,0.0,,deny,manual,48.00,,true,true,,,,,,,,,,,,,,,,,,,,,,,,,,,,,,,,,,,,,,,,,,,,,,,,,,,,,,,,,,,,,,,,,,,,,,,,,,,,,,,,,,g,,,,,,,,,,,,,,,,,,,,,,,,,,,,,,,,,,,,,,,,,,,,,,,,,,,,,,,,,,,,,,,,,,,,,,,,,,,,,,,,,,,,,,,,,,,,,,,,,,,,,,,,,
v2-xmas24-candycane,,,,,,,,,Medium,,,,,,,,ICON-45782345679105,0.0,,deny,manual,24.00,,true,true,,,,,,,,,,,,,,,,,,,,,,,,,,,,,,,,,,,,,,,,,,,,,,,,,,,,,,,,,,,,,,,,,,,,,,,,,,,,,,,,,,g,,,,,,,,,,,,,,,,,,,,,,,,,,,,,,,,,,,,,,,,,,,,,,,,,,,,,,,,,,,,,,,,,,,,,,,,,,,,,,,,,,,,,,,,,,,,,,,,,,,,,,,,,
v2-xmas24-candycane-bow,XMAS24 CANDYCANE BOW Embroidered Icon,"",Abbode Embroidery Design,Product Add-Ons > Product Customization,Embroidery Design,"hidden, icon, instant_exclude, revoq-no-withdrawal, webster-live",true,Size,Small,,,,,,,,ICON-45782345515265,0.0,,deny,manual,24.00,,true,true,,,,,,https://cdn.shopify.com/s/files/1/0321/4956/9675/files/download_1dab8f45-28e0-4479-83e0-9d8d52ed29d1.png?v=1779839647,1,"",false,,,,,,,,,,,,,,,,,ICON-CU,,,,,,,,,,,,,,,,,,,,'1,,,,,,,,,,,,,,,,,,,,,,,,,,,,,,,,,,,,g,,,false,,,false,,,false,,,false,,,false,,,false,,,false,,,false,,,false,,,false,,,false,,,false,,,false,,,false,,,false,,,false,,,false,,,false,,,false,,,false,,,false,,,false,,,false,,,false,,,false,,,false,,,false,,,false,,,false,,,false,,,false,,,false,,,false,,,false,,,active
v2-xmas24-candycane-bow,,,,,,,,,Large,,,,,,,,ICON-45782345548033,0.0,,deny,manual,48.00,,true,true,,,,,,,,,,,,,,,,,,,,,,,,,,,,,,,,,,,,,,,,,,,,,,,,,,,,,,,,,,,,,,,,,,,,,,,,,,,,,,,,,,g,,,,,,,,,,,,,,,,,,,,,,,,,,,,,,,,,,,,,,,,,,,,,,,,,,,,,,,,,,,,,,,,,,,,,,,,,,,,,,,,,,,,,,,,,,,,,,,,,,,,,,,,,
v2-xmas24-candycane-bow,,,,,,,,,Medium,,,,,,,,ICON-45782345580801,0.0,,deny,manual,24.00,,true,true,,,,,,,,,,,,,,,,,,,,,,,,,,,,,,,,,,,,,,,,,,,,,,,,,,,,,,,,,,,,,,,,,,,,,,,,,,,,,,,,,,g,,,,,,,,,,,,,,,,,,,,,,,,,,,,,,,,,,,,,,,,,,,,,,,,,,,,,,,,,,,,,,,,,,,,,,,,,,,,,,,,,,,,,,,,,,,,,,,,,,,,,,,,,
v2-weed,Weed Embroidered Icon,"",Abbode Embroidery Design,Product Add-Ons > Product Customization,Embroidery Design,"hidden, icon, instant_exclude, revoq-no-withdrawal, webster-live",true,Size,Small,,,,,,,,ICON-45782345318657,0.0,,deny,manual,24.00,,true,true,,,,,,https://cdn.shopify.com/s/files/1/0321/4956/9675/files/download_e60786f1-7b37-45be-a4c6-69c579079172.png?v=1779839646,1,"",false,,,,,,,,,,,,,,,,,ICON-CU,,,,,,,,,,,,,,,,,,,,'1,,,,,,,,,,,,,,,,,,,,,,,,,,,,,,,,,,,,g,,,false,,,false,,,false,,,false,,,false,,,false,,,false,,,false,,,false,,,false,,,false,,,false,,,false,,,false,,,false,,,false,,,false,,,false,,,false,,,false,,,false,,,false,,,false,,,false,,,false,,,false,,,false,,,false,,,false,,,false,,,false,,,false,,,false,,,false,,,active
v2-weed,,,,,,,,,Large,,,,,,,,ICON-45782345351425,0.0,,deny,manual,48.00,,true,true,,,,,,,,,,,,,,,,,,,,,,,,,,,,,,,,,,,,,,,,,,,,,,,,,,,,,,,,,,,,,,,,,,,,,,,,,,,,,,,,,,g,,,,,,,,,,,,,,,,,,,,,,,,,,,,,,,,,,,,,,,,,,,,,,,,,,,,,,,,,,,,,,,,,,,,,,,,,,,,,,,,,,,,,,,,,,,,,,,,,,,,,,,,,
v2-weed,,,,,,,,,Medium,,,,,,,,ICON-45782345384193,0.0,,deny,manual,24.00,,true,true,,,,,,,,,,,,,,,,,,,,,,,,,,,,,,,,,,,,,,,,,,,,,,,,,,,,,,,,,,,,,,,,,,,,,,,,,,,,,,,,,,g,,,,,,,,,,,,,,,,,,,,,,,,,,,,,,,,,,,,,,,,,,,,,,,,,,,,,,,,,,,,,,,,,,,,,,,,,,,,,,,,,,,,,,,,,,,,,,,,,,,,,,,,,
v2-watermelon,Watermelon Embroidered Icon,"",Abbode Embroidery Design,Product Add-Ons > Product Customization,Embroidery Design,"hidden, icon, instant_exclude, revoq-no-withdrawal, webster-live",true,Size,Small,,,,,,,,ICON-45782345220353,0.0,,deny,manual,24.00,,true,true,,,,,,https://cdn.shopify.com/s/files/1/0321/4956/9675/files/download_4f551245-094b-48cd-aa22-983fdcfffdd7.png?v=1779839646,1,"",false,,,,,,,,,,,,,,,,,ICON-CU,,,,,,,,,,,,,,,,,,,,'1,,,,,,,,,,,,,,,,,,,,,,,,,,,,,,,,,,,,g,,,false,,,false,,,false,,,false,,,false,,,false,,,false,,,false,,,false,,,false,,,false,,,false,,,false,,,false,,,false,,,false,,,false,,,false,,,false,,,false,,,false,,,false,,,false,,,false,,,false,,,false,,,false,,,false,,,false,,,false,,,false,,,false,,,false,,,false,,,active
v2-watermelon,,,,,,,,,Large,,,,,,,,ICON-45782345253121,0.0,,deny,manual,48.00,,true,true,,,,,,,,,,,,,,,,,,,,,,,,,,,,,,,,,,,,,,,,,,,,,,,,,,,,,,,,,,,,,,,,,,,,,,,,,,,,,,,,,,g,,,,,,,,,,,,,,,,,,,,,,,,,,,,,,,,,,,,,,,,,,,,,,,,,,,,,,,,,,,,,,,,,,,,,,,,,,,,,,,,,,,,,,,,,,,,,,,,,,,,,,,,,
v2-watermelon,,,,,,,,,Medium,,,,,,,,ICON-45782345285889,0.0,,deny,manual,24.00,,true,true,,,,,,,,,,,,,,,,,,,,,,,,,,,,,,,,,,,,,,,,,,,,,,,,,,,,,,,,,,,,,,,,,,,,,,,,,,,,,,,,,,g,,,,,,,,,,,,,,,,,,,,,,,,,,,,,,,,,,,,,,,,,,,,,,,,,,,,,,,,,,,,,,,,,,,,,,,,,,,,,,,,,,,,,,,,,,,,,,,,,,,,,,,,,
v2-volleyball,Volleyball Embroidered Icon,"",Abbode Embroidery Design,Product Add-Ons > Product Customization,Embroidery Design,"hidden, icon, instant_exclude, revoq-no-withdrawal, webster-live",true,Size,Small,,,,,,,,ICON-45782345122049,0.0,,deny,manual,24.00,,true,true,,,,,,https://cdn.shopify.com/s/files/1/0321/4956/9675/files/download_a8359b06-0009-431e-a44b-027756670893.png?v=1779839647,1,"",false,,,,,,,,,,,,,,,,,ICON-CU,,,,,,,,,,,,,,,,,,,,'1,,,,,,,,,,,,,,,,,,,,,,,,,,,,,,,,,,,,g,,,false,,,false,,,false,,,false,,,false,,,false,,,false,,,false,,,false,,,false,,,false,,,false,,,false,,,false,,,false,,,false,,,false,,,false,,,false,,,false,,,false,,,false,,,false,,,false,,,false,,,false,,,false,,,false,,,false,,,false,,,false,,,false,,,false,,,false,,,active
v2-volleyball,,,,,,,,,Large,,,,,,,,ICON-45782345154817,0.0,,deny,manual,48.00,,true,true,,,,,,,,,,,,,,,,,,,,,,,,,,,,,,,,,,,,,,,,,,,,,,,,,,,,,,,,,,,,,,,,,,,,,,,,,,,,,,,,,,g,,,,,,,,,,,,,,,,,,,,,,,,,,,,,,,,,,,,,,,,,,,,,,,,,,,,,,,,,,,,,,,,,,,,,,,,,,,,,,,,,,,,,,,,,,,,,,,,,,,,,,,,,
v2-volleyball,,,,,,,,,Medium,,,,,,,,ICON-45782345187585,0.0,,deny,manual,24.00,,true,true,,,,,,,,,,,,,,,,,,,,,,,,,,,,,,,,,,,,,,,,,,,,,,,,,,,,,,,,,,,,,,,,,,,,,,,,,,,,,,,,,,g,,,,,,,,,,,,,,,,,,,,,,,,,,,,,,,,,,,,,,,,,,,,,,,,,,,,,,,,,,,,,,,,,,,,,,,,,,,,,,,,,,,,,,,,,,,,,,,,,,,,,,,,,
v2-vine-tomatoes,Vine Tomatoes Embroidered Icon,"",Abbode Embroidery Design,Product Add-Ons > Product Customization,Embroidery Design,"hidden, icon, instant_exclude, revoq-no-withdrawal, webster-live",true,Size,Small,,,,,,,,ICON-45782345023745,0.0,,deny,manual,24.00,,true,true,,,,,,https://cdn.shopify.com/s/files/1/0321/4956/9675/files/download_4678ad7a-9573-4e78-88a3-3ec09a70cc39.png?v=1779839646,1,"",false,,,,,,,,,,,,,,,,,ICON-CU,,,,,,,,,,,,,,,,,,,,'1,,,,,,,,,,,,,,,,,,,,,,,,,,,,,,,,,,,,g,,,false,,,false,,,false,,,false,,,false,,,false,,,false,,,false,,,false,,,false,,,false,,,false,,,false,,,false,,,false,,,false,,,false,,,false,,,false,,,false,,,false,,,false,,,false,,,false,,,false,,,false,,,false,,,false,,,false,,,false,,,false,,,false,,,false,,,false,,,active
v2-vine-tomatoes,,,,,,,,,Large,,,,,,,,ICON-45782345056513,0.0,,deny,manual,48.00,,true,true,,,,,,,,,,,,,,,,,,,,,,,,,,,,,,,,,,,,,,,,,,,,,,,,,,,,,,,,,,,,,,,,,,,,,,,,,,,,,,,,,,g,,,,,,,,,,,,,,,,,,,,,,,,,,,,,,,,,,,,,,,,,,,,,,,,,,,,,,,,,,,,,,,,,,,,,,,,,,,,,,,,,,,,,,,,,,,,,,,,,,,,,,,,,
v2-vine-tomatoes,,,,,,,,,Medium,,,,,,,,ICON-45782345089281,0.0,,deny,manual,24.00,,true,true,,,,,,,,,,,,,,,,,,,,,,,,,,,,,,,,,,,,,,,,,,,,,,,,,,,,,,,,,,,,,,,,,,,,,,,,,,,,,,,,,,g,,,,,,,,,,,,,,,,,,,,,,,,,,,,,,,,,,,,,,,,,,,,,,,,,,,,,,,,,,,,,,,,,,,,,,,,,,,,,,,,,,,,,,,,,,,,,,,,,,,,,,,,,
v2-two-olives-on-toothpick,Two Olives on Toothpick Embroidered Icon,"",Abbode Embroidery Design,Product Add-Ons > Product Customization,Embroidery Design,"hidden, icon, instant_exclude, revoq-no-withdrawal, webster-live",true,Size,Small,,,,,,,,ICON-45782344925441,0.0,,deny,manual,24.00,,true,true,,,,,,https://cdn.shopify.com/s/files/1/0321/4956/9675/files/download_782dcb8c-6fa9-4936-a4c2-88ee77da31f8.png?v=1779839647,1,"",false,,,,,,,,,,,,,,,,,ICON-CU,,,,,,,,,,,,,,,,,,,,'1,,,,,,,,,,,,,,,,,,,,,,,,,,,,,,,,,,,,g,,,false,,,false,,,false,,,false,,,false,,,false,,,false,,,false,,,false,,,false,,,false,,,false,,,false,,,false,,,false,,,false,,,false,,,false,,,false,,,false,,,false,,,false,,,false,,,false,,,false,,,false,,,false,,,false,,,false,,,false,,,false,,,false,,,false,,,false,,,active
v2-two-olives-on-toothpick,,,,,,,,,Large,,,,,,,,ICON-45782344958209,0.0,,deny,manual,48.00,,true,true,,,,,,,,,,,,,,,,,,,,,,,,,,,,,,,,,,,,,,,,,,,,,,,,,,,,,,,,,,,,,,,,,,,,,,,,,,,,,,,,,,g,,,,,,,,,,,,,,,,,,,,,,,,,,,,,,,,,,,,,,,,,,,,,,,,,,,,,,,,,,,,,,,,,,,,,,,,,,,,,,,,,,,,,,,,,,,,,,,,,,,,,,,,,
v2-two-olives-on-toothpick,,,,,,,,,Medium,,,,,,,,ICON-45782344990977,0.0,,deny,manual,24.00,,true,true,,,,,,,,,,,,,,,,,,,,,,,,,,,,,,,,,,,,,,,,,,,,,,,,,,,,,,,,,,,,,,,,,,,,,,,,,,,,,,,,,,g,,,,,,,,,,,,,,,,,,,,,,,,,,,,,,,,,,,,,,,,,,,,,,,,,,,,,,,,,,,,,,,,,,,,,,,,,,,,,,,,,,,,,,,,,,,,,,,,,,,,,,,,,
v2-treble-cleff,Treble Cleff Embroidered Icon,"",Abbode Embroidery Design,Product Add-Ons > Product Customization,Embroidery Design,"hidden, icon, instant_exclude, revoq-no-withdrawal, webster-live",true,Size,Small,,,,,,,,ICON-45782344597761,0.0,,deny,manual,24.00,,true,true,,,,,,https://cdn.shopify.com/s/files/1/0321/4956/9675/files/download_f453439b-08a7-4df4-bc0a-0a85a0b87309.png?v=1779839646,1,"",false,,,,,,,,,,,,,,,,,ICON-CU,,,,,,,,,,,,,,,,,,,,'1,,,,,,,,,,,,,,,,,,,,,,,,,,,,,,,,,,,,g,,,false,,,false,,,false,,,false,,,false,,,false,,,false,,,false,,,false,,,false,,,false,,,false,,,false,,,false,,,false,,,false,,,false,,,false,,,false,,,false,,,false,,,false,,,false,,,false,,,false,,,false,,,false,,,false,,,false,,,false,,,false,,,false,,,false,,,false,,,active
v2-treble-cleff,,,,,,,,,Large,,,,,,,,ICON-45782344630529,0.0,,deny,manual,48.00,,true,true,,,,,,,,,,,,,,,,,,,,,,,,,,,,,,,,,,,,,,,,,,,,,,,,,,,,,,,,,,,,,,,,,,,,,,,,,,,,,,,,,,g,,,,,,,,,,,,,,,,,,,,,,,,,,,,,,,,,,,,,,,,,,,,,,,,,,,,,,,,,,,,,,,,,,,,,,,,,,,,,,,,,,,,,,,,,,,,,,,,,,,,,,,,,
v2-treble-cleff,,,,,,,,,Medium,,,,,,,,ICON-45782344663297,0.0,,deny,manual,24.00,,true,true,,,,,,,,,,,,,,,,,,,,,,,,,,,,,,,,,,,,,,,,,,,,,,,,,,,,,,,,,,,,,,,,,,,,,,,,,,,,,,,,,,g,,,,,,,,,,,,,,,,,,,,,,,,,,,,,,,,,,,,,,,,,,,,,,,,,,,,,,,,,,,,,,,,,,,,,,,,,,,,,,,,,,,,,,,,,,,,,,,,,,,,,,,,,
v2-tomato,Tomato Embroidered Icon,"",Abbode Embroidery Design,Product Add-Ons > Product Customization,Embroidery Design,"hidden, icon, instant_exclude, revoq-no-withdrawal, webster-live",true,Size,Small,,,,,,,,ICON-45782344433921,0.0,,deny,manual,24.00,,true,true,,,,,,https://cdn.shopify.com/s/files/1/0321/4956/9675/files/download_cfe5da55-9217-4ac3-aca0-b91993e81d39.png?v=1779839647,1,"",false,,,,,,,,,,,,,,,,,ICON-CU,,,,,,,,,,,,,,,,,,,,'1,,,,,,,,,,,,,,,,,,,,,,,,,,,,,,,,,,,,g,,,false,,,false,,,false,,,false,,,false,,,false,,,false,,,false,,,false,,,false,,,false,,,false,,,false,,,false,,,false,,,false,,,false,,,false,,,false,,,false,,,false,,,false,,,false,,,false,,,false,,,false,,,false,,,false,,,false,,,false,,,false,,,false,,,false,,,false,,,active
v2-tomato,,,,,,,,,Large,,,,,,,,ICON-45782344466689,0.0,,deny,manual,48.00,,true,true,,,,,,,,,,,,,,,,,,,,,,,,,,,,,,,,,,,,,,,,,,,,,,,,,,,,,,,,,,,,,,,,,,,,,,,,,,,,,,,,,,g,,,,,,,,,,,,,,,,,,,,,,,,,,,,,,,,,,,,,,,,,,,,,,,,,,,,,,,,,,,,,,,,,,,,,,,,,,,,,,,,,,,,,,,,,,,,,,,,,,,,,,,,,
v2-tomato,,,,,,,,,Medium,,,,,,,,ICON-45782344499457,0.0,,deny,manual,24.00,,true,true,,,,,,,,,,,,,,,,,,,,,,,,,,,,,,,,,,,,,,,,,,,,,,,,,,,,,,,,,,,,,,,,,,,,,,,,,,,,,,,,,,g,,,,,,,,,,,,,,,,,,,,,,,,,,,,,,,,,,,,,,,,,,,,,,,,,,,,,,,,,,,,,,,,,,,,,,,,,,,,,,,,,,,,,,,,,,,,,,,,,,,,,,,,,
v2-three-olives-on-toothpick,Three Olives on Toothpick Embroidered Icon,"",Abbode Embroidery Design,Product Add-Ons > Product Customization,Embroidery Design,"hidden, icon, instant_exclude, revoq-no-withdrawal, webster-live",true,Size,Small,,,,,,,,ICON-45782344335617,0.0,,deny,manual,24.00,,true,true,,,,,,https://cdn.shopify.com/s/files/1/0321/4956/9675/files/download_d5698684-591b-4877-aae4-a01932203956.png?v=1779839646,1,"",false,,,,,,,,,,,,,,,,,ICON-CU,,,,,,,,,,,,,,,,,,,,'1,,,,,,,,,,,,,,,,,,,,,,,,,,,,,,,,,,,,g,,,false,,,false,,,false,,,false,,,false,,,false,,,false,,,false,,,false,,,false,,,false,,,false,,,false,,,false,,,false,,,false,,,false,,,false,,,false,,,false,,,false,,,false,,,false,,,false,,,false,,,false,,,false,,,false,,,false,,,false,,,false,,,false,,,false,,,false,,,active
v2-three-olives-on-toothpick,,,,,,,,,Large,,,,,,,,ICON-45782344368385,0.0,,deny,manual,48.00,,true,true,,,,,,,,,,,,,,,,,,,,,,,,,,,,,,,,,,,,,,,,,,,,,,,,,,,,,,,,,,,,,,,,,,,,,,,,,,,,,,,,,,g,,,,,,,,,,,,,,,,,,,,,,,,,,,,,,,,,,,,,,,,,,,,,,,,,,,,,,,,,,,,,,,,,,,,,,,,,,,,,,,,,,,,,,,,,,,,,,,,,,,,,,,,,
v2-three-olives-on-toothpick,,,,,,,,,Medium,,,,,,,,ICON-45782344401153,0.0,,deny,manual,24.00,,true,true,,,,,,,,,,,,,,,,,,,,,,,,,,,,,,,,,,,,,,,,,,,,,,,,,,,,,,,,,,,,,,,,,,,,,,,,,,,,,,,,,,g,,,,,,,,,,,,,,,,,,,,,,,,,,,,,,,,,,,,,,,,,,,,,,,,,,,,,,,,,,,,,,,,,,,,,,,,,,,,,,,,,,,,,,,,,,,,,,,,,,,,,,,,,
v2-tennis-raquets,Blue Tennis Racquets Embroidered Icon,"",Abbode Embroidery Design,Product Add-Ons > Product Customization,Embroidery Design,"hidden, icon, instant_exclude, revoq-no-withdrawal, webster-live",true,Size,Small,,,,,,,,ICON-45782343254273,0.0,,deny,manual,24.00,,true,true,,,,,,https://cdn.shopify.com/s/files/1/0321/4956/9675/files/download_656bc7e7-4bff-4070-befb-a06c1398c4b0.png?v=1779839646,1,"",false,,,,,,,,,,,,,,,,,ICON-CU,,,,,,,,,,,,,,,,,,,,'1,,,,,,,,,,,,,,,,,,,,,,,,,,,,,,,,,,,,g,,,false,,,false,,,false,,,false,,,false,,,false,,,false,,,false,,,false,,,false,,,false,,,false,,,false,,,false,,,false,,,false,,,false,,,false,,,false,,,false,,,false,,,false,,,false,,,false,,,false,,,false,,,false,,,false,,,false,,,false,,,false,,,false,,,false,,,false,,,active
v2-tennis-raquets,,,,,,,,,Large,,,,,,,,ICON-45782343287041,0.0,,deny,manual,48.00,,true,true,,,,,,,,,,,,,,,,,,,,,,,,,,,,,,,,,,,,,,,,,,,,,,,,,,,,,,,,,,,,,,,,,,,,,,,,,,,,,,,,,,g,,,,,,,,,,,,,,,,,,,,,,,,,,,,,,,,,,,,,,,,,,,,,,,,,,,,,,,,,,,,,,,,,,,,,,,,,,,,,,,,,,,,,,,,,,,,,,,,,,,,,,,,,
v2-tennis-raquets,,,,,,,,,Medium,,,,,,,,ICON-45782343319809,0.0,,deny,manual,24.00,,true,true,,,,,,,,,,,,,,,,,,,,,,,,,,,,,,,,,,,,,,,,,,,,,,,,,,,,,,,,,,,,,,,,,,,,,,,,,,,,,,,,,,g,,,,,,,,,,,,,,,,,,,,,,,,,,,,,,,,,,,,,,,,,,,,,,,,,,,,,,,,,,,,,,,,,,,,,,,,,,,,,,,,,,,,,,,,,,,,,,,,,,,,,,,,,
v2-tennis,Blue Tennis Embroidered Icon,"",Abbode Embroidery Design,Product Add-Ons > Product Customization,Embroidery Design,"hidden, icon, instant_exclude, revoq-no-withdrawal, webster-live",true,Size,Small,,,,,,,,ICON-45782343155969,0.0,,deny,manual,24.00,,true,true,,,,,,https://cdn.shopify.com/s/files/1/0321/4956/9675/files/download_ec1c2f14-3896-4d75-8184-79a418de40ea.png?v=1779839647,1,"",false,,,,,,,,,,,,,,,,,ICON-CU,,,,,,,,,,,,,,,,,,,,'1,,,,,,,,,,,,,,,,,,,,,,,,,,,,,,,,,,,,g,,,false,,,false,,,false,,,false,,,false,,,false,,,false,,,false,,,false,,,false,,,false,,,false,,,false,,,false,,,false,,,false,,,false,,,false,,,false,,,false,,,false,,,false,,,false,,,false,,,false,,,false,,,false,,,false,,,false,,,false,,,false,,,false,,,false,,,false,,,active
v2-tennis,,,,,,,,,Large,,,,,,,,ICON-45782343188737,0.0,,deny,manual,48.00,,true,true,,,,,,,,,,,,,,,,,,,,,,,,,,,,,,,,,,,,,,,,,,,,,,,,,,,,,,,,,,,,,,,,,,,,,,,,,,,,,,,,,,g,,,,,,,,,,,,,,,,,,,,,,,,,,,,,,,,,,,,,,,,,,,,,,,,,,,,,,,,,,,,,,,,,,,,,,,,,,,,,,,,,,,,,,,,,,,,,,,,,,,,,,,,,
v2-tennis,,,,,,,,,Medium,,,,,,,,ICON-45782343221505,0.0,,deny,manual,24.00,,true,true,,,,,,,,,,,,,,,,,,,,,,,,,,,,,,,,,,,,,,,,,,,,,,,,,,,,,,,,,,,,,,,,,,,,,,,,,,,,,,,,,,g,,,,,,,,,,,,,,,,,,,,,,,,,,,,,,,,,,,,,,,,,,,,,,,,,,,,,,,,,,,,,,,,,,,,,,,,,,,,,,,,,,,,,,,,,,,,,,,,,,,,,,,,,
v2-tennis-ball,Tennis Ball Embroidered Icon,"",Abbode Embroidery Design,Product Add-Ons > Product Customization,Embroidery Design,"hidden, icon, instant_exclude, revoq-no-withdrawal, webster-live",true,Size,Small,,,,,,,,ICON-45782343057665,0.0,,deny,manual,24.00,,true,true,,,,,,https://cdn.shopify.com/s/files/1/0321/4956/9675/files/download_c4f8f84f-a166-449c-ba70-88cf990416b4.png?v=1779839647,1,"",false,,,,,,,,,,,,,,,,,ICON-CU,,,,,,,,,,,,,,,,,,,,'1,,,,,,,,,,,,,,,,,,,,,,,,,,,,,,,,,,,,g,,,false,,,false,,,false,,,false,,,false,,,false,,,false,,,false,,,false,,,false,,,false,,,false,,,false,,,false,,,false,,,false,,,false,,,false,,,false,,,false,,,false,,,false,,,false,,,false,,,false,,,false,,,false,,,false,,,false,,,false,,,false,,,false,,,false,,,false,,,active
v2-tennis-ball,,,,,,,,,Large,,,,,,,,ICON-45782343090433,0.0,,deny,manual,48.00,,true,true,,,,,,,,,,,,,,,,,,,,,,,,,,,,,,,,,,,,,,,,,,,,,,,,,,,,,,,,,,,,,,,,,,,,,,,,,,,,,,,,,,g,,,,,,,,,,,,,,,,,,,,,,,,,,,,,,,,,,,,,,,,,,,,,,,,,,,,,,,,,,,,,,,,,,,,,,,,,,,,,,,,,,,,,,,,,,,,,,,,,,,,,,,,,
v2-tennis-ball,,,,,,,,,Medium,,,,,,,,ICON-45782343123201,0.0,,deny,manual,24.00,,true,true,,,,,,,,,,,,,,,,,,,,,,,,,,,,,,,,,,,,,,,,,,,,,,,,,,,,,,,,,,,,,,,,,,,,,,,,,,,,,,,,,,g,,,,,,,,,,,,,,,,,,,,,,,,,,,,,,,,,,,,,,,,,,,,,,,,,,,,,,,,,,,,,,,,,,,,,,,,,,,,,,,,,,,,,,,,,,,,,,,,,,,,,,,,,
v2-takeout,Takeout Embroidered Icon,"",Abbode Embroidery Design,Product Add-Ons > Product Customization,Embroidery Design,"hidden, icon, instant_exclude, revoq-no-withdrawal, webster-live",true,Size,Small,,,,,,,,ICON-45782342959361,0.0,,deny,manual,24.00,,true,true,,,,,,https://cdn.shopify.com/s/files/1/0321/4956/9675/files/download_1c5105fc-3628-40a0-9d31-185421d5c6ea.png?v=1779839647,1,"",false,,,,,,,,,,,,,,,,,ICON-CU,,,,,,,,,,,,,,,,,,,,'1,,,,,,,,,,,,,,,,,,,,,,,,,,,,,,,,,,,,g,,,false,,,false,,,false,,,false,,,false,,,false,,,false,,,false,,,false,,,false,,,false,,,false,,,false,,,false,,,false,,,false,,,false,,,false,,,false,,,false,,,false,,,false,,,false,,,false,,,false,,,false,,,false,,,false,,,false,,,false,,,false,,,false,,,false,,,false,,,active
v2-takeout,,,,,,,,,Large,,,,,,,,ICON-45782342992129,0.0,,deny,manual,48.00,,true,true,,,,,,,,,,,,,,,,,,,,,,,,,,,,,,,,,,,,,,,,,,,,,,,,,,,,,,,,,,,,,,,,,,,,,,,,,,,,,,,,,,g,,,,,,,,,,,,,,,,,,,,,,,,,,,,,,,,,,,,,,,,,,,,,,,,,,,,,,,,,,,,,,,,,,,,,,,,,,,,,,,,,,,,,,,,,,,,,,,,,,,,,,,,,
v2-takeout,,,,,,,,,Medium,,,,,,,,ICON-45782343024897,0.0,,deny,manual,24.00,,true,true,,,,,,,,,,,,,,,,,,,,,,,,,,,,,,,,,,,,,,,,,,,,,,,,,,,,,,,,,,,,,,,,,,,,,,,,,,,,,,,,,,g,,,,,,,,,,,,,,,,,,,,,,,,,,,,,,,,,,,,,,,,,,,,,,,,,,,,,,,,,,,,,,,,,,,,,,,,,,,,,,,,,,,,,,,,,,,,,,,,,,,,,,,,,
v2-taco,Taco Embroidered Icon,"",Abbode Embroidery Design,Product Add-Ons > Product Customization,Embroidery Design,"hidden, icon, instant_exclude, revoq-no-withdrawal, webster-live",true,Size,Small,,,,,,,,ICON-45782342861057,0.0,,deny,manual,24.00,,true,true,,,,,,https://cdn.shopify.com/s/files/1/0321/4956/9675/files/download_f225f5a2-6a0c-4291-923b-44c8940f17a8.png?v=1779839647,1,"",false,,,,,,,,,,,,,,,,,ICON-CU,,,,,,,,,,,,,,,,,,,,'1,,,,,,,,,,,,,,,,,,,,,,,,,,,,,,,,,,,,g,,,false,,,false,,,false,,,false,,,false,,,false,,,false,,,false,,,false,,,false,,,false,,,false,,,false,,,false,,,false,,,false,,,false,,,false,,,false,,,false,,,false,,,false,,,false,,,false,,,false,,,false,,,false,,,false,,,false,,,false,,,false,,,false,,,false,,,false,,,active
v2-taco,,,,,,,,,Large,,,,,,,,ICON-45782342893825,0.0,,deny,manual,48.00,,true,true,,,,,,,,,,,,,,,,,,,,,,,,,,,,,,,,,,,,,,,,,,,,,,,,,,,,,,,,,,,,,,,,,,,,,,,,,,,,,,,,,,g,,,,,,,,,,,,,,,,,,,,,,,,,,,,,,,,,,,,,,,,,,,,,,,,,,,,,,,,,,,,,,,,,,,,,,,,,,,,,,,,,,,,,,,,,,,,,,,,,,,,,,,,,
v2-taco,,,,,,,,,Medium,,,,,,,,ICON-45782342926593,0.0,,deny,manual,24.00,,true,true,,,,,,,,,,,,,,,,,,,,,,,,,,,,,,,,,,,,,,,,,,,,,,,,,,,,,,,,,,,,,,,,,,,,,,,,,,,,,,,,,,g,,,,,,,,,,,,,,,,,,,,,,,,,,,,,,,,,,,,,,,,,,,,,,,,,,,,,,,,,,,,,,,,,,,,,,,,,,,,,,,,,,,,,,,,,,,,,,,,,,,,,,,,,
v2-swirl-ice-cream,Swirl Ice Cream Embroidered Icon,"",Abbode Embroidery Design,Product Add-Ons > Product Customization,Embroidery Design,"hidden, icon, instant_exclude, revoq-no-withdrawal, webster-live",true,Size,Small,,,,,,,,ICON-45782342762753,0.0,,deny,manual,24.00,,true,true,,,,,,https://cdn.shopify.com/s/files/1/0321/4956/9675/files/download_20e83b89-9a70-4832-8a82-19c647d8f280.png?v=1779839647,1,"",false,,,,,,,,,,,,,,,,,ICON-CU,,,,,,,,,,,,,,,,,,,,'1,,,,,,,,,,,,,,,,,,,,,,,,,,,,,,,,,,,,g,,,false,,,false,,,false,,,false,,,false,,,false,,,false,,,false,,,false,,,false,,,false,,,false,,,false,,,false,,,false,,,false,,,false,,,false,,,false,,,false,,,false,,,false,,,false,,,false,,,false,,,false,,,false,,,false,,,false,,,false,,,false,,,false,,,false,,,false,,,active
v2-swirl-ice-cream,,,,,,,,,Large,,,,,,,,ICON-45782342795521,0.0,,deny,manual,48.00,,true,true,,,,,,,,,,,,,,,,,,,,,,,,,,,,,,,,,,,,,,,,,,,,,,,,,,,,,,,,,,,,,,,,,,,,,,,,,,,,,,,,,,g,,,,,,,,,,,,,,,,,,,,,,,,,,,,,,,,,,,,,,,,,,,,,,,,,,,,,,,,,,,,,,,,,,,,,,,,,,,,,,,,,,,,,,,,,,,,,,,,,,,,,,,,,
v2-swirl-ice-cream,,,,,,,,,Medium,,,,,,,,ICON-45782342828289,0.0,,deny,manual,24.00,,true,true,,,,,,,,,,,,,,,,,,,,,,,,,,,,,,,,,,,,,,,,,,,,,,,,,,,,,,,,,,,,,,,,,,,,,,,,,,,,,,,,,,g,,,,,,,,,,,,,,,,,,,,,,,,,,,,,,,,,,,,,,,,,,,,,,,,,,,,,,,,,,,,,,,,,,,,,,,,,,,,,,,,,,,,,,,,,,,,,,,,,,,,,,,,,
v2-sushi-fixed,Sushi Fixed Embroidered Icon,"",Abbode Embroidery Design,Product Add-Ons > Product Customization,Embroidery Design,"hidden, icon, instant_exclude, revoq-no-withdrawal, webster-live",true,Size,Small,,,,,,,,ICON-45782342664449,0.0,,deny,manual,24.00,,true,true,,,,,,https://cdn.shopify.com/s/files/1/0321/4956/9675/files/download_373f68dd-fd72-464e-a129-725865e96b63.png?v=1779839647,1,"",false,,,,,,,,,,,,,,,,,ICON-CU,,,,,,,,,,,,,,,,,,,,'1,,,,,,,,,,,,,,,,,,,,,,,,,,,,,,,,,,,,g,,,false,,,false,,,false,,,false,,,false,,,false,,,false,,,false,,,false,,,false,,,false,,,false,,,false,,,false,,,false,,,false,,,false,,,false,,,false,,,false,,,false,,,false,,,false,,,false,,,false,,,false,,,false,,,false,,,false,,,false,,,false,,,false,,,false,,,false,,,active
v2-sushi-fixed,,,,,,,,,Large,,,,,,,,ICON-45782342697217,0.0,,deny,manual,48.00,,true,true,,,,,,,,,,,,,,,,,,,,,,,,,,,,,,,,,,,,,,,,,,,,,,,,,,,,,,,,,,,,,,,,,,,,,,,,,,,,,,,,,,g,,,,,,,,,,,,,,,,,,,,,,,,,,,,,,,,,,,,,,,,,,,,,,,,,,,,,,,,,,,,,,,,,,,,,,,,,,,,,,,,,,,,,,,,,,,,,,,,,,,,,,,,,
v2-sushi-fixed,,,,,,,,,Medium,,,,,,,,ICON-45782342729985,0.0,,deny,manual,24.00,,true,true,,,,,,,,,,,,,,,,,,,,,,,,,,,,,,,,,,,,,,,,,,,,,,,,,,,,,,,,,,,,,,,,,,,,,,,,,,,,,,,,,,g,,,,,,,,,,,,,,,,,,,,,,,,,,,,,,,,,,,,,,,,,,,,,,,,,,,,,,,,,,,,,,,,,,,,,,,,,,,,,,,,,,,,,,,,,,,,,,,,,,,,,,,,,
v2-sushi,Sushi Embroidered Icon,"",Abbode Embroidery Design,Product Add-Ons > Product Customization,Embroidery Design,"hidden, icon, instant_exclude, revoq-no-withdrawal, webster-live",true,Size,Small,,,,,,,,ICON-45782342566145,0.0,,deny,manual,24.00,,true,true,,,,,,https://cdn.shopify.com/s/files/1/0321/4956/9675/files/download_df5eeaa0-93b9-4fe9-99ed-080388fc6b2f.png?v=1779839647,1,"",false,,,,,,,,,,,,,,,,,ICON-CU,,,,,,,,,,,,,,,,,,,,'1,,,,,,,,,,,,,,,,,,,,,,,,,,,,,,,,,,,,g,,,false,,,false,,,false,,,false,,,false,,,false,,,false,,,false,,,false,,,false,,,false,,,false,,,false,,,false,,,false,,,false,,,false,,,false,,,false,,,false,,,false,,,false,,,false,,,false,,,false,,,false,,,false,,,false,,,false,,,false,,,false,,,false,,,false,,,false,,,active
v2-sushi,,,,,,,,,Large,,,,,,,,ICON-45782342598913,0.0,,deny,manual,48.00,,true,true,,,,,,,,,,,,,,,,,,,,,,,,,,,,,,,,,,,,,,,,,,,,,,,,,,,,,,,,,,,,,,,,,,,,,,,,,,,,,,,,,,g,,,,,,,,,,,,,,,,,,,,,,,,,,,,,,,,,,,,,,,,,,,,,,,,,,,,,,,,,,,,,,,,,,,,,,,,,,,,,,,,,,,,,,,,,,,,,,,,,,,,,,,,,
v2-sushi,,,,,,,,,Medium,,,,,,,,ICON-45782342631681,0.0,,deny,manual,24.00,,true,true,,,,,,,,,,,,,,,,,,,,,,,,,,,,,,,,,,,,,,,,,,,,,,,,,,,,,,,,,,,,,,,,,,,,,,,,,,,,,,,,,,g,,,,,,,,,,,,,,,,,,,,,,,,,,,,,,,,,,,,,,,,,,,,,,,,,,,,,,,,,,,,,,,,,,,,,,,,,,,,,,,,,,,,,,,,,,,,,,,,,,,,,,,,,
v2-sun,Sun Embroidered Icon,"",Abbode Embroidery Design,Product Add-Ons > Product Customization,Embroidery Design,"hidden, icon, instant_exclude, revoq-no-withdrawal, webster-live",true,Size,Small,,,,,,,,ICON-45782342467841,0.0,,deny,manual,24.00,,true,true,,,,,,https://cdn.shopify.com/s/files/1/0321/4956/9675/files/download_52ed2159-c397-4127-b3ba-7e2836376856.png?v=1779839647,1,"",false,,,,,,,,,,,,,,,,,ICON-CU,,,,,,,,,,,,,,,,,,,,'1,,,,,,,,,,,,,,,,,,,,,,,,,,,,,,,,,,,,g,,,false,,,false,,,false,,,false,,,false,,,false,,,false,,,false,,,false,,,false,,,false,,,false,,,false,,,false,,,false,,,false,,,false,,,false,,,false,,,false,,,false,,,false,,,false,,,false,,,false,,,false,,,false,,,false,,,false,,,false,,,false,,,false,,,false,,,false,,,active
v2-sun,,,,,,,,,Large,,,,,,,,ICON-45782342500609,0.0,,deny,manual,48.00,,true,true,,,,,,,,,,,,,,,,,,,,,,,,,,,,,,,,,,,,,,,,,,,,,,,,,,,,,,,,,,,,,,,,,,,,,,,,,,,,,,,,,,g,,,,,,,,,,,,,,,,,,,,,,,,,,,,,,,,,,,,,,,,,,,,,,,,,,,,,,,,,,,,,,,,,,,,,,,,,,,,,,,,,,,,,,,,,,,,,,,,,,,,,,,,,
v2-sun,,,,,,,,,Medium,,,,,,,,ICON-45782342533377,0.0,,deny,manual,24.00,,true,true,,,,,,,,,,,,,,,,,,,,,,,,,,,,,,,,,,,,,,,,,,,,,,,,,,,,,,,,,,,,,,,,,,,,,,,,,,,,,,,,,,g,,,,,,,,,,,,,,,,,,,,,,,,,,,,,,,,,,,,,,,,,,,,,,,,,,,,,,,,,,,,,,,,,,,,,,,,,,,,,,,,,,,,,,,,,,,,,,,,,,,,,,,,,
v2-suitcase,Suitcase Embroidered Icon,"",Abbode Embroidery Design,Product Add-Ons > Product Customization,Embroidery Design,"hidden, icon, instant_exclude, revoq-no-withdrawal, webster-live",true,Size,Small,,,,,,,,ICON-45782342369537,0.0,,deny,manual,24.00,,true,true,,,,,,https://cdn.shopify.com/s/files/1/0321/4956/9675/files/download_d080f90c-4b9c-489c-be8e-9aa5e9d6126d.png?v=1779839647,1,"",false,,,,,,,,,,,,,,,,,ICON-CU,,,,,,,,,,,,,,,,,,,,'1,,,,,,,,,,,,,,,,,,,,,,,,,,,,,,,,,,,,g,,,false,,,false,,,false,,,false,,,false,,,false,,,false,,,false,,,false,,,false,,,false,,,false,,,false,,,false,,,false,,,false,,,false,,,false,,,false,,,false,,,false,,,false,,,false,,,false,,,false,,,false,,,false,,,false,,,false,,,false,,,false,,,false,,,false,,,false,,,active
v2-suitcase,,,,,,,,,Large,,,,,,,,ICON-45782342402305,0.0,,deny,manual,48.00,,true,true,,,,,,,,,,,,,,,,,,,,,,,,,,,,,,,,,,,,,,,,,,,,,,,,,,,,,,,,,,,,,,,,,,,,,,,,,,,,,,,,,,g,,,,,,,,,,,,,,,,,,,,,,,,,,,,,,,,,,,,,,,,,,,,,,,,,,,,,,,,,,,,,,,,,,,,,,,,,,,,,,,,,,,,,,,,,,,,,,,,,,,,,,,,,
v2-suitcase,,,,,,,,,Medium,,,,,,,,ICON-45782342435073,0.0,,deny,manual,24.00,,true,true,,,,,,,,,,,,,,,,,,,,,,,,,,,,,,,,,,,,,,,,,,,,,,,,,,,,,,,,,,,,,,,,,,,,,,,,,,,,,,,,,,g,,,,,,,,,,,,,,,,,,,,,,,,,,,,,,,,,,,,,,,,,,,,,,,,,,,,,,,,,,,,,,,,,,,,,,,,,,,,,,,,,,,,,,,,,,,,,,,,,,,,,,,,,
v2-strawberry-fixed,Strawberry Embroidered Icon,"",Abbode Embroidery Design,Product Add-Ons > Product Customization,Embroidery Design,"hidden, icon, instant_exclude, revoq-no-withdrawal, webster-live",true,Size,Small,,,,,,,,ICON-45782342238465,0.0,,deny,manual,24.00,,true,true,,,,,,https://cdn.shopify.com/s/files/1/0321/4956/9675/files/download_ad57130f-6b2a-4018-837b-11e32f6d94b0.png?v=1779839647,1,"",false,,,,,,,,,,,,,,,,,ICON-CU,,,,,,,,,,,,,,,,,,,,'1,,,,,,,,,,,,,,,,,,,,,,,,,,,,,,,,,,,,g,,,false,,,false,,,false,,,false,,,false,,,false,,,false,,,false,,,false,,,false,,,false,,,false,,,false,,,false,,,false,,,false,,,false,,,false,,,false,,,false,,,false,,,false,,,false,,,false,,,false,,,false,,,false,,,false,,,false,,,false,,,false,,,false,,,false,,,false,,,active
v2-strawberry-fixed,,,,,,,,,Large,,,,,,,,ICON-45782342271233,0.0,,deny,manual,48.00,,true,true,,,,,,,,,,,,,,,,,,,,,,,,,,,,,,,,,,,,,,,,,,,,,,,,,,,,,,,,,,,,,,,,,,,,,,,,,,,,,,,,,,g,,,,,,,,,,,,,,,,,,,,,,,,,,,,,,,,,,,,,,,,,,,,,,,,,,,,,,,,,,,,,,,,,,,,,,,,,,,,,,,,,,,,,,,,,,,,,,,,,,,,,,,,,
v2-strawberry-fixed,,,,,,,,,Medium,,,,,,,,ICON-45782342304001,0.0,,deny,manual,24.00,,true,true,,,,,,,,,,,,,,,,,,,,,,,,,,,,,,,,,,,,,,,,,,,,,,,,,,,,,,,,,,,,,,,,,,,,,,,,,,,,,,,,,,g,,,,,,,,,,,,,,,,,,,,,,,,,,,,,,,,,,,,,,,,,,,,,,,,,,,,,,,,,,,,,,,,,,,,,,,,,,,,,,,,,,,,,,,,,,,,,,,,,,,,,,,,,
v2-strawberry-candy,Strawberry Candy Embroidered Icon,"",Abbode Embroidery Design,Product Add-Ons > Product Customization,Embroidery Design,"hidden, icon, instant_exclude, revoq-no-withdrawal, webster-live",true,Size,Small,,,,,,,,ICON-45782342107393,0.0,,deny,manual,24.00,,true,true,,,,,,https://cdn.shopify.com/s/files/1/0321/4956/9675/files/download_ee65a85f-3cda-496e-aed2-1cd7786779ec.png?v=1779839647,1,"",false,,,,,,,,,,,,,,,,,ICON-CU,,,,,,,,,,,,,,,,,,,,'1,,,,,,,,,,,,,,,,,,,,,,,,,,,,,,,,,,,,g,,,false,,,false,,,false,,,false,,,false,,,false,,,false,,,false,,,false,,,false,,,false,,,false,,,false,,,false,,,false,,,false,,,false,,,false,,,false,,,false,,,false,,,false,,,false,,,false,,,false,,,false,,,false,,,false,,,false,,,false,,,false,,,false,,,false,,,false,,,active
v2-strawberry-candy,,,,,,,,,Large,,,,,,,,ICON-45782342140161,0.0,,deny,manual,48.00,,true,true,,,,,,,,,,,,,,,,,,,,,,,,,,,,,,,,,,,,,,,,,,,,,,,,,,,,,,,,,,,,,,,,,,,,,,,,,,,,,,,,,,g,,,,,,,,,,,,,,,,,,,,,,,,,,,,,,,,,,,,,,,,,,,,,,,,,,,,,,,,,,,,,,,,,,,,,,,,,,,,,,,,,,,,,,,,,,,,,,,,,,,,,,,,,
v2-strawberry-candy,,,,,,,,,Medium,,,,,,,,ICON-45782342172929,0.0,,deny,manual,24.00,,true,true,,,,,,,,,,,,,,,,,,,,,,,,,,,,,,,,,,,,,,,,,,,,,,,,,,,,,,,,,,,,,,,,,,,,,,,,,,,,,,,,,,g,,,,,,,,,,,,,,,,,,,,,,,,,,,,,,,,,,,,,,,,,,,,,,,,,,,,,,,,,,,,,,,,,,,,,,,,,,,,,,,,,,,,,,,,,,,,,,,,,,,,,,,,,
v2-steak,Steak Embroidered Icon,"",Abbode Embroidery Design,Product Add-Ons > Product Customization,Embroidery Design,"hidden, icon, instant_exclude, revoq-no-withdrawal, webster-live",true,Size,Small,,,,,,,,ICON-45782342009089,0.0,,deny,manual,24.00,,true,true,,,,,,https://cdn.shopify.com/s/files/1/0321/4956/9675/files/download_a47324d8-e6a2-4cce-8fd1-f46ef81788dc.png?v=1779839647,1,"",false,,,,,,,,,,,,,,,,,ICON-CU,,,,,,,,,,,,,,,,,,,,'1,,,,,,,,,,,,,,,,,,,,,,,,,,,,,,,,,,,,g,,,false,,,false,,,false,,,false,,,false,,,false,,,false,,,false,,,false,,,false,,,false,,,false,,,false,,,false,,,false,,,false,,,false,,,false,,,false,,,false,,,false,,,false,,,false,,,false,,,false,,,false,,,false,,,false,,,false,,,false,,,false,,,false,,,false,,,false,,,active
v2-steak,,,,,,,,,Large,,,,,,,,ICON-45782342041857,0.0,,deny,manual,48.00,,true,true,,,,,,,,,,,,,,,,,,,,,,,,,,,,,,,,,,,,,,,,,,,,,,,,,,,,,,,,,,,,,,,,,,,,,,,,,,,,,,,,,,g,,,,,,,,,,,,,,,,,,,,,,,,,,,,,,,,,,,,,,,,,,,,,,,,,,,,,,,,,,,,,,,,,,,,,,,,,,,,,,,,,,,,,,,,,,,,,,,,,,,,,,,,,
v2-steak,,,,,,,,,Medium,,,,,,,,ICON-45782342074625,0.0,,deny,manual,24.00,,true,true,,,,,,,,,,,,,,,,,,,,,,,,,,,,,,,,,,,,,,,,,,,,,,,,,,,,,,,,,,,,,,,,,,,,,,,,,,,,,,,,,,g,,,,,,,,,,,,,,,,,,,,,,,,,,,,,,,,,,,,,,,,,,,,,,,,,,,,,,,,,,,,,,,,,,,,,,,,,,,,,,,,,,,,,,,,,,,,,,,,,,,,,,,,,
v2-star,Star Embroidered Icon,"",Abbode Embroidery Design,Product Add-Ons > Product Customization,Embroidery Design,"hidden, icon, instant_exclude, revoq-no-withdrawal, webster-live",true,Size,Small,,,,,,,,ICON-45782341910785,0.0,,deny,manual,24.00,,true,true,,,,,,https://cdn.shopify.com/s/files/1/0321/4956/9675/files/download_a3cb2b0b-b608-42d4-b809-eb4805567efc.png?v=1779839647,1,"",false,,,,,,,,,,,,,,,,,ICON-CU,,,,,,,,,,,,,,,,,,,,'1,,,,,,,,,,,,,,,,,,,,,,,,,,,,,,,,,,,,g,,,false,,,false,,,false,,,false,,,false,,,false,,,false,,,false,,,false,,,false,,,false,,,false,,,false,,,false,,,false,,,false,,,false,,,false,,,false,,,false,,,false,,,false,,,false,,,false,,,false,,,false,,,false,,,false,,,false,,,false,,,false,,,false,,,false,,,false,,,active
v2-star,,,,,,,,,Large,,,,,,,,ICON-45782341943553,0.0,,deny,manual,48.00,,true,true,,,,,,,,,,,,,,,,,,,,,,,,,,,,,,,,,,,,,,,,,,,,,,,,,,,,,,,,,,,,,,,,,,,,,,,,,,,,,,,,,,g,,,,,,,,,,,,,,,,,,,,,,,,,,,,,,,,,,,,,,,,,,,,,,,,,,,,,,,,,,,,,,,,,,,,,,,,,,,,,,,,,,,,,,,,,,,,,,,,,,,,,,,,,
v2-star,,,,,,,,,Medium,,,,,,,,ICON-45782341976321,0.0,,deny,manual,24.00,,true,true,,,,,,,,,,,,,,,,,,,,,,,,,,,,,,,,,,,,,,,,,,,,,,,,,,,,,,,,,,,,,,,,,,,,,,,,,,,,,,,,,,g,,,,,,,,,,,,,,,,,,,,,,,,,,,,,,,,,,,,,,,,,,,,,,,,,,,,,,,,,,,,,,,,,,,,,,,,,,,,,,,,,,,,,,,,,,,,,,,,,,,,,,,,,
v2-standard-martini,Standard Martini Embroidered Icon,"",Abbode Embroidery Design,Product Add-Ons > Product Customization,Embroidery Design,"hidden, icon, instant_exclude, revoq-no-withdrawal, webster-live",true,Size,Small,,,,,,,,ICON-45782341812481,0.0,,deny,manual,24.00,,true,true,,,,,,https://cdn.shopify.com/s/files/1/0321/4956/9675/files/download_e2199c45-945e-4d4c-aabc-06caad7edccd.png?v=1779839647,1,"",false,,,,,,,,,,,,,,,,,ICON-CU,,,,,,,,,,,,,,,,,,,,'1,,,,,,,,,,,,,,,,,,,,,,,,,,,,,,,,,,,,g,,,false,,,false,,,false,,,false,,,false,,,false,,,false,,,false,,,false,,,false,,,false,,,false,,,false,,,false,,,false,,,false,,,false,,,false,,,false,,,false,,,false,,,false,,,false,,,false,,,false,,,false,,,false,,,false,,,false,,,false,,,false,,,false,,,false,,,false,,,active
v2-standard-martini,,,,,,,,,Large,,,,,,,,ICON-45782341845249,0.0,,deny,manual,48.00,,true,true,,,,,,,,,,,,,,,,,,,,,,,,,,,,,,,,,,,,,,,,,,,,,,,,,,,,,,,,,,,,,,,,,,,,,,,,,,,,,,,,,,g,,,,,,,,,,,,,,,,,,,,,,,,,,,,,,,,,,,,,,,,,,,,,,,,,,,,,,,,,,,,,,,,,,,,,,,,,,,,,,,,,,,,,,,,,,,,,,,,,,,,,,,,,
v2-standard-martini,,,,,,,,,Medium,,,,,,,,ICON-45782341878017,0.0,,deny,manual,24.00,,true,true,,,,,,,,,,,,,,,,,,,,,,,,,,,,,,,,,,,,,,,,,,,,,,,,,,,,,,,,,,,,,,,,,,,,,,,,,,,,,,,,,,g,,,,,,,,,,,,,,,,,,,,,,,,,,,,,,,,,,,,,,,,,,,,,,,,,,,,,,,,,,,,,,,,,,,,,,,,,,,,,,,,,,,,,,,,,,,,,,,,,,,,,,,,,
v2-stack-of-books,Stack of Books Embroidered Icon,"",Abbode Embroidery Design,Product Add-Ons > Product Customization,Embroidery Design,"hidden, icon, instant_exclude, revoq-no-withdrawal, webster-live",true,Size,Small,,,,,,,,ICON-45782341714177,0.0,,deny,manual,24.00,,true,true,,,,,,https://cdn.shopify.com/s/files/1/0321/4956/9675/files/download_9281fe5e-46e8-45a0-ba89-22d9854c3e06.png?v=1779839647,1,"",false,,,,,,,,,,,,,,,,,ICON-CU,,,,,,,,,,,,,,,,,,,,'1,,,,,,,,,,,,,,,,,,,,,,,,,,,,,,,,,,,,g,,,false,,,false,,,false,,,false,,,false,,,false,,,false,,,false,,,false,,,false,,,false,,,false,,,false,,,false,,,false,,,false,,,false,,,false,,,false,,,false,,,false,,,false,,,false,,,false,,,false,,,false,,,false,,,false,,,false,,,false,,,false,,,false,,,false,,,false,,,active
v2-stack-of-books,,,,,,,,,Large,,,,,,,,ICON-45782341746945,0.0,,deny,manual,48.00,,true,true,,,,,,,,,,,,,,,,,,,,,,,,,,,,,,,,,,,,,,,,,,,,,,,,,,,,,,,,,,,,,,,,,,,,,,,,,,,,,,,,,,g,,,,,,,,,,,,,,,,,,,,,,,,,,,,,,,,,,,,,,,,,,,,,,,,,,,,,,,,,,,,,,,,,,,,,,,,,,,,,,,,,,,,,,,,,,,,,,,,,,,,,,,,,
v2-stack-of-books,,,,,,,,,Medium,,,,,,,,ICON-45782341779713,0.0,,deny,manual,24.00,,true,true,,,,,,,,,,,,,,,,,,,,,,,,,,,,,,,,,,,,,,,,,,,,,,,,,,,,,,,,,,,,,,,,,,,,,,,,,,,,,,,,,,g,,,,,,,,,,,,,,,,,,,,,,,,,,,,,,,,,,,,,,,,,,,,,,,,,,,,,,,,,,,,,,,,,,,,,,,,,,,,,,,,,,,,,,,,,,,,,,,,,,,,,,,,,
v2-sriracha,Sriracha Embroidered Icon,"",Abbode Embroidery Design,Product Add-Ons > Product Customization,Embroidery Design,"hidden, icon, instant_exclude, revoq-no-withdrawal, webster-live",true,Size,Small,,,,,,,,ICON-45782341615873,0.0,,deny,manual,24.00,,true,true,,,,,,https://cdn.shopify.com/s/files/1/0321/4956/9675/files/download_f3670f2c-1ea3-4e01-97d7-a696e9191d4d.png?v=1779839647,1,"",false,,,,,,,,,,,,,,,,,ICON-CU,,,,,,,,,,,,,,,,,,,,'1,,,,,,,,,,,,,,,,,,,,,,,,,,,,,,,,,,,,g,,,false,,,false,,,false,,,false,,,false,,,false,,,false,,,false,,,false,,,false,,,false,,,false,,,false,,,false,,,false,,,false,,,false,,,false,,,false,,,false,,,false,,,false,,,false,,,false,,,false,,,false,,,false,,,false,,,false,,,false,,,false,,,false,,,false,,,false,,,active
v2-sriracha,,,,,,,,,Large,,,,,,,,ICON-45782341648641,0.0,,deny,manual,48.00,,true,true,,,,,,,,,,,,,,,,,,,,,,,,,,,,,,,,,,,,,,,,,,,,,,,,,,,,,,,,,,,,,,,,,,,,,,,,,,,,,,,,,,g,,,,,,,,,,,,,,,,,,,,,,,,,,,,,,,,,,,,,,,,,,,,,,,,,,,,,,,,,,,,,,,,,,,,,,,,,,,,,,,,,,,,,,,,,,,,,,,,,,,,,,,,,
v2-sriracha,,,,,,,,,Medium,,,,,,,,ICON-45782341681409,0.0,,deny,manual,24.00,,true,true,,,,,,,,,,,,,,,,,,,,,,,,,,,,,,,,,,,,,,,,,,,,,,,,,,,,,,,,,,,,,,,,,,,,,,,,,,,,,,,,,,g,,,,,,,,,,,,,,,,,,,,,,,,,,,,,,,,,,,,,,,,,,,,,,,,,,,,,,,,,,,,,,,,,,,,,,,,,,,,,,,,,,,,,,,,,,,,,,,,,,,,,,,,,
v2-sparkles,Sparkles Embroidered Icon,"",Abbode Embroidery Design,Product Add-Ons > Product Customization,Embroidery Design,"hidden, icon, instant_exclude, revoq-no-withdrawal, webster-live",true,Size,Small,,,,,,,,ICON-45782341517569,0.0,,deny,manual,24.00,,true,true,,,,,,https://cdn.shopify.com/s/files/1/0321/4956/9675/files/download_c995f683-10aa-42f9-9b23-65e3803135a8.png?v=1779839647,1,"",false,,,,,,,,,,,,,,,,,ICON-CU,,,,,,,,,,,,,,,,,,,,'1,,,,,,,,,,,,,,,,,,,,,,,,,,,,,,,,,,,,g,,,false,,,false,,,false,,,false,,,false,,,false,,,false,,,false,,,false,,,false,,,false,,,false,,,false,,,false,,,false,,,false,,,false,,,false,,,false,,,false,,,false,,,false,,,false,,,false,,,false,,,false,,,false,,,false,,,false,,,false,,,false,,,false,,,false,,,false,,,active
v2-sparkles,,,,,,,,,Large,,,,,,,,ICON-45782341550337,0.0,,deny,manual,48.00,,true,true,,,,,,,,,,,,,,,,,,,,,,,,,,,,,,,,,,,,,,,,,,,,,,,,,,,,,,,,,,,,,,,,,,,,,,,,,,,,,,,,,,g,,,,,,,,,,,,,,,,,,,,,,,,,,,,,,,,,,,,,,,,,,,,,,,,,,,,,,,,,,,,,,,,,,,,,,,,,,,,,,,,,,,,,,,,,,,,,,,,,,,,,,,,,
v2-sparkles,,,,,,,,,Medium,,,,,,,,ICON-45782341583105,0.0,,deny,manual,24.00,,true,true,,,,,,,,,,,,,,,,,,,,,,,,,,,,,,,,,,,,,,,,,,,,,,,,,,,,,,,,,,,,,,,,,,,,,,,,,,,,,,,,,,g,,,,,,,,,,,,,,,,,,,,,,,,,,,,,,,,,,,,,,,,,,,,,,,,,,,,,,,,,,,,,,,,,,,,,,,,,,,,,,,,,,,,,,,,,,,,,,,,,,,,,,,,,
v2-sparkle,Sparkle Embroidered Icon,"",Abbode Embroidery Design,Product Add-Ons > Product Customization,Embroidery Design,"hidden, icon, instant_exclude, revoq-no-withdrawal, webster-live",true,Size,Small,,,,,,,,ICON-45782341419265,0.0,,deny,manual,24.00,,true,true,,,,,,https://cdn.shopify.com/s/files/1/0321/4956/9675/files/download_919529ba-1b92-410c-bf78-3f277b8e9a46.png?v=1779839706,1,"",false,,,,,,,,,,,,,,,,,ICON-CU,,,,,,,,,,,,,,,,,,,,'1,,,,,,,,,,,,,,,,,,,,,,,,,,,,,,,,,,,,g,,,false,,,false,,,false,,,false,,,false,,,false,,,false,,,false,,,false,,,false,,,false,,,false,,,false,,,false,,,false,,,false,,,false,,,false,,,false,,,false,,,false,,,false,,,false,,,false,,,false,,,false,,,false,,,false,,,false,,,false,,,false,,,false,,,false,,,false,,,active
v2-sparkle,,,,,,,,,Large,,,,,,,,ICON-45782341452033,0.0,,deny,manual,48.00,,true,true,,,,,,,,,,,,,,,,,,,,,,,,,,,,,,,,,,,,,,,,,,,,,,,,,,,,,,,,,,,,,,,,,,,,,,,,,,,,,,,,,,g,,,,,,,,,,,,,,,,,,,,,,,,,,,,,,,,,,,,,,,,,,,,,,,,,,,,,,,,,,,,,,,,,,,,,,,,,,,,,,,,,,,,,,,,,,,,,,,,,,,,,,,,,
v2-sparkle,,,,,,,,,Medium,,,,,,,,ICON-45782341484801,0.0,,deny,manual,24.00,,true,true,,,,,,,,,,,,,,,,,,,,,,,,,,,,,,,,,,,,,,,,,,,,,,,,,,,,,,,,,,,,,,,,,,,,,,,,,,,,,,,,,,g,,,,,,,,,,,,,,,,,,,,,,,,,,,,,,,,,,,,,,,,,,,,,,,,,,,,,,,,,,,,,,,,,,,,,,,,,,,,,,,,,,,,,,,,,,,,,,,,,,,,,,,,,
v2-spade-suit,Spade Suit Embroidered Icon,"",Abbode Embroidery Design,Product Add-Ons > Product Customization,Embroidery Design,"hidden, icon, instant_exclude, revoq-no-withdrawal, webster-live",true,Size,Small,,,,,,,,ICON-45782341320961,0.0,,deny,manual,24.00,,true,true,,,,,,https://cdn.shopify.com/s/files/1/0321/4956/9675/files/download_f5439a44-b8c5-464d-94ec-97f5f4bbc28e.png?v=1779839706,1,"",false,,,,,,,,,,,,,,,,,ICON-CU,,,,,,,,,,,,,,,,,,,,'1,,,,,,,,,,,,,,,,,,,,,,,,,,,,,,,,,,,,g,,,false,,,false,,,false,,,false,,,false,,,false,,,false,,,false,,,false,,,false,,,false,,,false,,,false,,,false,,,false,,,false,,,false,,,false,,,false,,,false,,,false,,,false,,,false,,,false,,,false,,,false,,,false,,,false,,,false,,,false,,,false,,,false,,,false,,,false,,,active
v2-spade-suit,,,,,,,,,Large,,,,,,,,ICON-45782341353729,0.0,,deny,manual,48.00,,true,true,,,,,,,,,,,,,,,,,,,,,,,,,,,,,,,,,,,,,,,,,,,,,,,,,,,,,,,,,,,,,,,,,,,,,,,,,,,,,,,,,,g,,,,,,,,,,,,,,,,,,,,,,,,,,,,,,,,,,,,,,,,,,,,,,,,,,,,,,,,,,,,,,,,,,,,,,,,,,,,,,,,,,,,,,,,,,,,,,,,,,,,,,,,,
v2-spade-suit,,,,,,,,,Medium,,,,,,,,ICON-45782341386497,0.0,,deny,manual,24.00,,true,true,,,,,,,,,,,,,,,,,,,,,,,,,,,,,,,,,,,,,,,,,,,,,,,,,,,,,,,,,,,,,,,,,,,,,,,,,,,,,,,,,,g,,,,,,,,,,,,,,,,,,,,,,,,,,,,,,,,,,,,,,,,,,,,,,,,,,,,,,,,,,,,,,,,,,,,,,,,,,,,,,,,,,,,,,,,,,,,,,,,,,,,,,,,,
v2-soy-sauce,Soy Sauce Embroidered Icon,"",Abbode Embroidery Design,Product Add-Ons > Product Customization,Embroidery Design,"hidden, icon, instant_exclude, revoq-no-withdrawal, webster-live",true,Size,Small,,,,,,,,ICON-45782341222657,0.0,,deny,manual,24.00,,true,true,,,,,,https://cdn.shopify.com/s/files/1/0321/4956/9675/files/download_58a0a4e6-2a12-4116-8c97-ba5bca93cbea.png?v=1779839706,1,"",false,,,,,,,,,,,,,,,,,ICON-CU,,,,,,,,,,,,,,,,,,,,'1,,,,,,,,,,,,,,,,,,,,,,,,,,,,,,,,,,,,g,,,false,,,false,,,false,,,false,,,false,,,false,,,false,,,false,,,false,,,false,,,false,,,false,,,false,,,false,,,false,,,false,,,false,,,false,,,false,,,false,,,false,,,false,,,false,,,false,,,false,,,false,,,false,,,false,,,false,,,false,,,false,,,false,,,false,,,false,,,active
v2-soy-sauce,,,,,,,,,Large,,,,,,,,ICON-45782341255425,0.0,,deny,manual,48.00,,true,true,,,,,,,,,,,,,,,,,,,,,,,,,,,,,,,,,,,,,,,,,,,,,,,,,,,,,,,,,,,,,,,,,,,,,,,,,,,,,,,,,,g,,,,,,,,,,,,,,,,,,,,,,,,,,,,,,,,,,,,,,,,,,,,,,,,,,,,,,,,,,,,,,,,,,,,,,,,,,,,,,,,,,,,,,,,,,,,,,,,,,,,,,,,,
v2-soy-sauce,,,,,,,,,Medium,,,,,,,,ICON-45782341288193,0.0,,deny,manual,24.00,,true,true,,,,,,,,,,,,,,,,,,,,,,,,,,,,,,,,,,,,,,,,,,,,,,,,,,,,,,,,,,,,,,,,,,,,,,,,,,,,,,,,,,g,,,,,,,,,,,,,,,,,,,,,,,,,,,,,,,,,,,,,,,,,,,,,,,,,,,,,,,,,,,,,,,,,,,,,,,,,,,,,,,,,,,,,,,,,,,,,,,,,,,,,,,,,
v2-snowboard,Snowboard Embroidered Icon,"",Abbode Embroidery Design,Product Add-Ons > Product Customization,Embroidery Design,"hidden, icon, instant_exclude, revoq-no-withdrawal, webster-live",true,Size,Small,,,,,,,,ICON-45782341124353,0.0,,deny,manual,24.00,,true,true,,,,,,https://cdn.shopify.com/s/files/1/0321/4956/9675/files/download_41b50fda-e935-4263-93cd-a6584106c6c0.png?v=1779839706,1,"",false,,,,,,,,,,,,,,,,,ICON-CU,,,,,,,,,,,,,,,,,,,,'1,,,,,,,,,,,,,,,,,,,,,,,,,,,,,,,,,,,,g,,,false,,,false,,,false,,,false,,,false,,,false,,,false,,,false,,,false,,,false,,,false,,,false,,,false,,,false,,,false,,,false,,,false,,,false,,,false,,,false,,,false,,,false,,,false,,,false,,,false,,,false,,,false,,,false,,,false,,,false,,,false,,,false,,,false,,,false,,,active
v2-snowboard,,,,,,,,,Large,,,,,,,,ICON-45782341157121,0.0,,deny,manual,48.00,,true,true,,,,,,,,,,,,,,,,,,,,,,,,,,,,,,,,,,,,,,,,,,,,,,,,,,,,,,,,,,,,,,,,,,,,,,,,,,,,,,,,,,g,,,,,,,,,,,,,,,,,,,,,,,,,,,,,,,,,,,,,,,,,,,,,,,,,,,,,,,,,,,,,,,,,,,,,,,,,,,,,,,,,,,,,,,,,,,,,,,,,,,,,,,,,
v2-snowboard,,,,,,,,,Medium,,,,,,,,ICON-45782341189889,0.0,,deny,manual,24.00,,true,true,,,,,,,,,,,,,,,,,,,,,,,,,,,,,,,,,,,,,,,,,,,,,,,,,,,,,,,,,,,,,,,,,,,,,,,,,,,,,,,,,,g,,,,,,,,,,,,,,,,,,,,,,,,,,,,,,,,,,,,,,,,,,,,,,,,,,,,,,,,,,,,,,,,,,,,,,,,,,,,,,,,,,,,,,,,,,,,,,,,,,,,,,,,,
v2-smiley-face,Smiley Face Embroidered Icon,"",Abbode Embroidery Design,Product Add-Ons > Product Customization,Embroidery Design,"hidden, icon, instant_exclude, revoq-no-withdrawal, webster-live",false,Size,Small,,,,,,,,ICON-45782340960513,0.0,,deny,manual,24.00,,true,true,,,,,,https://cdn.shopify.com/s/files/1/0321/4956/9675/files/download_032ba0eb-963d-4b39-9dfe-1d9b79d48cdd.png?v=1732160955,1,"",false,,,,,,,,,,,,,,,,,,,,,,,,,,,,,,,,,,,,,'1,,,,,,,,,,,,,,,,,,,,,,,,,,,,,,,,,,,,g,,,true,,,true,,,true,,,true,,,true,,,true,,,true,,,true,,,true,,,true,,,true,,,true,,,true,,,true,,,true,,,true,,,true,,,true,,,true,,,true,,,true,,,true,,,true,,,true,,,true,,,true,,,true,,,true,,,true,,,true,,,true,,,true,,,true,,,true,,,archived
v2-smiley-face,,,,,,,,,Large,,,,,,,,ICON-45782340993281,0.0,,deny,manual,48.00,,true,true,,,,,,,,,,,,,,,,,,,,,,,,,,,,,,,,,,,,,,,,,,,,,,,,,,,,,,,,,,,,,,,,,,,,,,,,,,,,,,,,,,g,,,,,,,,,,,,,,,,,,,,,,,,,,,,,,,,,,,,,,,,,,,,,,,,,,,,,,,,,,,,,,,,,,,,,,,,,,,,,,,,,,,,,,,,,,,,,,,,,,,,,,,,,
v2-smiley-face,,,,,,,,,Medium,,,,,,,,ICON-45782341026049,0.0,,deny,manual,24.00,,true,true,,,,,,,,,,,,,,,,,,,,,,,,,,,,,,,,,,,,,,,,,,,,,,,,,,,,,,,,,,,,,,,,,,,,,,,,,,,,,,,,,,g,,,,,,,,,,,,,,,,,,,,,,,,,,,,,,,,,,,,,,,,,,,,,,,,,,,,,,,,,,,,,,,,,,,,,,,,,,,,,,,,,,,,,,,,,,,,,,,,,,,,,,,,,
v2-smile-pancakes,Smile Pancakes Embroidered Icon,"",Abbode Embroidery Design,Product Add-Ons > Product Customization,Embroidery Design,"hidden, icon, instant_exclude, revoq-no-withdrawal, webster-live",true,Size,Small,,,,,,,,ICON-45782340862209,0.0,,deny,manual,24.00,,true,true,,,,,,https://cdn.shopify.com/s/files/1/0321/4956/9675/files/download_c0d60657-35cb-495e-8846-76b3cb8d5072.png?v=1779839706,1,"",false,,,,,,,,,,,,,,,,,ICON-CU,,,,,,,,,,,,,,,,,,,,'1,,,,,,,,,,,,,,,,,,,,,,,,,,,,,,,,,,,,g,,,false,,,false,,,false,,,false,,,false,,,false,,,false,,,false,,,false,,,false,,,false,,,false,,,false,,,false,,,false,,,false,,,false,,,false,,,false,,,false,,,false,,,false,,,false,,,false,,,false,,,false,,,false,,,false,,,false,,,false,,,false,,,false,,,false,,,false,,,active
v2-smile-pancakes,,,,,,,,,Large,,,,,,,,ICON-45782340894977,0.0,,deny,manual,48.00,,true,true,,,,,,,,,,,,,,,,,,,,,,,,,,,,,,,,,,,,,,,,,,,,,,,,,,,,,,,,,,,,,,,,,,,,,,,,,,,,,,,,,,g,,,,,,,,,,,,,,,,,,,,,,,,,,,,,,,,,,,,,,,,,,,,,,,,,,,,,,,,,,,,,,,,,,,,,,,,,,,,,,,,,,,,,,,,,,,,,,,,,,,,,,,,,
v2-smile-pancakes,,,,,,,,,Medium,,,,,,,,ICON-45782340927745,0.0,,deny,manual,24.00,,true,true,,,,,,,,,,,,,,,,,,,,,,,,,,,,,,,,,,,,,,,,,,,,,,,,,,,,,,,,,,,,,,,,,,,,,,,,,,,,,,,,,,g,,,,,,,,,,,,,,,,,,,,,,,,,,,,,,,,,,,,,,,,,,,,,,,,,,,,,,,,,,,,,,,,,,,,,,,,,,,,,,,,,,,,,,,,,,,,,,,,,,,,,,,,,
v2-slot-machine,Slot Machine Embroidered Icon,"",Abbode Embroidery Design,Product Add-Ons > Product Customization,Embroidery Design,"hidden, icon, instant_exclude, revoq-no-withdrawal, webster-live",true,Size,Small,,,,,,,,ICON-45782340731137,0.0,,deny,manual,24.00,,true,true,,,,,,https://cdn.shopify.com/s/files/1/0321/4956/9675/files/download_6502d1fd-453b-4f6a-a921-98d27871fec4.png?v=1779839706,1,"",false,,,,,,,,,,,,,,,,,ICON-CU,,,,,,,,,,,,,,,,,,,,'1,,,,,,,,,,,,,,,,,,,,,,,,,,,,,,,,,,,,g,,,false,,,false,,,false,,,false,,,false,,,false,,,false,,,false,,,false,,,false,,,false,,,false,,,false,,,false,,,false,,,false,,,false,,,false,,,false,,,false,,,false,,,false,,,false,,,false,,,false,,,false,,,false,,,false,,,false,,,false,,,false,,,false,,,false,,,false,,,active
v2-slot-machine,,,,,,,,,Large,,,,,,,,ICON-45782340763905,0.0,,deny,manual,48.00,,true,true,,,,,,,,,,,,,,,,,,,,,,,,,,,,,,,,,,,,,,,,,,,,,,,,,,,,,,,,,,,,,,,,,,,,,,,,,,,,,,,,,,g,,,,,,,,,,,,,,,,,,,,,,,,,,,,,,,,,,,,,,,,,,,,,,,,,,,,,,,,,,,,,,,,,,,,,,,,,,,,,,,,,,,,,,,,,,,,,,,,,,,,,,,,,
v2-slot-machine,,,,,,,,,Medium,,,,,,,,ICON-45782340796673,0.0,,deny,manual,24.00,,true,true,,,,,,,,,,,,,,,,,,,,,,,,,,,,,,,,,,,,,,,,,,,,,,,,,,,,,,,,,,,,,,,,,,,,,,,,,,,,,,,,,,g,,,,,,,,,,,,,,,,,,,,,,,,,,,,,,,,,,,,,,,,,,,,,,,,,,,,,,,,,,,,,,,,,,,,,,,,,,,,,,,,,,,,,,,,,,,,,,,,,,,,,,,,,
v2-skis-and-poles,Skis and Poles Embroidered Icon,"",Abbode Embroidery Design,Product Add-Ons > Product Customization,Embroidery Design,"hidden, icon, instant_exclude, revoq-no-withdrawal, webster-live",true,Size,Small,,,,,,,,ICON-45782340632833,0.0,,deny,manual,24.00,,true,true,,,,,,https://cdn.shopify.com/s/files/1/0321/4956/9675/files/download_109e99af-dc14-48d8-8ae1-71c8ebcbf376.png?v=1779839706,1,"",false,,,,,,,,,,,,,,,,,ICON-CU,,,,,,,,,,,,,,,,,,,,'1,,,,,,,,,,,,,,,,,,,,,,,,,,,,,,,,,,,,g,,,false,,,false,,,false,,,false,,,false,,,false,,,false,,,false,,,false,,,false,,,false,,,false,,,false,,,false,,,false,,,false,,,false,,,false,,,false,,,false,,,false,,,false,,,false,,,false,,,false,,,false,,,false,,,false,,,false,,,false,,,false,,,false,,,false,,,false,,,active
v2-skis-and-poles,,,,,,,,,Large,,,,,,,,ICON-45782340665601,0.0,,deny,manual,48.00,,true,true,,,,,,,,,,,,,,,,,,,,,,,,,,,,,,,,,,,,,,,,,,,,,,,,,,,,,,,,,,,,,,,,,,,,,,,,,,,,,,,,,,g,,,,,,,,,,,,,,,,,,,,,,,,,,,,,,,,,,,,,,,,,,,,,,,,,,,,,,,,,,,,,,,,,,,,,,,,,,,,,,,,,,,,,,,,,,,,,,,,,,,,,,,,,
v2-skis-and-poles,,,,,,,,,Medium,,,,,,,,ICON-45782340698369,0.0,,deny,manual,24.00,,true,true,,,,,,,,,,,,,,,,,,,,,,,,,,,,,,,,,,,,,,,,,,,,,,,,,,,,,,,,,,,,,,,,,,,,,,,,,,,,,,,,,,g,,,,,,,,,,,,,,,,,,,,,,,,,,,,,,,,,,,,,,,,,,,,,,,,,,,,,,,,,,,,,,,,,,,,,,,,,,,,,,,,,,,,,,,,,,,,,,,,,,,,,,,,,
v2-ski-boot,Ski Boot Embroidered Icon,"",Abbode Embroidery Design,Product Add-Ons > Product Customization,Embroidery Design,"hidden, icon, instant_exclude, revoq-no-withdrawal, webster-live",true,Size,Small,,,,,,,,ICON-45782340534529,0.0,,deny,manual,24.00,,true,true,,,,,,https://cdn.shopify.com/s/files/1/0321/4956/9675/files/download_804511b5-ce65-4c0f-9687-7d005dec1a47.png?v=1779839706,1,"",false,,,,,,,,,,,,,,,,,ICON-CU,,,,,,,,,,,,,,,,,,,,'1,,,,,,,,,,,,,,,,,,,,,,,,,,,,,,,,,,,,g,,,false,,,false,,,false,,,false,,,false,,,false,,,false,,,false,,,false,,,false,,,false,,,false,,,false,,,false,,,false,,,false,,,false,,,false,,,false,,,false,,,false,,,false,,,false,,,false,,,false,,,false,,,false,,,false,,,false,,,false,,,false,,,false,,,false,,,false,,,active
v2-ski-boot,,,,,,,,,Large,,,,,,,,ICON-45782340567297,0.0,,deny,manual,48.00,,true,true,,,,,,,,,,,,,,,,,,,,,,,,,,,,,,,,,,,,,,,,,,,,,,,,,,,,,,,,,,,,,,,,,,,,,,,,,,,,,,,,,,g,,,,,,,,,,,,,,,,,,,,,,,,,,,,,,,,,,,,,,,,,,,,,,,,,,,,,,,,,,,,,,,,,,,,,,,,,,,,,,,,,,,,,,,,,,,,,,,,,,,,,,,,,
v2-ski-boot,,,,,,,,,Medium,,,,,,,,ICON-45782340600065,0.0,,deny,manual,24.00,,true,true,,,,,,,,,,,,,,,,,,,,,,,,,,,,,,,,,,,,,,,,,,,,,,,,,,,,,,,,,,,,,,,,,,,,,,,,,,,,,,,,,,g,,,,,,,,,,,,,,,,,,,,,,,,,,,,,,,,,,,,,,,,,,,,,,,,,,,,,,,,,,,,,,,,,,,,,,,,,,,,,,,,,,,,,,,,,,,,,,,,,,,,,,,,,
v2-shrimp,Shrimp Embroidered Icon,"",Abbode Embroidery Design,Product Add-Ons > Product Customization,Embroidery Design,"hidden, icon, instant_exclude, revoq-no-withdrawal, webster-live",true,Size,Small,,,,,,,,ICON-45782340370689,0.0,,deny,manual,24.00,,true,true,,,,,,https://cdn.shopify.com/s/files/1/0321/4956/9675/files/download_379bf466-d866-49df-9886-0b00dd4f51ad.png?v=1779839706,1,"",false,,,,,,,,,,,,,,,,,ICON-CU,,,,,,,,,,,,,,,,,,,,'1,,,,,,,,,,,,,,,,,,,,,,,,,,,,,,,,,,,,g,,,false,,,false,,,false,,,false,,,false,,,false,,,false,,,false,,,false,,,false,,,false,,,false,,,false,,,false,,,false,,,false,,,false,,,false,,,false,,,false,,,false,,,false,,,false,,,false,,,false,,,false,,,false,,,false,,,false,,,false,,,false,,,false,,,false,,,false,,,active
v2-shrimp,,,,,,,,,Large,,,,,,,,ICON-45782340403457,0.0,,deny,manual,48.00,,true,true,,,,,,,,,,,,,,,,,,,,,,,,,,,,,,,,,,,,,,,,,,,,,,,,,,,,,,,,,,,,,,,,,,,,,,,,,,,,,,,,,,g,,,,,,,,,,,,,,,,,,,,,,,,,,,,,,,,,,,,,,,,,,,,,,,,,,,,,,,,,,,,,,,,,,,,,,,,,,,,,,,,,,,,,,,,,,,,,,,,,,,,,,,,,
v2-shrimp,,,,,,,,,Medium,,,,,,,,ICON-45782340436225,0.0,,deny,manual,24.00,,true,true,,,,,,,,,,,,,,,,,,,,,,,,,,,,,,,,,,,,,,,,,,,,,,,,,,,,,,,,,,,,,,,,,,,,,,,,,,,,,,,,,,g,,,,,,,,,,,,,,,,,,,,,,,,,,,,,,,,,,,,,,,,,,,,,,,,,,,,,,,,,,,,,,,,,,,,,,,,,,,,,,,,,,,,,,,,,,,,,,,,,,,,,,,,,
v2-set-of-4-olive-picks,Set of 4 Olive Picks Embroidered Icon,"",Abbode Embroidery Design,Product Add-Ons > Product Customization,Embroidery Design,"hidden, icon, instant_exclude, revoq-no-withdrawal, webster-live",true,Size,Small,,,,,,,,ICON-45782340272385,0.0,,deny,manual,24.00,,true,true,,,,,,https://cdn.shopify.com/s/files/1/0321/4956/9675/files/download_fd0b3f31-7370-4b91-a58a-f7e06c57b4d6.png?v=1779839706,1,"",false,,,,,,,,,,,,,,,,,ICON-CU,,,,,,,,,,,,,,,,,,,,'1,,,,,,,,,,,,,,,,,,,,,,,,,,,,,,,,,,,,g,,,false,,,false,,,false,,,false,,,false,,,false,,,false,,,false,,,false,,,false,,,false,,,false,,,false,,,false,,,false,,,false,,,false,,,false,,,false,,,false,,,false,,,false,,,false,,,false,,,false,,,false,,,false,,,false,,,false,,,false,,,false,,,false,,,false,,,false,,,active
v2-set-of-4-olive-picks,,,,,,,,,Large,,,,,,,,ICON-45782340305153,0.0,,deny,manual,48.00,,true,true,,,,,,,,,,,,,,,,,,,,,,,,,,,,,,,,,,,,,,,,,,,,,,,,,,,,,,,,,,,,,,,,,,,,,,,,,,,,,,,,,,g,,,,,,,,,,,,,,,,,,,,,,,,,,,,,,,,,,,,,,,,,,,,,,,,,,,,,,,,,,,,,,,,,,,,,,,,,,,,,,,,,,,,,,,,,,,,,,,,,,,,,,,,,
v2-set-of-4-olive-picks,,,,,,,,,Medium,,,,,,,,ICON-45782340337921,0.0,,deny,manual,24.00,,true,true,,,,,,,,,,,,,,,,,,,,,,,,,,,,,,,,,,,,,,,,,,,,,,,,,,,,,,,,,,,,,,,,,,,,,,,,,,,,,,,,,,g,,,,,,,,,,,,,,,,,,,,,,,,,,,,,,,,,,,,,,,,,,,,,,,,,,,,,,,,,,,,,,,,,,,,,,,,,,,,,,,,,,,,,,,,,,,,,,,,,,,,,,,,,
v2-rosebud,Rosebud Embroidered Icon,"",Abbode Embroidery Design,Product Add-Ons > Product Customization,Embroidery Design,"hidden, icon, instant_exclude, revoq-no-withdrawal, webster-live",true,Size,Small,,,,,,,,ICON-45782340174081,0.0,,deny,manual,24.00,,true,true,,,,,,https://cdn.shopify.com/s/files/1/0321/4956/9675/files/download_0adb521a-8313-4a84-8e54-a5e47da06830.png?v=1779839706,1,"",false,,,,,,,,,,,,,,,,,ICON-CU,,,,,,,,,,,,,,,,,,,,'1,,,,,,,,,,,,,,,,,,,,,,,,,,,,,,,,,,,,g,,,false,,,false,,,false,,,false,,,false,,,false,,,false,,,false,,,false,,,false,,,false,,,false,,,false,,,false,,,false,,,false,,,false,,,false,,,false,,,false,,,false,,,false,,,false,,,false,,,false,,,false,,,false,,,false,,,false,,,false,,,false,,,false,,,false,,,false,,,active
v2-rosebud,,,,,,,,,Large,,,,,,,,ICON-45782340206849,0.0,,deny,manual,48.00,,true,true,,,,,,,,,,,,,,,,,,,,,,,,,,,,,,,,,,,,,,,,,,,,,,,,,,,,,,,,,,,,,,,,,,,,,,,,,,,,,,,,,,g,,,,,,,,,,,,,,,,,,,,,,,,,,,,,,,,,,,,,,,,,,,,,,,,,,,,,,,,,,,,,,,,,,,,,,,,,,,,,,,,,,,,,,,,,,,,,,,,,,,,,,,,,
v2-rosebud,,,,,,,,,Medium,,,,,,,,ICON-45782340239617,0.0,,deny,manual,24.00,,true,true,,,,,,,,,,,,,,,,,,,,,,,,,,,,,,,,,,,,,,,,,,,,,,,,,,,,,,,,,,,,,,,,,,,,,,,,,,,,,,,,,,g,,,,,,,,,,,,,,,,,,,,,,,,,,,,,,,,,,,,,,,,,,,,,,,,,,,,,,,,,,,,,,,,,,,,,,,,,,,,,,,,,,,,,,,,,,,,,,,,,,,,,,,,,
v2-rose2,Rose2 Embroidered Icon,"",Abbode Embroidery Design,Product Add-Ons > Product Customization,Embroidery Design,"hidden, icon, instant_exclude, revoq-no-withdrawal, webster-live",true,Size,Small,,,,,,,,ICON-45782340075777,0.0,,deny,manual,24.00,,true,true,,,,,,https://cdn.shopify.com/s/files/1/0321/4956/9675/files/download_5c04bfdc-27cd-4b43-9ab4-10ebc571fcd9.png?v=1779839706,1,"",false,,,,,,,,,,,,,,,,,ICON-CU,,,,,,,,,,,,,,,,,,,,'1,,,,,,,,,,,,,,,,,,,,,,,,,,,,,,,,,,,,g,,,false,,,false,,,false,,,false,,,false,,,false,,,false,,,false,,,false,,,false,,,false,,,false,,,false,,,false,,,false,,,false,,,false,,,false,,,false,,,false,,,false,,,false,,,false,,,false,,,false,,,false,,,false,,,false,,,false,,,false,,,false,,,false,,,false,,,false,,,active
v2-rose2,,,,,,,,,Large,,,,,,,,ICON-45782340108545,0.0,,deny,manual,48.00,,true,true,,,,,,,,,,,,,,,,,,,,,,,,,,,,,,,,,,,,,,,,,,,,,,,,,,,,,,,,,,,,,,,,,,,,,,,,,,,,,,,,,,g,,,,,,,,,,,,,,,,,,,,,,,,,,,,,,,,,,,,,,,,,,,,,,,,,,,,,,,,,,,,,,,,,,,,,,,,,,,,,,,,,,,,,,,,,,,,,,,,,,,,,,,,,
v2-rose2,,,,,,,,,Medium,,,,,,,,ICON-45782340141313,0.0,,deny,manual,24.00,,true,true,,,,,,,,,,,,,,,,,,,,,,,,,,,,,,,,,,,,,,,,,,,,,,,,,,,,,,,,,,,,,,,,,,,,,,,,,,,,,,,,,,g,,,,,,,,,,,,,,,,,,,,,,,,,,,,,,,,,,,,,,,,,,,,,,,,,,,,,,,,,,,,,,,,,,,,,,,,,,,,,,,,,,,,,,,,,,,,,,,,,,,,,,,,,
v2-ring,Ring Embroidered Icon,"",Abbode Embroidery Design,Product Add-Ons > Product Customization,Embroidery Design,"hidden, icon, instant_exclude, revoq-no-withdrawal, webster-live",true,Size,Small,,,,,,,,ICON-45782339944705,0.0,,deny,manual,24.00,,true,true,,,,,,https://cdn.shopify.com/s/files/1/0321/4956/9675/files/download_1a68f1e0-705b-47ae-a0e3-6c90b79156e0.png?v=1779839706,1,"",false,,,,,,,,,,,,,,,,,ICON-CU,,,,,,,,,,,,,,,,,,,,'1,,,,,,,,,,,,,,,,,,,,,,,,,,,,,,,,,,,,g,,,false,,,false,,,false,,,false,,,false,,,false,,,false,,,false,,,false,,,false,,,false,,,false,,,false,,,false,,,false,,,false,,,false,,,false,,,false,,,false,,,false,,,false,,,false,,,false,,,false,,,false,,,false,,,false,,,false,,,false,,,false,,,false,,,false,,,false,,,active
v2-ring,,,,,,,,,Large,,,,,,,,ICON-45782339977473,0.0,,deny,manual,48.00,,true,true,,,,,,,,,,,,,,,,,,,,,,,,,,,,,,,,,,,,,,,,,,,,,,,,,,,,,,,,,,,,,,,,,,,,,,,,,,,,,,,,,,g,,,,,,,,,,,,,,,,,,,,,,,,,,,,,,,,,,,,,,,,,,,,,,,,,,,,,,,,,,,,,,,,,,,,,,,,,,,,,,,,,,,,,,,,,,,,,,,,,,,,,,,,,
v2-ring,,,,,,,,,Medium,,,,,,,,ICON-45782340010241,0.0,,deny,manual,24.00,,true,true,,,,,,,,,,,,,,,,,,,,,,,,,,,,,,,,,,,,,,,,,,,,,,,,,,,,,,,,,,,,,,,,,,,,,,,,,,,,,,,,,,g,,,,,,,,,,,,,,,,,,,,,,,,,,,,,,,,,,,,,,,,,,,,,,,,,,,,,,,,,,,,,,,,,,,,,,,,,,,,,,,,,,,,,,,,,,,,,,,,,,,,,,,,,
v2-ring-box,Ring Box Embroidered Icon,"",Abbode Embroidery Design,Product Add-Ons > Product Customization,Embroidery Design,"hidden, icon, instant_exclude, revoq-no-withdrawal, webster-live",true,Size,Small,,,,,,,,ICON-45782339846401,0.0,,deny,manual,24.00,,true,true,,,,,,https://cdn.shopify.com/s/files/1/0321/4956/9675/files/download_5c5d0318-1a95-427c-86a2-238b1527c9ae.png?v=1779839706,1,"",false,,,,,,,,,,,,,,,,,ICON-CU,,,,,,,,,,,,,,,,,,,,'1,,,,,,,,,,,,,,,,,,,,,,,,,,,,,,,,,,,,g,,,false,,,false,,,false,,,false,,,false,,,false,,,false,,,false,,,false,,,false,,,false,,,false,,,false,,,false,,,false,,,false,,,false,,,false,,,false,,,false,,,false,,,false,,,false,,,false,,,false,,,false,,,false,,,false,,,false,,,false,,,false,,,false,,,false,,,false,,,active
v2-ring-box,,,,,,,,,Large,,,,,,,,ICON-45782339879169,0.0,,deny,manual,48.00,,true,true,,,,,,,,,,,,,,,,,,,,,,,,,,,,,,,,,,,,,,,,,,,,,,,,,,,,,,,,,,,,,,,,,,,,,,,,,,,,,,,,,,g,,,,,,,,,,,,,,,,,,,,,,,,,,,,,,,,,,,,,,,,,,,,,,,,,,,,,,,,,,,,,,,,,,,,,,,,,,,,,,,,,,,,,,,,,,,,,,,,,,,,,,,,,
v2-ring-box,,,,,,,,,Medium,,,,,,,,ICON-45782339911937,0.0,,deny,manual,24.00,,true,true,,,,,,,,,,,,,,,,,,,,,,,,,,,,,,,,,,,,,,,,,,,,,,,,,,,,,,,,,,,,,,,,,,,,,,,,,,,,,,,,,,g,,,,,,,,,,,,,,,,,,,,,,,,,,,,,,,,,,,,,,,,,,,,,,,,,,,,,,,,,,,,,,,,,,,,,,,,,,,,,,,,,,,,,,,,,,,,,,,,,,,,,,,,,
v2-red-poker-chip,Red Poker Chip Embroidered Icon,"",Abbode Embroidery Design,Product Add-Ons > Product Customization,Embroidery Design,"hidden, icon, instant_exclude, revoq-no-withdrawal, webster-live",true,Size,Small,,,,,,,,ICON-45782339584257,0.0,,deny,manual,24.00,,true,true,,,,,,https://cdn.shopify.com/s/files/1/0321/4956/9675/files/download_71a6f977-6470-4b65-8330-f506dafd2cb0.png?v=1779839706,1,"",false,,,,,,,,,,,,,,,,,ICON-CU,,,,,,,,,,,,,,,,,,,,'1,,,,,,,,,,,,,,,,,,,,,,,,,,,,,,,,,,,,g,,,false,,,false,,,false,,,false,,,false,,,false,,,false,,,false,,,false,,,false,,,false,,,false,,,false,,,false,,,false,,,false,,,false,,,false,,,false,,,false,,,false,,,false,,,false,,,false,,,false,,,false,,,false,,,false,,,false,,,false,,,false,,,false,,,false,,,false,,,active
v2-red-poker-chip,,,,,,,,,Large,,,,,,,,ICON-45782339617025,0.0,,deny,manual,48.00,,true,true,,,,,,,,,,,,,,,,,,,,,,,,,,,,,,,,,,,,,,,,,,,,,,,,,,,,,,,,,,,,,,,,,,,,,,,,,,,,,,,,,,g,,,,,,,,,,,,,,,,,,,,,,,,,,,,,,,,,,,,,,,,,,,,,,,,,,,,,,,,,,,,,,,,,,,,,,,,,,,,,,,,,,,,,,,,,,,,,,,,,,,,,,,,,
v2-red-poker-chip,,,,,,,,,Medium,,,,,,,,ICON-45782339649793,0.0,,deny,manual,24.00,,true,true,,,,,,,,,,,,,,,,,,,,,,,,,,,,,,,,,,,,,,,,,,,,,,,,,,,,,,,,,,,,,,,,,,,,,,,,,,,,,,,,,,g,,,,,,,,,,,,,,,,,,,,,,,,,,,,,,,,,,,,,,,,,,,,,,,,,,,,,,,,,,,,,,,,,,,,,,,,,,,,,,,,,,,,,,,,,,,,,,,,,,,,,,,,,
v2-red-lighter,Red Lighter Embroidered Icon,"",Abbode Embroidery Design,Product Add-Ons > Product Customization,Embroidery Design,"hidden, icon, instant_exclude, revoq-no-withdrawal, webster-live",true,Size,Small,,,,,,,,ICON-45782339485953,0.0,,deny,manual,24.00,,true,true,,,,,,https://cdn.shopify.com/s/files/1/0321/4956/9675/files/download_3493adb3-e516-401a-acae-a50946ed3cb6.png?v=1779839706,1,"",false,,,,,,,,,,,,,,,,,ICON-CU,,,,,,,,,,,,,,,,,,,,'1,,,,,,,,,,,,,,,,,,,,,,,,,,,,,,,,,,,,g,,,false,,,false,,,false,,,false,,,false,,,false,,,false,,,false,,,false,,,false,,,false,,,false,,,false,,,false,,,false,,,false,,,false,,,false,,,false,,,false,,,false,,,false,,,false,,,false,,,false,,,false,,,false,,,false,,,false,,,false,,,false,,,false,,,false,,,false,,,active
v2-red-lighter,,,,,,,,,Large,,,,,,,,ICON-45782339518721,0.0,,deny,manual,48.00,,true,true,,,,,,,,,,,,,,,,,,,,,,,,,,,,,,,,,,,,,,,,,,,,,,,,,,,,,,,,,,,,,,,,,,,,,,,,,,,,,,,,,,g,,,,,,,,,,,,,,,,,,,,,,,,,,,,,,,,,,,,,,,,,,,,,,,,,,,,,,,,,,,,,,,,,,,,,,,,,,,,,,,,,,,,,,,,,,,,,,,,,,,,,,,,,
v2-red-lighter,,,,,,,,,Medium,,,,,,,,ICON-45782339551489,0.0,,deny,manual,24.00,,true,true,,,,,,,,,,,,,,,,,,,,,,,,,,,,,,,,,,,,,,,,,,,,,,,,,,,,,,,,,,,,,,,,,,,,,,,,,,,,,,,,,,g,,,,,,,,,,,,,,,,,,,,,,,,,,,,,,,,,,,,,,,,,,,,,,,,,,,,,,,,,,,,,,,,,,,,,,,,,,,,,,,,,,,,,,,,,,,,,,,,,,,,,,,,,
v2-queen-of-hearts,Queen of Hearts Embroidered Icon,"",Abbode Embroidery Design,Product Add-Ons > Product Customization,Embroidery Design,"hidden, icon, instant_exclude, revoq-no-withdrawal, webster-live",true,Size,Small,,,,,,,,ICON-45782339191041,0.0,,deny,manual,24.00,,true,true,,,,,,https://cdn.shopify.com/s/files/1/0321/4956/9675/files/download_ae366753-63fb-4156-aa91-480a7d03a05c.png?v=1779839707,1,"",false,,,,,,,,,,,,,,,,,ICON-CU,,,,,,,,,,,,,,,,,,,,'1,,,,,,,,,,,,,,,,,,,,,,,,,,,,,,,,,,,,g,,,false,,,false,,,false,,,false,,,false,,,false,,,false,,,false,,,false,,,false,,,false,,,false,,,false,,,false,,,false,,,false,,,false,,,false,,,false,,,false,,,false,,,false,,,false,,,false,,,false,,,false,,,false,,,false,,,false,,,false,,,false,,,false,,,false,,,false,,,active
v2-queen-of-hearts,,,,,,,,,Large,,,,,,,,ICON-45782339223809,0.0,,deny,manual,48.00,,true,true,,,,,,,,,,,,,,,,,,,,,,,,,,,,,,,,,,,,,,,,,,,,,,,,,,,,,,,,,,,,,,,,,,,,,,,,,,,,,,,,,,g,,,,,,,,,,,,,,,,,,,,,,,,,,,,,,,,,,,,,,,,,,,,,,,,,,,,,,,,,,,,,,,,,,,,,,,,,,,,,,,,,,,,,,,,,,,,,,,,,,,,,,,,,
v2-queen-of-hearts,,,,,,,,,Medium,,,,,,,,ICON-45782339256577,0.0,,deny,manual,24.00,,true,true,,,,,,,,,,,,,,,,,,,,,,,,,,,,,,,,,,,,,,,,,,,,,,,,,,,,,,,,,,,,,,,,,,,,,,,,,,,,,,,,,,g,,,,,,,,,,,,,,,,,,,,,,,,,,,,,,,,,,,,,,,,,,,,,,,,,,,,,,,,,,,,,,,,,,,,,,,,,,,,,,,,,,,,,,,,,,,,,,,,,,,,,,,,,
v2-pretzel,Pretzel Embroidered Icon,"",Abbode Embroidery Design,Product Add-Ons > Product Customization,Embroidery Design,"hidden, icon, instant_exclude, revoq-no-withdrawal, webster-live",true,Size,Small,,,,,,,,ICON-45782339092737,0.0,,deny,manual,24.00,,true,true,,,,,,https://cdn.shopify.com/s/files/1/0321/4956/9675/files/download_eb2c5580-ff8e-4668-899d-582292fbf43c.png?v=1779839707,1,"",false,,,,,,,,,,,,,,,,,ICON-CU,,,,,,,,,,,,,,,,,,,,'1,,,,,,,,,,,,,,,,,,,,,,,,,,,,,,,,,,,,g,,,false,,,false,,,false,,,false,,,false,,,false,,,false,,,false,,,false,,,false,,,false,,,false,,,false,,,false,,,false,,,false,,,false,,,false,,,false,,,false,,,false,,,false,,,false,,,false,,,false,,,false,,,false,,,false,,,false,,,false,,,false,,,false,,,false,,,false,,,active
v2-pretzel,,,,,,,,,Large,,,,,,,,ICON-45782339125505,0.0,,deny,manual,48.00,,true,true,,,,,,,,,,,,,,,,,,,,,,,,,,,,,,,,,,,,,,,,,,,,,,,,,,,,,,,,,,,,,,,,,,,,,,,,,,,,,,,,,,g,,,,,,,,,,,,,,,,,,,,,,,,,,,,,,,,,,,,,,,,,,,,,,,,,,,,,,,,,,,,,,,,,,,,,,,,,,,,,,,,,,,,,,,,,,,,,,,,,,,,,,,,,
v2-pretzel,,,,,,,,,Medium,,,,,,,,ICON-45782339158273,0.0,,deny,manual,24.00,,true,true,,,,,,,,,,,,,,,,,,,,,,,,,,,,,,,,,,,,,,,,,,,,,,,,,,,,,,,,,,,,,,,,,,,,,,,,,,,,,,,,,,g,,,,,,,,,,,,,,,,,,,,,,,,,,,,,,,,,,,,,,,,,,,,,,,,,,,,,,,,,,,,,,,,,,,,,,,,,,,,,,,,,,,,,,,,,,,,,,,,,,,,,,,,,
v2-popcorn,Popcorn Embroidered Icon,"",Abbode Embroidery Design,Product Add-Ons > Product Customization,Embroidery Design,"hidden, icon, instant_exclude, revoq-no-withdrawal, webster-live",true,Size,Small,,,,,,,,ICON-45782338732289,0.0,,deny,manual,24.00,,true,true,,,,,,https://cdn.shopify.com/s/files/1/0321/4956/9675/files/download_3e249d68-60bb-4097-8af2-28eaa6cd32e3.png?v=1779839707,1,"",false,,,,,,,,,,,,,,,,,ICON-CU,,,,,,,,,,,,,,,,,,,,'1,,,,,,,,,,,,,,,,,,,,,,,,,,,,,,,,,,,,g,,,false,,,false,,,false,,,false,,,false,,,false,,,false,,,false,,,false,,,false,,,false,,,false,,,false,,,false,,,false,,,false,,,false,,,false,,,false,,,false,,,false,,,false,,,false,,,false,,,false,,,false,,,false,,,false,,,false,,,false,,,false,,,false,,,false,,,false,,,active
v2-popcorn,,,,,,,,,Large,,,,,,,,ICON-45782338765057,0.0,,deny,manual,48.00,,true,true,,,,,,,,,,,,,,,,,,,,,,,,,,,,,,,,,,,,,,,,,,,,,,,,,,,,,,,,,,,,,,,,,,,,,,,,,,,,,,,,,,g,,,,,,,,,,,,,,,,,,,,,,,,,,,,,,,,,,,,,,,,,,,,,,,,,,,,,,,,,,,,,,,,,,,,,,,,,,,,,,,,,,,,,,,,,,,,,,,,,,,,,,,,,
v2-popcorn,,,,,,,,,Medium,,,,,,,,ICON-45782338797825,0.0,,deny,manual,24.00,,true,true,,,,,,,,,,,,,,,,,,,,,,,,,,,,,,,,,,,,,,,,,,,,,,,,,,,,,,,,,,,,,,,,,,,,,,,,,,,,,,,,,,g,,,,,,,,,,,,,,,,,,,,,,,,,,,,,,,,,,,,,,,,,,,,,,,,,,,,,,,,,,,,,,,,,,,,,,,,,,,,,,,,,,,,,,,,,,,,,,,,,,,,,,,,,
v2-plane-window,Plane Window Embroidered Icon,"",Abbode Embroidery Design,Product Add-Ons > Product Customization,Embroidery Design,"hidden, icon, instant_exclude, revoq-no-withdrawal, webster-live",true,Size,Small,,,,,,,,ICON-45782338633985,0.0,,deny,manual,24.00,,true,true,,,,,,https://cdn.shopify.com/s/files/1/0321/4956/9675/files/download_b0b70cf8-680e-4411-8082-541a1335761e.png?v=1779839707,1,"",false,,,,,,,,,,,,,,,,,ICON-CU,,,,,,,,,,,,,,,,,,,,'1,,,,,,,,,,,,,,,,,,,,,,,,,,,,,,,,,,,,g,,,false,,,false,,,false,,,false,,,false,,,false,,,false,,,false,,,false,,,false,,,false,,,false,,,false,,,false,,,false,,,false,,,false,,,false,,,false,,,false,,,false,,,false,,,false,,,false,,,false,,,false,,,false,,,false,,,false,,,false,,,false,,,false,,,false,,,false,,,active
v2-plane-window,,,,,,,,,Large,,,,,,,,ICON-45782338666753,0.0,,deny,manual,48.00,,true,true,,,,,,,,,,,,,,,,,,,,,,,,,,,,,,,,,,,,,,,,,,,,,,,,,,,,,,,,,,,,,,,,,,,,,,,,,,,,,,,,,,g,,,,,,,,,,,,,,,,,,,,,,,,,,,,,,,,,,,,,,,,,,,,,,,,,,,,,,,,,,,,,,,,,,,,,,,,,,,,,,,,,,,,,,,,,,,,,,,,,,,,,,,,,
v2-plane-window,,,,,,,,,Medium,,,,,,,,ICON-45782338699521,0.0,,deny,manual,24.00,,true,true,,,,,,,,,,,,,,,,,,,,,,,,,,,,,,,,,,,,,,,,,,,,,,,,,,,,,,,,,,,,,,,,,,,,,,,,,,,,,,,,,,g,,,,,,,,,,,,,,,,,,,,,,,,,,,,,,,,,,,,,,,,,,,,,,,,,,,,,,,,,,,,,,,,,,,,,,,,,,,,,,,,,,,,,,,,,,,,,,,,,,,,,,,,,
v2-pizza,Pizza Embroidered Icon,"",Abbode Embroidery Design,Product Add-Ons > Product Customization,Embroidery Design,"hidden, icon, instant_exclude, revoq-no-withdrawal, webster-live",true,Size,Small,,,,,,,,ICON-45782338535681,0.0,,deny,manual,24.00,,true,true,,,,,,https://cdn.shopify.com/s/files/1/0321/4956/9675/files/download_7a738c91-8d6c-482c-a90c-24d3ece36e2c.png?v=1779839708,1,"",false,,,,,,,,,,,,,,,,,ICON-CU,,,,,,,,,,,,,,,,,,,,'1,,,,,,,,,,,,,,,,,,,,,,,,,,,,,,,,,,,,g,,,false,,,false,,,false,,,false,,,false,,,false,,,false,,,false,,,false,,,false,,,false,,,false,,,false,,,false,,,false,,,false,,,false,,,false,,,false,,,false,,,false,,,false,,,false,,,false,,,false,,,false,,,false,,,false,,,false,,,false,,,false,,,false,,,false,,,false,,,active
v2-pizza,,,,,,,,,Large,,,,,,,,ICON-45782338568449,0.0,,deny,manual,48.00,,true,true,,,,,,,,,,,,,,,,,,,,,,,,,,,,,,,,,,,,,,,,,,,,,,,,,,,,,,,,,,,,,,,,,,,,,,,,,,,,,,,,,,g,,,,,,,,,,,,,,,,,,,,,,,,,,,,,,,,,,,,,,,,,,,,,,,,,,,,,,,,,,,,,,,,,,,,,,,,,,,,,,,,,,,,,,,,,,,,,,,,,,,,,,,,,
v2-pizza,,,,,,,,,Medium,,,,,,,,ICON-45782338601217,0.0,,deny,manual,24.00,,true,true,,,,,,,,,,,,,,,,,,,,,,,,,,,,,,,,,,,,,,,,,,,,,,,,,,,,,,,,,,,,,,,,,,,,,,,,,,,,,,,,,,g,,,,,,,,,,,,,,,,,,,,,,,,,,,,,,,,,,,,,,,,,,,,,,,,,,,,,,,,,,,,,,,,,,,,,,,,,,,,,,,,,,,,,,,,,,,,,,,,,,,,,,,,,
v2-pink-tennis-raquets,Pink Tennis Raquets Embroidered Icon,"",Abbode Embroidery Design,Product Add-Ons > Product Customization,Embroidery Design,"hidden, icon, instant_exclude, revoq-no-withdrawal, webster-live",true,Size,Small,,,,,,,,ICON-45782338437377,0.0,,deny,manual,24.00,,true,true,,,,,,https://cdn.shopify.com/s/files/1/0321/4956/9675/files/download_925f276b-9cf1-45a4-a812-d79d563e0b3d.png?v=1779839707,1,"",false,,,,,,,,,,,,,,,,,ICON-CU,,,,,,,,,,,,,,,,,,,,'1,,,,,,,,,,,,,,,,,,,,,,,,,,,,,,,,,,,,g,,,false,,,false,,,false,,,false,,,false,,,false,,,false,,,false,,,false,,,false,,,false,,,false,,,false,,,false,,,false,,,false,,,false,,,false,,,false,,,false,,,false,,,false,,,false,,,false,,,false,,,false,,,false,,,false,,,false,,,false,,,false,,,false,,,false,,,false,,,active
v2-pink-tennis-raquets,,,,,,,,,Large,,,,,,,,ICON-45782338470145,0.0,,deny,manual,48.00,,true,true,,,,,,,,,,,,,,,,,,,,,,,,,,,,,,,,,,,,,,,,,,,,,,,,,,,,,,,,,,,,,,,,,,,,,,,,,,,,,,,,,,g,,,,,,,,,,,,,,,,,,,,,,,,,,,,,,,,,,,,,,,,,,,,,,,,,,,,,,,,,,,,,,,,,,,,,,,,,,,,,,,,,,,,,,,,,,,,,,,,,,,,,,,,,
v2-pink-tennis-raquets,,,,,,,,,Medium,,,,,,,,ICON-45782338502913,0.0,,deny,manual,24.00,,true,true,,,,,,,,,,,,,,,,,,,,,,,,,,,,,,,,,,,,,,,,,,,,,,,,,,,,,,,,,,,,,,,,,,,,,,,,,,,,,,,,,,g,,,,,,,,,,,,,,,,,,,,,,,,,,,,,,,,,,,,,,,,,,,,,,,,,,,,,,,,,,,,,,,,,,,,,,,,,,,,,,,,,,,,,,,,,,,,,,,,,,,,,,,,,
v2-pink-tennis,Pink Tennis Embroidered Icon,"",Abbode Embroidery Design,Product Add-Ons > Product Customization,Embroidery Design,"hidden, icon, instant_exclude, revoq-no-withdrawal, webster-live",true,Size,Small,,,,,,,,ICON-45782338306305,0.0,,deny,manual,24.00,,true,true,,,,,,https://cdn.shopify.com/s/files/1/0321/4956/9675/files/download_bc0f4673-9bbe-4140-8ab0-98451af0bf2f.png?v=1779839707,1,"",false,,,,,,,,,,,,,,,,,ICON-CU,,,,,,,,,,,,,,,,,,,,'1,,,,,,,,,,,,,,,,,,,,,,,,,,,,,,,,,,,,g,,,false,,,false,,,false,,,false,,,false,,,false,,,false,,,false,,,false,,,false,,,false,,,false,,,false,,,false,,,false,,,false,,,false,,,false,,,false,,,false,,,false,,,false,,,false,,,false,,,false,,,false,,,false,,,false,,,false,,,false,,,false,,,false,,,false,,,false,,,active
v2-pink-tennis,,,,,,,,,Large,,,,,,,,ICON-45782338339073,0.0,,deny,manual,48.00,,true,true,,,,,,,,,,,,,,,,,,,,,,,,,,,,,,,,,,,,,,,,,,,,,,,,,,,,,,,,,,,,,,,,,,,,,,,,,,,,,,,,,,g,,,,,,,,,,,,,,,,,,,,,,,,,,,,,,,,,,,,,,,,,,,,,,,,,,,,,,,,,,,,,,,,,,,,,,,,,,,,,,,,,,,,,,,,,,,,,,,,,,,,,,,,,
v2-pink-tennis,,,,,,,,,Medium,,,,,,,,ICON-45782338371841,0.0,,deny,manual,24.00,,true,true,,,,,,,,,,,,,,,,,,,,,,,,,,,,,,,,,,,,,,,,,,,,,,,,,,,,,,,,,,,,,,,,,,,,,,,,,,,,,,,,,,g,,,,,,,,,,,,,,,,,,,,,,,,,,,,,,,,,,,,,,,,,,,,,,,,,,,,,,,,,,,,,,,,,,,,,,,,,,,,,,,,,,,,,,,,,,,,,,,,,,,,,,,,,
v2-pigeon-fixed,Pigeon fixed Embroidered Icon,"",Abbode Embroidery Design,Product Add-Ons > Product Customization,Embroidery Design,"hidden, icon, instant_exclude, revoq-no-withdrawal, webster-live",true,Size,Small,,,,,,,,ICON-45782337454337,0.0,,deny,manual,24.00,,true,true,,,,,,https://cdn.shopify.com/s/files/1/0321/4956/9675/files/download_7e76a73c-1455-42a7-a4e6-c31889866c24.png?v=1779839707,1,"",false,,,,,,,,,,,,,,,,,ICON-CU,,,,,,,,,,,,,,,,,,,,'1,,,,,,,,,,,,,,,,,,,,,,,,,,,,,,,,,,,,g,,,false,,,false,,,false,,,false,,,false,,,false,,,false,,,false,,,false,,,false,,,false,,,false,,,false,,,false,,,false,,,false,,,false,,,false,,,false,,,false,,,false,,,false,,,false,,,false,,,false,,,false,,,false,,,false,,,false,,,false,,,false,,,false,,,false,,,false,,,active
v2-pigeon-fixed,,,,,,,,,Large,,,,,,,,ICON-45782337487105,0.0,,deny,manual,48.00,,true,true,,,,,,,,,,,,,,,,,,,,,,,,,,,,,,,,,,,,,,,,,,,,,,,,,,,,,,,,,,,,,,,,,,,,,,,,,,,,,,,,,,g,,,,,,,,,,,,,,,,,,,,,,,,,,,,,,,,,,,,,,,,,,,,,,,,,,,,,,,,,,,,,,,,,,,,,,,,,,,,,,,,,,,,,,,,,,,,,,,,,,,,,,,,,
v2-pigeon-fixed,,,,,,,,,Medium,,,,,,,,ICON-45782337519873,0.0,,deny,manual,24.00,,true,true,,,,,,,,,,,,,,,,,,,,,,,,,,,,,,,,,,,,,,,,,,,,,,,,,,,,,,,,,,,,,,,,,,,,,,,,,,,,,,,,,,g,,,,,,,,,,,,,,,,,,,,,,,,,,,,,,,,,,,,,,,,,,,,,,,,,,,,,,,,,,,,,,,,,,,,,,,,,,,,,,,,,,,,,,,,,,,,,,,,,,,,,,,,,
v2-pickleball-raquet,Pickleball Raquet Embroidered Icon,"",Abbode Embroidery Design,Product Add-Ons > Product Customization,Embroidery Design,"hidden, icon, instant_exclude, revoq-no-withdrawal, webster-live",true,Size,Small,,,,,,,,ICON-45782337257729,0.0,,deny,manual,24.00,,true,true,,,,,,https://cdn.shopify.com/s/files/1/0321/4956/9675/files/download_265cbf9a-2876-410c-aea4-3e9ebfd6dfc9.png?v=1779839707,1,"",false,,,,,,,,,,,,,,,,,ICON-CU,,,,,,,,,,,,,,,,,,,,'1,,,,,,,,,,,,,,,,,,,,,,,,,,,,,,,,,,,,g,,,false,,,false,,,false,,,false,,,false,,,false,,,false,,,false,,,false,,,false,,,false,,,false,,,false,,,false,,,false,,,false,,,false,,,false,,,false,,,false,,,false,,,false,,,false,,,false,,,false,,,false,,,false,,,false,,,false,,,false,,,false,,,false,,,false,,,false,,,active
v2-pickleball-raquet,,,,,,,,,Large,,,,,,,,ICON-45782337290497,0.0,,deny,manual,48.00,,true,true,,,,,,,,,,,,,,,,,,,,,,,,,,,,,,,,,,,,,,,,,,,,,,,,,,,,,,,,,,,,,,,,,,,,,,,,,,,,,,,,,,g,,,,,,,,,,,,,,,,,,,,,,,,,,,,,,,,,,,,,,,,,,,,,,,,,,,,,,,,,,,,,,,,,,,,,,,,,,,,,,,,,,,,,,,,,,,,,,,,,,,,,,,,,
v2-pickleball-raquet,,,,,,,,,Medium,,,,,,,,ICON-45782337323265,0.0,,deny,manual,24.00,,true,true,,,,,,,,,,,,,,,,,,,,,,,,,,,,,,,,,,,,,,,,,,,,,,,,,,,,,,,,,,,,,,,,,,,,,,,,,,,,,,,,,,g,,,,,,,,,,,,,,,,,,,,,,,,,,,,,,,,,,,,,,,,,,,,,,,,,,,,,,,,,,,,,,,,,,,,,,,,,,,,,,,,,,,,,,,,,,,,,,,,,,,,,,,,,
v2-pickleball-paddles,Pickleball Paddles Embroidered Icon,"",Abbode Embroidery Design,Product Add-Ons > Product Customization,Embroidery Design,"hidden, icon, instant_exclude, revoq-no-withdrawal, webster-live",true,Size,Small,,,,,,,,ICON-45782337061121,0.0,,deny,manual,24.00,,true,true,,,,,,https://cdn.shopify.com/s/files/1/0321/4956/9675/files/download_4d6e7d37-efe9-4ccf-accb-5401ecb98168.png?v=1779839707,1,"",false,,,,,,,,,,,,,,,,,ICON-CU,,,,,,,,,,,,,,,,,,,,'1,,,,,,,,,,,,,,,,,,,,,,,,,,,,,,,,,,,,g,,,false,,,false,,,false,,,false,,,false,,,false,,,false,,,false,,,false,,,false,,,false,,,false,,,false,,,false,,,false,,,false,,,false,,,false,,,false,,,false,,,false,,,false,,,false,,,false,,,false,,,false,,,false,,,false,,,false,,,false,,,false,,,false,,,false,,,false,,,active
v2-pickleball-paddles,,,,,,,,,Large,,,,,,,,ICON-45782337093889,0.0,,deny,manual,48.00,,true,true,,,,,,,,,,,,,,,,,,,,,,,,,,,,,,,,,,,,,,,,,,,,,,,,,,,,,,,,,,,,,,,,,,,,,,,,,,,,,,,,,,g,,,,,,,,,,,,,,,,,,,,,,,,,,,,,,,,,,,,,,,,,,,,,,,,,,,,,,,,,,,,,,,,,,,,,,,,,,,,,,,,,,,,,,,,,,,,,,,,,,,,,,,,,
v2-pickleball-paddles,,,,,,,,,Medium,,,,,,,,ICON-45782337126657,0.0,,deny,manual,24.00,,true,true,,,,,,,,,,,,,,,,,,,,,,,,,,,,,,,,,,,,,,,,,,,,,,,,,,,,,,,,,,,,,,,,,,,,,,,,,,,,,,,,,,g,,,,,,,,,,,,,,,,,,,,,,,,,,,,,,,,,,,,,,,,,,,,,,,,,,,,,,,,,,,,,,,,,,,,,,,,,,,,,,,,,,,,,,,,,,,,,,,,,,,,,,,,,
v2-pickleball,Pickleball Embroidered Icon,"",Abbode Embroidery Design,Product Add-Ons > Product Customization,Embroidery Design,"hidden, icon, instant_exclude, revoq-no-withdrawal, webster-live",true,Size,Small,,,,,,,,ICON-45782336864513,0.0,,deny,manual,24.00,,true,true,,,,,,https://cdn.shopify.com/s/files/1/0321/4956/9675/files/download_e54358a1-eeb9-4b9a-b9d3-ff0a361c1747.png?v=1779839707,1,"",false,,,,,,,,,,,,,,,,,ICON-CU,,,,,,,,,,,,,,,,,,,,'1,,,,,,,,,,,,,,,,,,,,,,,,,,,,,,,,,,,,g,,,false,,,false,,,false,,,false,,,false,,,false,,,false,,,false,,,false,,,false,,,false,,,false,,,false,,,false,,,false,,,false,,,false,,,false,,,false,,,false,,,false,,,false,,,false,,,false,,,false,,,false,,,false,,,false,,,false,,,false,,,false,,,false,,,false,,,false,,,active
v2-pickleball,,,,,,,,,Large,,,,,,,,ICON-45782336897281,0.0,,deny,manual,48.00,,true,true,,,,,,,,,,,,,,,,,,,,,,,,,,,,,,,,,,,,,,,,,,,,,,,,,,,,,,,,,,,,,,,,,,,,,,,,,,,,,,,,,,g,,,,,,,,,,,,,,,,,,,,,,,,,,,,,,,,,,,,,,,,,,,,,,,,,,,,,,,,,,,,,,,,,,,,,,,,,,,,,,,,,,,,,,,,,,,,,,,,,,,,,,,,,
v2-pickleball,,,,,,,,,Medium,,,,,,,,ICON-45782336930049,0.0,,deny,manual,24.00,,true,true,,,,,,,,,,,,,,,,,,,,,,,,,,,,,,,,,,,,,,,,,,,,,,,,,,,,,,,,,,,,,,,,,,,,,,,,,,,,,,,,,,g,,,,,,,,,,,,,,,,,,,,,,,,,,,,,,,,,,,,,,,,,,,,,,,,,,,,,,,,,,,,,,,,,,,,,,,,,,,,,,,,,,,,,,,,,,,,,,,,,,,,,,,,,
v2-pepper,Pepper Embroidered Icon,"",Abbode Embroidery Design,Product Add-Ons > Product Customization,Embroidery Design,"hidden, icon, instant_exclude, revoq-no-withdrawal, webster-live",true,Size,Small,,,,,,,,ICON-45782336733441,0.0,,deny,manual,24.00,,true,true,,,,,,https://cdn.shopify.com/s/files/1/0321/4956/9675/files/download_bf0caf3c-a148-4b8e-940f-4973fd68def6.png?v=1779839707,1,"",false,,,,,,,,,,,,,,,,,ICON-CU,,,,,,,,,,,,,,,,,,,,'1,,,,,,,,,,,,,,,,,,,,,,,,,,,,,,,,,,,,g,,,false,,,false,,,false,,,false,,,false,,,false,,,false,,,false,,,false,,,false,,,false,,,false,,,false,,,false,,,false,,,false,,,false,,,false,,,false,,,false,,,false,,,false,,,false,,,false,,,false,,,false,,,false,,,false,,,false,,,false,,,false,,,false,,,false,,,false,,,active
v2-pepper,,,,,,,,,Large,,,,,,,,ICON-45782336766209,0.0,,deny,manual,48.00,,true,true,,,,,,,,,,,,,,,,,,,,,,,,,,,,,,,,,,,,,,,,,,,,,,,,,,,,,,,,,,,,,,,,,,,,,,,,,,,,,,,,,,g,,,,,,,,,,,,,,,,,,,,,,,,,,,,,,,,,,,,,,,,,,,,,,,,,,,,,,,,,,,,,,,,,,,,,,,,,,,,,,,,,,,,,,,,,,,,,,,,,,,,,,,,,
v2-pepper,,,,,,,,,Medium,,,,,,,,ICON-45782336798977,0.0,,deny,manual,24.00,,true,true,,,,,,,,,,,,,,,,,,,,,,,,,,,,,,,,,,,,,,,,,,,,,,,,,,,,,,,,,,,,,,,,,,,,,,,,,,,,,,,,,,g,,,,,,,,,,,,,,,,,,,,,,,,,,,,,,,,,,,,,,,,,,,,,,,,,,,,,,,,,,,,,,,,,,,,,,,,,,,,,,,,,,,,,,,,,,,,,,,,,,,,,,,,,
v2-penne,Penne Embroidered Icon,"",Abbode Embroidery Design,Product Add-Ons > Product Customization,Embroidery Design,"hidden, icon, instant_exclude, revoq-no-withdrawal, webster-live",true,Size,Small,,,,,,,,ICON-45782336635137,0.0,,deny,manual,24.00,,true,true,,,,,,https://cdn.shopify.com/s/files/1/0321/4956/9675/files/download_80692694-bd09-4f87-93f8-fee953b0bd2e.png?v=1779839707,1,"",false,,,,,,,,,,,,,,,,,ICON-CU,,,,,,,,,,,,,,,,,,,,'1,,,,,,,,,,,,,,,,,,,,,,,,,,,,,,,,,,,,g,,,false,,,false,,,false,,,false,,,false,,,false,,,false,,,false,,,false,,,false,,,false,,,false,,,false,,,false,,,false,,,false,,,false,,,false,,,false,,,false,,,false,,,false,,,false,,,false,,,false,,,false,,,false,,,false,,,false,,,false,,,false,,,false,,,false,,,false,,,active
v2-penne,,,,,,,,,Large,,,,,,,,ICON-45782336667905,0.0,,deny,manual,48.00,,true,true,,,,,,,,,,,,,,,,,,,,,,,,,,,,,,,,,,,,,,,,,,,,,,,,,,,,,,,,,,,,,,,,,,,,,,,,,,,,,,,,,,g,,,,,,,,,,,,,,,,,,,,,,,,,,,,,,,,,,,,,,,,,,,,,,,,,,,,,,,,,,,,,,,,,,,,,,,,,,,,,,,,,,,,,,,,,,,,,,,,,,,,,,,,,
v2-penne,,,,,,,,,Medium,,,,,,,,ICON-45782336700673,0.0,,deny,manual,24.00,,true,true,,,,,,,,,,,,,,,,,,,,,,,,,,,,,,,,,,,,,,,,,,,,,,,,,,,,,,,,,,,,,,,,,,,,,,,,,,,,,,,,,,g,,,,,,,,,,,,,,,,,,,,,,,,,,,,,,,,,,,,,,,,,,,,,,,,,,,,,,,,,,,,,,,,,,,,,,,,,,,,,,,,,,,,,,,,,,,,,,,,,,,,,,,,,
v2-peace-sign-red,Peace Sign Red Embroidered Icon,"",Abbode Embroidery Design,Product Add-Ons > Product Customization,Embroidery Design,"hidden, icon, instant_exclude, revoq-no-withdrawal, webster-live",true,Size,Small,,,,,,,,ICON-45782336536833,0.0,,deny,manual,24.00,,true,true,,,,,,https://cdn.shopify.com/s/files/1/0321/4956/9675/files/download_3f1363e4-02a1-4d94-beb2-1b33d5e8eaf1.png?v=1779839707,1,"",false,,,,,,,,,,,,,,,,,ICON-CU,,,,,,,,,,,,,,,,,,,,'1,,,,,,,,,,,,,,,,,,,,,,,,,,,,,,,,,,,,g,,,false,,,false,,,false,,,false,,,false,,,false,,,false,,,false,,,false,,,false,,,false,,,false,,,false,,,false,,,false,,,false,,,false,,,false,,,false,,,false,,,false,,,false,,,false,,,false,,,false,,,false,,,false,,,false,,,false,,,false,,,false,,,false,,,false,,,false,,,active
v2-peace-sign-red,,,,,,,,,Large,,,,,,,,ICON-45782336569601,0.0,,deny,manual,48.00,,true,true,,,,,,,,,,,,,,,,,,,,,,,,,,,,,,,,,,,,,,,,,,,,,,,,,,,,,,,,,,,,,,,,,,,,,,,,,,,,,,,,,,g,,,,,,,,,,,,,,,,,,,,,,,,,,,,,,,,,,,,,,,,,,,,,,,,,,,,,,,,,,,,,,,,,,,,,,,,,,,,,,,,,,,,,,,,,,,,,,,,,,,,,,,,,
v2-peace-sign-red,,,,,,,,,Medium,,,,,,,,ICON-45782336602369,0.0,,deny,manual,24.00,,true,true,,,,,,,,,,,,,,,,,,,,,,,,,,,,,,,,,,,,,,,,,,,,,,,,,,,,,,,,,,,,,,,,,,,,,,,,,,,,,,,,,,g,,,,,,,,,,,,,,,,,,,,,,,,,,,,,,,,,,,,,,,,,,,,,,,,,,,,,,,,,,,,,,,,,,,,,,,,,,,,,,,,,,,,,,,,,,,,,,,,,,,,,,,,,
v2-peace-sign,Peace Sign Embroidered Icon,"",Abbode Embroidery Design,Product Add-Ons > Product Customization,Embroidery Design,"hidden, icon, instant_exclude, revoq-no-withdrawal, webster-live",true,Size,Small,,,,,,,,ICON-45782336241921,0.0,,deny,manual,24.00,,true,true,,,,,,https://cdn.shopify.com/s/files/1/0321/4956/9675/files/download_1e802be4-bd0f-4220-95cc-0f780b8a4291.png?v=1779839707,1,"",false,,,,,,,,,,,,,,,,,ICON-CU,,,,,,,,,,,,,,,,,,,,'1,,,,,,,,,,,,,,,,,,,,,,,,,,,,,,,,,,,,g,,,false,,,false,,,false,,,false,,,false,,,false,,,false,,,false,,,false,,,false,,,false,,,false,,,false,,,false,,,false,,,false,,,false,,,false,,,false,,,false,,,false,,,false,,,false,,,false,,,false,,,false,,,false,,,false,,,false,,,false,,,false,,,false,,,false,,,false,,,active
v2-peace-sign,,,,,,,,,Large,,,,,,,,ICON-45782336274689,0.0,,deny,manual,48.00,,true,true,,,,,,,,,,,,,,,,,,,,,,,,,,,,,,,,,,,,,,,,,,,,,,,,,,,,,,,,,,,,,,,,,,,,,,,,,,,,,,,,,,g,,,,,,,,,,,,,,,,,,,,,,,,,,,,,,,,,,,,,,,,,,,,,,,,,,,,,,,,,,,,,,,,,,,,,,,,,,,,,,,,,,,,,,,,,,,,,,,,,,,,,,,,,
v2-peace-sign,,,,,,,,,Medium,,,,,,,,ICON-45782336307457,0.0,,deny,manual,24.00,,true,true,,,,,,,,,,,,,,,,,,,,,,,,,,,,,,,,,,,,,,,,,,,,,,,,,,,,,,,,,,,,,,,,,,,,,,,,,,,,,,,,,,g,,,,,,,,,,,,,,,,,,,,,,,,,,,,,,,,,,,,,,,,,,,,,,,,,,,,,,,,,,,,,,,,,,,,,,,,,,,,,,,,,,,,,,,,,,,,,,,,,,,,,,,,,
v2-passport,Passport Embroidered Icon,"",Abbode Embroidery Design,Product Add-Ons > Product Customization,Embroidery Design,"hidden, icon, instant_exclude, revoq-no-withdrawal, webster-live",true,Size,Small,,,,,,,,ICON-45782336143617,0.0,,deny,manual,24.00,,true,true,,,,,,https://cdn.shopify.com/s/files/1/0321/4956/9675/files/download_14acf025-8ca1-432b-834e-1b503db82062.png?v=1779839707,1,"",false,,,,,,,,,,,,,,,,,ICON-CU,,,,,,,,,,,,,,,,,,,,'1,,,,,,,,,,,,,,,,,,,,,,,,,,,,,,,,,,,,g,,,false,,,false,,,false,,,false,,,false,,,false,,,false,,,false,,,false,,,false,,,false,,,false,,,false,,,false,,,false,,,false,,,false,,,false,,,false,,,false,,,false,,,false,,,false,,,false,,,false,,,false,,,false,,,false,,,false,,,false,,,false,,,false,,,false,,,false,,,active
v2-passport,,,,,,,,,Large,,,,,,,,ICON-45782336176385,0.0,,deny,manual,48.00,,true,true,,,,,,,,,,,,,,,,,,,,,,,,,,,,,,,,,,,,,,,,,,,,,,,,,,,,,,,,,,,,,,,,,,,,,,,,,,,,,,,,,,g,,,,,,,,,,,,,,,,,,,,,,,,,,,,,,,,,,,,,,,,,,,,,,,,,,,,,,,,,,,,,,,,,,,,,,,,,,,,,,,,,,,,,,,,,,,,,,,,,,,,,,,,,
v2-passport,,,,,,,,,Medium,,,,,,,,ICON-45782336209153,0.0,,deny,manual,24.00,,true,true,,,,,,,,,,,,,,,,,,,,,,,,,,,,,,,,,,,,,,,,,,,,,,,,,,,,,,,,,,,,,,,,,,,,,,,,,,,,,,,,,,g,,,,,,,,,,,,,,,,,,,,,,,,,,,,,,,,,,,,,,,,,,,,,,,,,,,,,,,,,,,,,,,,,,,,,,,,,,,,,,,,,,,,,,,,,,,,,,,,,,,,,,,,,
v2-oyster,Oyster Embroidered Icon,"",Abbode Embroidery Design,Product Add-Ons > Product Customization,Embroidery Design,"hidden, icon, instant_exclude, revoq-no-withdrawal, webster-live",true,Size,Small,,,,,,,,ICON-45782336045313,0.0,,deny,manual,24.00,,true,true,,,,,,https://cdn.shopify.com/s/files/1/0321/4956/9675/files/download_098e19bb-bc0e-48c0-9766-20720a8a1c07.png?v=1779839707,1,"",false,,,,,,,,,,,,,,,,,ICON-CU,,,,,,,,,,,,,,,,,,,,'1,,,,,,,,,,,,,,,,,,,,,,,,,,,,,,,,,,,,g,,,false,,,false,,,false,,,false,,,false,,,false,,,false,,,false,,,false,,,false,,,false,,,false,,,false,,,false,,,false,,,false,,,false,,,false,,,false,,,false,,,false,,,false,,,false,,,false,,,false,,,false,,,false,,,false,,,false,,,false,,,false,,,false,,,false,,,false,,,active
v2-oyster,,,,,,,,,Large,,,,,,,,ICON-45782336078081,0.0,,deny,manual,48.00,,true,true,,,,,,,,,,,,,,,,,,,,,,,,,,,,,,,,,,,,,,,,,,,,,,,,,,,,,,,,,,,,,,,,,,,,,,,,,,,,,,,,,,g,,,,,,,,,,,,,,,,,,,,,,,,,,,,,,,,,,,,,,,,,,,,,,,,,,,,,,,,,,,,,,,,,,,,,,,,,,,,,,,,,,,,,,,,,,,,,,,,,,,,,,,,,
v2-oyster,,,,,,,,,Medium,,,,,,,,ICON-45782336110849,0.0,,deny,manual,24.00,,true,true,,,,,,,,,,,,,,,,,,,,,,,,,,,,,,,,,,,,,,,,,,,,,,,,,,,,,,,,,,,,,,,,,,,,,,,,,,,,,,,,,,g,,,,,,,,,,,,,,,,,,,,,,,,,,,,,,,,,,,,,,,,,,,,,,,,,,,,,,,,,,,,,,,,,,,,,,,,,,,,,,,,,,,,,,,,,,,,,,,,,,,,,,,,,
v2-olive-on-toothpick,Olive on Toothpick Embroidered Icon,"",Abbode Embroidery Design,Product Add-Ons > Product Customization,Embroidery Design,"hidden, icon, instant_exclude, revoq-no-withdrawal, webster-live",true,Size,Small,,,,,,,,ICON-45782335947009,0.0,,deny,manual,24.00,,true,true,,,,,,https://cdn.shopify.com/s/files/1/0321/4956/9675/files/download_077c9c42-1092-4084-8eb8-0eb4811cebb6.png?v=1779839707,1,"",false,,,,,,,,,,,,,,,,,ICON-CU,,,,,,,,,,,,,,,,,,,,'1,,,,,,,,,,,,,,,,,,,,,,,,,,,,,,,,,,,,g,,,false,,,false,,,false,,,false,,,false,,,false,,,false,,,false,,,false,,,false,,,false,,,false,,,false,,,false,,,false,,,false,,,false,,,false,,,false,,,false,,,false,,,false,,,false,,,false,,,false,,,false,,,false,,,false,,,false,,,false,,,false,,,false,,,false,,,false,,,active
v2-olive-on-toothpick,,,,,,,,,Large,,,,,,,,ICON-45782335979777,0.0,,deny,manual,48.00,,true,true,,,,,,,,,,,,,,,,,,,,,,,,,,,,,,,,,,,,,,,,,,,,,,,,,,,,,,,,,,,,,,,,,,,,,,,,,,,,,,,,,,g,,,,,,,,,,,,,,,,,,,,,,,,,,,,,,,,,,,,,,,,,,,,,,,,,,,,,,,,,,,,,,,,,,,,,,,,,,,,,,,,,,,,,,,,,,,,,,,,,,,,,,,,,
v2-olive-on-toothpick,,,,,,,,,Medium,,,,,,,,ICON-45782336012545,0.0,,deny,manual,24.00,,true,true,,,,,,,,,,,,,,,,,,,,,,,,,,,,,,,,,,,,,,,,,,,,,,,,,,,,,,,,,,,,,,,,,,,,,,,,,,,,,,,,,,g,,,,,,,,,,,,,,,,,,,,,,,,,,,,,,,,,,,,,,,,,,,,,,,,,,,,,,,,,,,,,,,,,,,,,,,,,,,,,,,,,,,,,,,,,,,,,,,,,,,,,,,,,
v2-olive-fixed,Olive Fixed Embroidered Icon,"",Abbode Embroidery Design,Product Add-Ons > Product Customization,Embroidery Design,"hidden, icon, instant_exclude, revoq-no-withdrawal, webster-live",true,Size,Small,,,,,,,,ICON-45782335848705,0.0,,deny,manual,24.00,,true,true,,,,,,https://cdn.shopify.com/s/files/1/0321/4956/9675/files/download_0724dd88-62ac-4819-9587-77df1cd849cd.png?v=1779839707,1,"",false,,,,,,,,,,,,,,,,,ICON-CU,,,,,,,,,,,,,,,,,,,,'1,,,,,,,,,,,,,,,,,,,,,,,,,,,,,,,,,,,,g,,,false,,,false,,,false,,,false,,,false,,,false,,,false,,,false,,,false,,,false,,,false,,,false,,,false,,,false,,,false,,,false,,,false,,,false,,,false,,,false,,,false,,,false,,,false,,,false,,,false,,,false,,,false,,,false,,,false,,,false,,,false,,,false,,,false,,,false,,,active
v2-olive-fixed,,,,,,,,,Large,,,,,,,,ICON-45782335881473,0.0,,deny,manual,48.00,,true,true,,,,,,,,,,,,,,,,,,,,,,,,,,,,,,,,,,,,,,,,,,,,,,,,,,,,,,,,,,,,,,,,,,,,,,,,,,,,,,,,,,g,,,,,,,,,,,,,,,,,,,,,,,,,,,,,,,,,,,,,,,,,,,,,,,,,,,,,,,,,,,,,,,,,,,,,,,,,,,,,,,,,,,,,,,,,,,,,,,,,,,,,,,,,
v2-olive-fixed,,,,,,,,,Medium,,,,,,,,ICON-45782335914241,0.0,,deny,manual,24.00,,true,true,,,,,,,,,,,,,,,,,,,,,,,,,,,,,,,,,,,,,,,,,,,,,,,,,,,,,,,,,,,,,,,,,,,,,,,,,,,,,,,,,,g,,,,,,,,,,,,,,,,,,,,,,,,,,,,,,,,,,,,,,,,,,,,,,,,,,,,,,,,,,,,,,,,,,,,,,,,,,,,,,,,,,,,,,,,,,,,,,,,,,,,,,,,,
v2-ny-pizza,NY Pizza Embroidered Icon,"",Abbode Embroidery Design,Product Add-Ons > Product Customization,Embroidery Design,"hidden, icon, instant_exclude, revoq-no-withdrawal, webster-live",true,Size,Small,,,,,,,,ICON-45782335062273,0.0,,deny,manual,24.00,,true,true,,,,,,https://cdn.shopify.com/s/files/1/0321/4956/9675/files/download_5f4b0def-2b8b-436c-94fd-04e210e73998.png?v=1779839707,1,"",false,,,,,,,,,,,,,,,,,ICON-CU,,,,,,,,,,,,,,,,,,,,'1,,,,,,,,,,,,,,,,,,,,,,,,,,,,,,,,,,,,g,,,false,,,false,,,false,,,false,,,false,,,false,,,false,,,false,,,false,,,false,,,false,,,false,,,false,,,false,,,false,,,false,,,false,,,false,,,false,,,false,,,false,,,false,,,false,,,false,,,false,,,false,,,false,,,false,,,false,,,false,,,false,,,false,,,false,,,false,,,active
v2-ny-pizza,,,,,,,,,Large,,,,,,,,ICON-45782335095041,0.0,,deny,manual,48.00,,true,true,,,,,,,,,,,,,,,,,,,,,,,,,,,,,,,,,,,,,,,,,,,,,,,,,,,,,,,,,,,,,,,,,,,,,,,,,,,,,,,,,,g,,,,,,,,,,,,,,,,,,,,,,,,,,,,,,,,,,,,,,,,,,,,,,,,,,,,,,,,,,,,,,,,,,,,,,,,,,,,,,,,,,,,,,,,,,,,,,,,,,,,,,,,,
v2-ny-pizza,,,,,,,,,Medium,,,,,,,,ICON-45782335127809,0.0,,deny,manual,24.00,,true,true,,,,,,,,,,,,,,,,,,,,,,,,,,,,,,,,,,,,,,,,,,,,,,,,,,,,,,,,,,,,,,,,,,,,,,,,,,,,,,,,,,g,,,,,,,,,,,,,,,,,,,,,,,,,,,,,,,,,,,,,,,,,,,,,,,,,,,,,,,,,,,,,,,,,,,,,,,,,,,,,,,,,,,,,,,,,,,,,,,,,,,,,,,,,
v2-nugget-dip,Nugget + Dip Embroidered Icon,"",Abbode Embroidery Design,Product Add-Ons > Product Customization,Embroidery Design,"hidden, icon, instant_exclude, revoq-no-withdrawal, webster-live",true,Size,Small,,,,,,,,ICON-45782334963969,0.0,,deny,manual,24.00,,true,true,,,,,,https://cdn.shopify.com/s/files/1/0321/4956/9675/files/download_033a3641-72a4-4350-8df2-6b99a0a88020.png?v=1779839707,1,"",false,,,,,,,,,,,,,,,,,ICON-CU,,,,,,,,,,,,,,,,,,,,'1,,,,,,,,,,,,,,,,,,,,,,,,,,,,,,,,,,,,g,,,false,,,false,,,false,,,false,,,false,,,false,,,false,,,false,,,false,,,false,,,false,,,false,,,false,,,false,,,false,,,false,,,false,,,false,,,false,,,false,,,false,,,false,,,false,,,false,,,false,,,false,,,false,,,false,,,false,,,false,,,false,,,false,,,false,,,false,,,active
v2-nugget-dip,,,,,,,,,Large,,,,,,,,ICON-45782334996737,0.0,,deny,manual,48.00,,true,true,,,,,,,,,,,,,,,,,,,,,,,,,,,,,,,,,,,,,,,,,,,,,,,,,,,,,,,,,,,,,,,,,,,,,,,,,,,,,,,,,,g,,,,,,,,,,,,,,,,,,,,,,,,,,,,,,,,,,,,,,,,,,,,,,,,,,,,,,,,,,,,,,,,,,,,,,,,,,,,,,,,,,,,,,,,,,,,,,,,,,,,,,,,,
v2-nugget-dip,,,,,,,,,Medium,,,,,,,,ICON-45782335029505,0.0,,deny,manual,24.00,,true,true,,,,,,,,,,,,,,,,,,,,,,,,,,,,,,,,,,,,,,,,,,,,,,,,,,,,,,,,,,,,,,,,,,,,,,,,,,,,,,,,,,g,,,,,,,,,,,,,,,,,,,,,,,,,,,,,,,,,,,,,,,,,,,,,,,,,,,,,,,,,,,,,,,,,,,,,,,,,,,,,,,,,,,,,,,,,,,,,,,,,,,,,,,,,
v2-nail-polish,Nail Polish Embroidered Icon,"",Abbode Embroidery Design,Product Add-Ons > Product Customization,Embroidery Design,"hidden, icon, instant_exclude, revoq-no-withdrawal, webster-live",true,Size,Small,,,,,,,,ICON-45782334865665,0.0,,deny,manual,24.00,,true,true,,,,,,https://cdn.shopify.com/s/files/1/0321/4956/9675/files/download_733c2bf7-6485-43e2-8757-1e0b9e010d30.png?v=1779839707,1,"",false,,,,,,,,,,,,,,,,,ICON-CU,,,,,,,,,,,,,,,,,,,,'1,,,,,,,,,,,,,,,,,,,,,,,,,,,,,,,,,,,,g,,,false,,,false,,,false,,,false,,,false,,,false,,,false,,,false,,,false,,,false,,,false,,,false,,,false,,,false,,,false,,,false,,,false,,,false,,,false,,,false,,,false,,,false,,,false,,,false,,,false,,,false,,,false,,,false,,,false,,,false,,,false,,,false,,,false,,,false,,,active
v2-nail-polish,,,,,,,,,Large,,,,,,,,ICON-45782334898433,0.0,,deny,manual,48.00,,true,true,,,,,,,,,,,,,,,,,,,,,,,,,,,,,,,,,,,,,,,,,,,,,,,,,,,,,,,,,,,,,,,,,,,,,,,,,,,,,,,,,,g,,,,,,,,,,,,,,,,,,,,,,,,,,,,,,,,,,,,,,,,,,,,,,,,,,,,,,,,,,,,,,,,,,,,,,,,,,,,,,,,,,,,,,,,,,,,,,,,,,,,,,,,,
v2-nail-polish,,,,,,,,,Medium,,,,,,,,ICON-45782334931201,0.0,,deny,manual,24.00,,true,true,,,,,,,,,,,,,,,,,,,,,,,,,,,,,,,,,,,,,,,,,,,,,,,,,,,,,,,,,,,,,,,,,,,,,,,,,,,,,,,,,,g,,,,,,,,,,,,,,,,,,,,,,,,,,,,,,,,,,,,,,,,,,,,,,,,,,,,,,,,,,,,,,,,,,,,,,,,,,,,,,,,,,,,,,,,,,,,,,,,,,,,,,,,,
v2-mustard,Mustard Embroidered Icon,"",Abbode Embroidery Design,Product Add-Ons > Product Customization,Embroidery Design,"hidden, icon, instant_exclude, revoq-no-withdrawal, webster-live",true,Size,Small,,,,,,,,ICON-45782334767361,0.0,,deny,manual,24.00,,true,true,,,,,,https://cdn.shopify.com/s/files/1/0321/4956/9675/files/download_a81d4f58-15b0-46f1-95c2-272eca6f5236.png?v=1779839708,1,"",false,,,,,,,,,,,,,,,,,ICON-CU,,,,,,,,,,,,,,,,,,,,'1,,,,,,,,,,,,,,,,,,,,,,,,,,,,,,,,,,,,g,,,false,,,false,,,false,,,false,,,false,,,false,,,false,,,false,,,false,,,false,,,false,,,false,,,false,,,false,,,false,,,false,,,false,,,false,,,false,,,false,,,false,,,false,,,false,,,false,,,false,,,false,,,false,,,false,,,false,,,false,,,false,,,false,,,false,,,false,,,active
v2-mustard,,,,,,,,,Large,,,,,,,,ICON-45782334800129,0.0,,deny,manual,48.00,,true,true,,,,,,,,,,,,,,,,,,,,,,,,,,,,,,,,,,,,,,,,,,,,,,,,,,,,,,,,,,,,,,,,,,,,,,,,,,,,,,,,,,g,,,,,,,,,,,,,,,,,,,,,,,,,,,,,,,,,,,,,,,,,,,,,,,,,,,,,,,,,,,,,,,,,,,,,,,,,,,,,,,,,,,,,,,,,,,,,,,,,,,,,,,,,
v2-mustard,,,,,,,,,Medium,,,,,,,,ICON-45782334832897,0.0,,deny,manual,24.00,,true,true,,,,,,,,,,,,,,,,,,,,,,,,,,,,,,,,,,,,,,,,,,,,,,,,,,,,,,,,,,,,,,,,,,,,,,,,,,,,,,,,,,g,,,,,,,,,,,,,,,,,,,,,,,,,,,,,,,,,,,,,,,,,,,,,,,,,,,,,,,,,,,,,,,,,,,,,,,,,,,,,,,,,,,,,,,,,,,,,,,,,,,,,,,,,
v2-mussel,Mussel Embroidered Icon,"",Abbode Embroidery Design,Product Add-Ons > Product Customization,Embroidery Design,"hidden, icon, instant_exclude, revoq-no-withdrawal, webster-live",true,Size,Small,,,,,,,,ICON-45782334669057,0.0,,deny,manual,24.00,,true,true,,,,,,https://cdn.shopify.com/s/files/1/0321/4956/9675/files/download_236fcfe0-db7d-4773-8647-300f9284b205.png?v=1779840368,1,"",false,,,,,,,,,,,,,,,,,ICON-CU,,,,,,,,,,,,,,,,,,,,'1,,,,,,,,,,,,,,,,,,,,,,,,,,,,,,,,,,,,g,,,false,,,false,,,false,,,false,,,false,,,false,,,false,,,false,,,false,,,false,,,false,,,false,,,false,,,false,,,false,,,false,,,false,,,false,,,false,,,false,,,false,,,false,,,false,,,false,,,false,,,false,,,false,,,false,,,false,,,false,,,false,,,false,,,false,,,false,,,active
v2-mussel,,,,,,,,,Large,,,,,,,,ICON-45782334701825,0.0,,deny,manual,48.00,,true,true,,,,,,,,,,,,,,,,,,,,,,,,,,,,,,,,,,,,,,,,,,,,,,,,,,,,,,,,,,,,,,,,,,,,,,,,,,,,,,,,,,g,,,,,,,,,,,,,,,,,,,,,,,,,,,,,,,,,,,,,,,,,,,,,,,,,,,,,,,,,,,,,,,,,,,,,,,,,,,,,,,,,,,,,,,,,,,,,,,,,,,,,,,,,
v2-mussel,,,,,,,,,Medium,,,,,,,,ICON-45782334734593,0.0,,deny,manual,24.00,,true,true,,,,,,,,,,,,,,,,,,,,,,,,,,,,,,,,,,,,,,,,,,,,,,,,,,,,,,,,,,,,,,,,,,,,,,,,,,,,,,,,,,g,,,,,,,,,,,,,,,,,,,,,,,,,,,,,,,,,,,,,,,,,,,,,,,,,,,,,,,,,,,,,,,,,,,,,,,,,,,,,,,,,,,,,,,,,,,,,,,,,,,,,,,,,
v2-music-note3,Music Note3 Embroidered Icon,"",Abbode Embroidery Design,Product Add-Ons > Product Customization,Embroidery Design,"hidden, icon, instant_exclude, revoq-no-withdrawal, webster-live",true,Size,Small,,,,,,,,ICON-45782334570753,0.0,,deny,manual,24.00,,true,true,,,,,,https://cdn.shopify.com/s/files/1/0321/4956/9675/files/download_51b32c52-6a14-4c6d-99bb-520a24dfd2e8.png?v=1779840367,1,"",false,,,,,,,,,,,,,,,,,ICON-CU,,,,,,,,,,,,,,,,,,,,'1,,,,,,,,,,,,,,,,,,,,,,,,,,,,,,,,,,,,g,,,false,,,false,,,false,,,false,,,false,,,false,,,false,,,false,,,false,,,false,,,false,,,false,,,false,,,false,,,false,,,false,,,false,,,false,,,false,,,false,,,false,,,false,,,false,,,false,,,false,,,false,,,false,,,false,,,false,,,false,,,false,,,false,,,false,,,false,,,active
v2-music-note3,,,,,,,,,Large,,,,,,,,ICON-45782334603521,0.0,,deny,manual,48.00,,true,true,,,,,,,,,,,,,,,,,,,,,,,,,,,,,,,,,,,,,,,,,,,,,,,,,,,,,,,,,,,,,,,,,,,,,,,,,,,,,,,,,,g,,,,,,,,,,,,,,,,,,,,,,,,,,,,,,,,,,,,,,,,,,,,,,,,,,,,,,,,,,,,,,,,,,,,,,,,,,,,,,,,,,,,,,,,,,,,,,,,,,,,,,,,,
v2-music-note3,,,,,,,,,Medium,,,,,,,,ICON-45782334636289,0.0,,deny,manual,24.00,,true,true,,,,,,,,,,,,,,,,,,,,,,,,,,,,,,,,,,,,,,,,,,,,,,,,,,,,,,,,,,,,,,,,,,,,,,,,,,,,,,,,,,g,,,,,,,,,,,,,,,,,,,,,,,,,,,,,,,,,,,,,,,,,,,,,,,,,,,,,,,,,,,,,,,,,,,,,,,,,,,,,,,,,,,,,,,,,,,,,,,,,,,,,,,,,
v2-music-note2,Music Note2 Embroidered Icon,"",Abbode Embroidery Design,Product Add-Ons > Product Customization,Embroidery Design,"hidden, icon, instant_exclude, revoq-no-withdrawal, webster-live",true,Size,Small,,,,,,,,ICON-45782334472449,0.0,,deny,manual,24.00,,true,true,,,,,,https://cdn.shopify.com/s/files/1/0321/4956/9675/files/download_4946d9a6-6d70-4cad-aaf0-57fe1b147022.png?v=1779840368,1,"",false,,,,,,,,,,,,,,,,,ICON-CU,,,,,,,,,,,,,,,,,,,,'1,,,,,,,,,,,,,,,,,,,,,,,,,,,,,,,,,,,,g,,,false,,,false,,,false,,,false,,,false,,,false,,,false,,,false,,,false,,,false,,,false,,,false,,,false,,,false,,,false,,,false,,,false,,,false,,,false,,,false,,,false,,,false,,,false,,,false,,,false,,,false,,,false,,,false,,,false,,,false,,,false,,,false,,,false,,,false,,,active
v2-music-note2,,,,,,,,,Large,,,,,,,,ICON-45782334505217,0.0,,deny,manual,48.00,,true,true,,,,,,,,,,,,,,,,,,,,,,,,,,,,,,,,,,,,,,,,,,,,,,,,,,,,,,,,,,,,,,,,,,,,,,,,,,,,,,,,,,g,,,,,,,,,,,,,,,,,,,,,,,,,,,,,,,,,,,,,,,,,,,,,,,,,,,,,,,,,,,,,,,,,,,,,,,,,,,,,,,,,,,,,,,,,,,,,,,,,,,,,,,,,
v2-music-note2,,,,,,,,,Medium,,,,,,,,ICON-45782334537985,0.0,,deny,manual,24.00,,true,true,,,,,,,,,,,,,,,,,,,,,,,,,,,,,,,,,,,,,,,,,,,,,,,,,,,,,,,,,,,,,,,,,,,,,,,,,,,,,,,,,,g,,,,,,,,,,,,,,,,,,,,,,,,,,,,,,,,,,,,,,,,,,,,,,,,,,,,,,,,,,,,,,,,,,,,,,,,,,,,,,,,,,,,,,,,,,,,,,,,,,,,,,,,,
v2-music-note1,Music Note1 Embroidered Icon,"",Abbode Embroidery Design,Product Add-Ons > Product Customization,Embroidery Design,"hidden, icon, instant_exclude, revoq-no-withdrawal, webster-live",true,Size,Small,,,,,,,,ICON-45782334374145,0.0,,deny,manual,24.00,,true,true,,,,,,https://cdn.shopify.com/s/files/1/0321/4956/9675/files/download_fbeb9977-228e-4b07-90db-2678c4f873fc.png?v=1779840368,1,"",false,,,,,,,,,,,,,,,,,ICON-CU,,,,,,,,,,,,,,,,,,,,'1,,,,,,,,,,,,,,,,,,,,,,,,,,,,,,,,,,,,g,,,false,,,false,,,false,,,false,,,false,,,false,,,false,,,false,,,false,,,false,,,false,,,false,,,false,,,false,,,false,,,false,,,false,,,false,,,false,,,false,,,false,,,false,,,false,,,false,,,false,,,false,,,false,,,false,,,false,,,false,,,false,,,false,,,false,,,false,,,active
v2-music-note1,,,,,,,,,Large,,,,,,,,ICON-45782334406913,0.0,,deny,manual,48.00,,true,true,,,,,,,,,,,,,,,,,,,,,,,,,,,,,,,,,,,,,,,,,,,,,,,,,,,,,,,,,,,,,,,,,,,,,,,,,,,,,,,,,,g,,,,,,,,,,,,,,,,,,,,,,,,,,,,,,,,,,,,,,,,,,,,,,,,,,,,,,,,,,,,,,,,,,,,,,,,,,,,,,,,,,,,,,,,,,,,,,,,,,,,,,,,,
v2-music-note1,,,,,,,,,Medium,,,,,,,,ICON-45782334439681,0.0,,deny,manual,24.00,,true,true,,,,,,,,,,,,,,,,,,,,,,,,,,,,,,,,,,,,,,,,,,,,,,,,,,,,,,,,,,,,,,,,,,,,,,,,,,,,,,,,,,g,,,,,,,,,,,,,,,,,,,,,,,,,,,,,,,,,,,,,,,,,,,,,,,,,,,,,,,,,,,,,,,,,,,,,,,,,,,,,,,,,,,,,,,,,,,,,,,,,,,,,,,,,
v2-metrocard-1,Metrocard 1 Embroidered Icon,"",Abbode Embroidery Design,Product Add-Ons > Product Customization,Embroidery Design,"hidden, icon, instant_exclude, revoq-no-withdrawal, webster-live",true,Size,Small,,,,,,,,ICON-45782334112001,0.0,,deny,manual,24.00,,true,true,,,,,,https://cdn.shopify.com/s/files/1/0321/4956/9675/files/download_8ac5b325-e873-4233-ae6a-ba80596bd7f5.png?v=1779840368,1,"",false,,,,,,,,,,,,,,,,,ICON-CU,,,,,,,,,,,,,,,,,,,,'1,,,,,,,,,,,,,,,,,,,,,,,,,,,,,,,,,,,,g,,,false,,,false,,,false,,,false,,,false,,,false,,,false,,,false,,,false,,,false,,,false,,,false,,,false,,,false,,,false,,,false,,,false,,,false,,,false,,,false,,,false,,,false,,,false,,,false,,,false,,,false,,,false,,,false,,,false,,,false,,,false,,,false,,,false,,,false,,,active
v2-metrocard-1,,,,,,,,,Large,,,,,,,,ICON-45782334144769,0.0,,deny,manual,48.00,,true,true,,,,,,,,,,,,,,,,,,,,,,,,,,,,,,,,,,,,,,,,,,,,,,,,,,,,,,,,,,,,,,,,,,,,,,,,,,,,,,,,,,g,,,,,,,,,,,,,,,,,,,,,,,,,,,,,,,,,,,,,,,,,,,,,,,,,,,,,,,,,,,,,,,,,,,,,,,,,,,,,,,,,,,,,,,,,,,,,,,,,,,,,,,,,
v2-metrocard-1,,,,,,,,,Medium,,,,,,,,ICON-45782334177537,0.0,,deny,manual,24.00,,true,true,,,,,,,,,,,,,,,,,,,,,,,,,,,,,,,,,,,,,,,,,,,,,,,,,,,,,,,,,,,,,,,,,,,,,,,,,,,,,,,,,,g,,,,,,,,,,,,,,,,,,,,,,,,,,,,,,,,,,,,,,,,,,,,,,,,,,,,,,,,,,,,,,,,,,,,,,,,,,,,,,,,,,,,,,,,,,,,,,,,,,,,,,,,,
v2-matches,Matches Embroidered Icon,"",Abbode Embroidery Design,Product Add-Ons > Product Customization,Embroidery Design,"hidden, icon, instant_exclude, revoq-no-withdrawal, webster-live",true,Size,Small,,,,,,,,ICON-45782334013697,0.0,,deny,manual,24.00,,true,true,,,,,,https://cdn.shopify.com/s/files/1/0321/4956/9675/files/download_5add761c-d5af-4879-b129-eff5095fccfe.png?v=1779840367,1,"",false,,,,,,,,,,,,,,,,,ICON-CU,,,,,,,,,,,,,,,,,,,,'1,,,,,,,,,,,,,,,,,,,,,,,,,,,,,,,,,,,,g,,,false,,,false,,,false,,,false,,,false,,,false,,,false,,,false,,,false,,,false,,,false,,,false,,,false,,,false,,,false,,,false,,,false,,,false,,,false,,,false,,,false,,,false,,,false,,,false,,,false,,,false,,,false,,,false,,,false,,,false,,,false,,,false,,,false,,,false,,,active
v2-matches,,,,,,,,,Large,,,,,,,,ICON-45782334046465,0.0,,deny,manual,48.00,,true,true,,,,,,,,,,,,,,,,,,,,,,,,,,,,,,,,,,,,,,,,,,,,,,,,,,,,,,,,,,,,,,,,,,,,,,,,,,,,,,,,,,g,,,,,,,,,,,,,,,,,,,,,,,,,,,,,,,,,,,,,,,,,,,,,,,,,,,,,,,,,,,,,,,,,,,,,,,,,,,,,,,,,,,,,,,,,,,,,,,,,,,,,,,,,
v2-matches,,,,,,,,,Medium,,,,,,,,ICON-45782334079233,0.0,,deny,manual,24.00,,true,true,,,,,,,,,,,,,,,,,,,,,,,,,,,,,,,,,,,,,,,,,,,,,,,,,,,,,,,,,,,,,,,,,,,,,,,,,,,,,,,,,,g,,,,,,,,,,,,,,,,,,,,,,,,,,,,,,,,,,,,,,,,,,,,,,,,,,,,,,,,,,,,,,,,,,,,,,,,,,,,,,,,,,,,,,,,,,,,,,,,,,,,,,,,,
v2-locket-outline,Locket Outline Embroidered Icon,"",Abbode Embroidery Design,Product Add-Ons > Product Customization,Embroidery Design,"hidden, icon, instant_exclude, revoq-no-withdrawal, webster-live",true,Size,Small,,,,,,,,ICON-45782333915393,0.0,,deny,manual,24.00,,true,true,,,,,,https://cdn.shopify.com/s/files/1/0321/4956/9675/files/download_44fff2ce-637f-4cc9-8dee-dc0813c914e8.png?v=1779840368,1,"",false,,,,,,,,,,,,,,,,,ICON-CU,,,,,,,,,,,,,,,,,,,,'1,,,,,,,,,,,,,,,,,,,,,,,,,,,,,,,,,,,,g,,,false,,,false,,,false,,,false,,,false,,,false,,,false,,,false,,,false,,,false,,,false,,,false,,,false,,,false,,,false,,,false,,,false,,,false,,,false,,,false,,,false,,,false,,,false,,,false,,,false,,,false,,,false,,,false,,,false,,,false,,,false,,,false,,,false,,,false,,,active
v2-locket-outline,,,,,,,,,Large,,,,,,,,ICON-45782333948161,0.0,,deny,manual,48.00,,true,true,,,,,,,,,,,,,,,,,,,,,,,,,,,,,,,,,,,,,,,,,,,,,,,,,,,,,,,,,,,,,,,,,,,,,,,,,,,,,,,,,,g,,,,,,,,,,,,,,,,,,,,,,,,,,,,,,,,,,,,,,,,,,,,,,,,,,,,,,,,,,,,,,,,,,,,,,,,,,,,,,,,,,,,,,,,,,,,,,,,,,,,,,,,,
v2-locket-outline,,,,,,,,,Medium,,,,,,,,ICON-45782333980929,0.0,,deny,manual,24.00,,true,true,,,,,,,,,,,,,,,,,,,,,,,,,,,,,,,,,,,,,,,,,,,,,,,,,,,,,,,,,,,,,,,,,,,,,,,,,,,,,,,,,,g,,,,,,,,,,,,,,,,,,,,,,,,,,,,,,,,,,,,,,,,,,,,,,,,,,,,,,,,,,,,,,,,,,,,,,,,,,,,,,,,,,,,,,,,,,,,,,,,,,,,,,,,,
v2-locket-outline-bow,Locket Outline Bow Embroidered Icon,"",Abbode Embroidery Design,Product Add-Ons > Product Customization,Embroidery Design,"hidden, icon, instant_exclude, revoq-no-withdrawal, webster-live",true,Size,Small,,,,,,,,ICON-45782333817089,0.0,,deny,manual,24.00,,true,true,,,,,,https://cdn.shopify.com/s/files/1/0321/4956/9675/files/download_899b109e-5413-4a30-b58d-70ac342738ba.png?v=1779840368,1,"",false,,,,,,,,,,,,,,,,,ICON-CU,,,,,,,,,,,,,,,,,,,,'1,,,,,,,,,,,,,,,,,,,,,,,,,,,,,,,,,,,,g,,,false,,,false,,,false,,,false,,,false,,,false,,,false,,,false,,,false,,,false,,,false,,,false,,,false,,,false,,,false,,,false,,,false,,,false,,,false,,,false,,,false,,,false,,,false,,,false,,,false,,,false,,,false,,,false,,,false,,,false,,,false,,,false,,,false,,,false,,,active
v2-locket-outline-bow,,,,,,,,,Large,,,,,,,,ICON-45782333849857,0.0,,deny,manual,48.00,,true,true,,,,,,,,,,,,,,,,,,,,,,,,,,,,,,,,,,,,,,,,,,,,,,,,,,,,,,,,,,,,,,,,,,,,,,,,,,,,,,,,,,g,,,,,,,,,,,,,,,,,,,,,,,,,,,,,,,,,,,,,,,,,,,,,,,,,,,,,,,,,,,,,,,,,,,,,,,,,,,,,,,,,,,,,,,,,,,,,,,,,,,,,,,,,
v2-locket-outline-bow,,,,,,,,,Medium,,,,,,,,ICON-45782333882625,0.0,,deny,manual,24.00,,true,true,,,,,,,,,,,,,,,,,,,,,,,,,,,,,,,,,,,,,,,,,,,,,,,,,,,,,,,,,,,,,,,,,,,,,,,,,,,,,,,,,,g,,,,,,,,,,,,,,,,,,,,,,,,,,,,,,,,,,,,,,,,,,,,,,,,,,,,,,,,,,,,,,,,,,,,,,,,,,,,,,,,,,,,,,,,,,,,,,,,,,,,,,,,,
v2-locket-filled,Locket Filled Embroidered Icon,"",Abbode Embroidery Design,Product Add-Ons > Product Customization,Embroidery Design,"hidden, icon, instant_exclude, revoq-no-withdrawal, webster-live",true,Size,Small,,,,,,,,ICON-45782333718785,0.0,,deny,manual,24.00,,true,true,,,,,,https://cdn.shopify.com/s/files/1/0321/4956/9675/files/download_1a4eccf2-6f24-407d-97aa-33e84b7bb631.png?v=1779840368,1,"",false,,,,,,,,,,,,,,,,,ICON-CU,,,,,,,,,,,,,,,,,,,,'1,,,,,,,,,,,,,,,,,,,,,,,,,,,,,,,,,,,,g,,,false,,,false,,,false,,,false,,,false,,,false,,,false,,,false,,,false,,,false,,,false,,,false,,,false,,,false,,,false,,,false,,,false,,,false,,,false,,,false,,,false,,,false,,,false,,,false,,,false,,,false,,,false,,,false,,,false,,,false,,,false,,,false,,,false,,,false,,,active
v2-locket-filled,,,,,,,,,Large,,,,,,,,ICON-45782333751553,0.0,,deny,manual,48.00,,true,true,,,,,,,,,,,,,,,,,,,,,,,,,,,,,,,,,,,,,,,,,,,,,,,,,,,,,,,,,,,,,,,,,,,,,,,,,,,,,,,,,,g,,,,,,,,,,,,,,,,,,,,,,,,,,,,,,,,,,,,,,,,,,,,,,,,,,,,,,,,,,,,,,,,,,,,,,,,,,,,,,,,,,,,,,,,,,,,,,,,,,,,,,,,,
v2-locket-filled,,,,,,,,,Medium,,,,,,,,ICON-45782333784321,0.0,,deny,manual,24.00,,true,true,,,,,,,,,,,,,,,,,,,,,,,,,,,,,,,,,,,,,,,,,,,,,,,,,,,,,,,,,,,,,,,,,,,,,,,,,,,,,,,,,,g,,,,,,,,,,,,,,,,,,,,,,,,,,,,,,,,,,,,,,,,,,,,,,,,,,,,,,,,,,,,,,,,,,,,,,,,,,,,,,,,,,,,,,,,,,,,,,,,,,,,,,,,,
v2-locket-filled-bow,Locket Filled Bow Embroidered Icon,"",Abbode Embroidery Design,Product Add-Ons > Product Customization,Embroidery Design,"hidden, icon, instant_exclude, revoq-no-withdrawal, webster-live",true,Size,Small,,,,,,,,ICON-45782333620481,0.0,,deny,manual,24.00,,true,true,,,,,,https://cdn.shopify.com/s/files/1/0321/4956/9675/files/download_de08cf45-a27b-4100-b978-13022f06443a.png?v=1779840368,1,"",false,,,,,,,,,,,,,,,,,ICON-CU,,,,,,,,,,,,,,,,,,,,'1,,,,,,,,,,,,,,,,,,,,,,,,,,,,,,,,,,,,g,,,false,,,false,,,false,,,false,,,false,,,false,,,false,,,false,,,false,,,false,,,false,,,false,,,false,,,false,,,false,,,false,,,false,,,false,,,false,,,false,,,false,,,false,,,false,,,false,,,false,,,false,,,false,,,false,,,false,,,false,,,false,,,false,,,false,,,false,,,active
v2-locket-filled-bow,,,,,,,,,Large,,,,,,,,ICON-45782333653249,0.0,,deny,manual,48.00,,true,true,,,,,,,,,,,,,,,,,,,,,,,,,,,,,,,,,,,,,,,,,,,,,,,,,,,,,,,,,,,,,,,,,,,,,,,,,,,,,,,,,,g,,,,,,,,,,,,,,,,,,,,,,,,,,,,,,,,,,,,,,,,,,,,,,,,,,,,,,,,,,,,,,,,,,,,,,,,,,,,,,,,,,,,,,,,,,,,,,,,,,,,,,,,,
v2-locket-filled-bow,,,,,,,,,Medium,,,,,,,,ICON-45782333686017,0.0,,deny,manual,24.00,,true,true,,,,,,,,,,,,,,,,,,,,,,,,,,,,,,,,,,,,,,,,,,,,,,,,,,,,,,,,,,,,,,,,,,,,,,,,,,,,,,,,,,g,,,,,,,,,,,,,,,,,,,,,,,,,,,,,,,,,,,,,,,,,,,,,,,,,,,,,,,,,,,,,,,,,,,,,,,,,,,,,,,,,,,,,,,,,,,,,,,,,,,,,,,,,
v2-lobster,Lobster Embroidered Icon,"",Abbode Embroidery Design,Product Add-Ons > Product Customization,Embroidery Design,"hidden, icon, instant_exclude, revoq-no-withdrawal, webster-live",true,Size,Small,,,,,,,,ICON-45782333522177,0.0,,deny,manual,24.00,,true,true,,,,,,https://cdn.shopify.com/s/files/1/0321/4956/9675/files/download_e850e578-2b8c-489a-932d-f6104eaf518c.png?v=1779840367,1,"",false,,,,,,,,,,,,,,,,,ICON-CU,,,,,,,,,,,,,,,,,,,,'1,,,,,,,,,,,,,,,,,,,,,,,,,,,,,,,,,,,,g,,,false,,,false,,,false,,,false,,,false,,,false,,,false,,,false,,,false,,,false,,,false,,,false,,,false,,,false,,,false,,,false,,,false,,,false,,,false,,,false,,,false,,,false,,,false,,,false,,,false,,,false,,,false,,,false,,,false,,,false,,,false,,,false,,,false,,,false,,,active
v2-lobster,,,,,,,,,Large,,,,,,,,ICON-45782333554945,0.0,,deny,manual,48.00,,true,true,,,,,,,,,,,,,,,,,,,,,,,,,,,,,,,,,,,,,,,,,,,,,,,,,,,,,,,,,,,,,,,,,,,,,,,,,,,,,,,,,,g,,,,,,,,,,,,,,,,,,,,,,,,,,,,,,,,,,,,,,,,,,,,,,,,,,,,,,,,,,,,,,,,,,,,,,,,,,,,,,,,,,,,,,,,,,,,,,,,,,,,,,,,,
v2-lobster,,,,,,,,,Medium,,,,,,,,ICON-45782333587713,0.0,,deny,manual,24.00,,true,true,,,,,,,,,,,,,,,,,,,,,,,,,,,,,,,,,,,,,,,,,,,,,,,,,,,,,,,,,,,,,,,,,,,,,,,,,,,,,,,,,,g,,,,,,,,,,,,,,,,,,,,,,,,,,,,,,,,,,,,,,,,,,,,,,,,,,,,,,,,,,,,,,,,,,,,,,,,,,,,,,,,,,,,,,,,,,,,,,,,,,,,,,,,,
v2-lips2,Lips2 Embroidered Icon,"",Abbode Embroidery Design,Product Add-Ons > Product Customization,Embroidery Design,"hidden, icon, instant_exclude, revoq-no-withdrawal, webster-live",true,Size,Small,,,,,,,,ICON-45782333358337,0.0,,deny,manual,24.00,,true,true,,,,,,https://cdn.shopify.com/s/files/1/0321/4956/9675/files/download_eda6c1f2-41ff-449d-8a8c-2a947f0f5820.png?v=1779840368,1,"",false,,,,,,,,,,,,,,,,,ICON-CU,,,,,,,,,,,,,,,,,,,,'1,,,,,,,,,,,,,,,,,,,,,,,,,,,,,,,,,,,,g,,,false,,,false,,,false,,,false,,,false,,,false,,,false,,,false,,,false,,,false,,,false,,,false,,,false,,,false,,,false,,,false,,,false,,,false,,,false,,,false,,,false,,,false,,,false,,,false,,,false,,,false,,,false,,,false,,,false,,,false,,,false,,,false,,,false,,,false,,,active
v2-lips2,,,,,,,,,Large,,,,,,,,ICON-45782333391105,0.0,,deny,manual,48.00,,true,true,,,,,,,,,,,,,,,,,,,,,,,,,,,,,,,,,,,,,,,,,,,,,,,,,,,,,,,,,,,,,,,,,,,,,,,,,,,,,,,,,,g,,,,,,,,,,,,,,,,,,,,,,,,,,,,,,,,,,,,,,,,,,,,,,,,,,,,,,,,,,,,,,,,,,,,,,,,,,,,,,,,,,,,,,,,,,,,,,,,,,,,,,,,,
v2-lips2,,,,,,,,,Medium,,,,,,,,ICON-45782333423873,0.0,,deny,manual,24.00,,true,true,,,,,,,,,,,,,,,,,,,,,,,,,,,,,,,,,,,,,,,,,,,,,,,,,,,,,,,,,,,,,,,,,,,,,,,,,,,,,,,,,,g,,,,,,,,,,,,,,,,,,,,,,,,,,,,,,,,,,,,,,,,,,,,,,,,,,,,,,,,,,,,,,,,,,,,,,,,,,,,,,,,,,,,,,,,,,,,,,,,,,,,,,,,,
v2-lips,Lips Embroidered Icon,"",Abbode Embroidery Design,Product Add-Ons > Product Customization,Embroidery Design,"hidden, icon, instant_exclude, revoq-no-withdrawal, webster-live",true,Size,Small,,,,,,,,ICON-45782333194497,0.0,,deny,manual,24.00,,true,true,,,,,,https://cdn.shopify.com/s/files/1/0321/4956/9675/files/download_22342664-b795-4707-bef2-5064fef8cdbb.png?v=1779840368,1,"",false,,,,,,,,,,,,,,,,,ICON-CU,,,,,,,,,,,,,,,,,,,,'1,,,,,,,,,,,,,,,,,,,,,,,,,,,,,,,,,,,,g,,,false,,,false,,,false,,,false,,,false,,,false,,,false,,,false,,,false,,,false,,,false,,,false,,,false,,,false,,,false,,,false,,,false,,,false,,,false,,,false,,,false,,,false,,,false,,,false,,,false,,,false,,,false,,,false,,,false,,,false,,,false,,,false,,,false,,,false,,,active
v2-lips,,,,,,,,,Large,,,,,,,,ICON-45782333227265,0.0,,deny,manual,48.00,,true,true,,,,,,,,,,,,,,,,,,,,,,,,,,,,,,,,,,,,,,,,,,,,,,,,,,,,,,,,,,,,,,,,,,,,,,,,,,,,,,,,,,g,,,,,,,,,,,,,,,,,,,,,,,,,,,,,,,,,,,,,,,,,,,,,,,,,,,,,,,,,,,,,,,,,,,,,,,,,,,,,,,,,,,,,,,,,,,,,,,,,,,,,,,,,
v2-lips,,,,,,,,,Medium,,,,,,,,ICON-45782333260033,0.0,,deny,manual,24.00,,true,true,,,,,,,,,,,,,,,,,,,,,,,,,,,,,,,,,,,,,,,,,,,,,,,,,,,,,,,,,,,,,,,,,,,,,,,,,,,,,,,,,,g,,,,,,,,,,,,,,,,,,,,,,,,,,,,,,,,,,,,,,,,,,,,,,,,,,,,,,,,,,,,,,,,,,,,,,,,,,,,,,,,,,,,,,,,,,,,,,,,,,,,,,,,,
v2-lip-filler,Lip Filler Embroidered Icon,"",Abbode Embroidery Design,Product Add-Ons > Product Customization,Embroidery Design,"hidden, icon, instant_exclude, revoq-no-withdrawal, webster-live",true,Size,Small,,,,,,,,ICON-45782333096193,0.0,,deny,manual,24.00,,true,true,,,,,,https://cdn.shopify.com/s/files/1/0321/4956/9675/files/download_42e32c0e-a2c3-4e0d-9da6-9f8b2e97fb63.png?v=1779840368,1,"",false,,,,,,,,,,,,,,,,,ICON-CU,,,,,,,,,,,,,,,,,,,,'1,,,,,,,,,,,,,,,,,,,,,,,,,,,,,,,,,,,,g,,,false,,,false,,,false,,,false,,,false,,,false,,,false,,,false,,,false,,,false,,,false,,,false,,,false,,,false,,,false,,,false,,,false,,,false,,,false,,,false,,,false,,,false,,,false,,,false,,,false,,,false,,,false,,,false,,,false,,,false,,,false,,,false,,,false,,,false,,,active
v2-lip-filler,,,,,,,,,Large,,,,,,,,ICON-45782333128961,0.0,,deny,manual,48.00,,true,true,,,,,,,,,,,,,,,,,,,,,,,,,,,,,,,,,,,,,,,,,,,,,,,,,,,,,,,,,,,,,,,,,,,,,,,,,,,,,,,,,,g,,,,,,,,,,,,,,,,,,,,,,,,,,,,,,,,,,,,,,,,,,,,,,,,,,,,,,,,,,,,,,,,,,,,,,,,,,,,,,,,,,,,,,,,,,,,,,,,,,,,,,,,,
v2-lip-filler,,,,,,,,,Medium,,,,,,,,ICON-45782333161729,0.0,,deny,manual,24.00,,true,true,,,,,,,,,,,,,,,,,,,,,,,,,,,,,,,,,,,,,,,,,,,,,,,,,,,,,,,,,,,,,,,,,,,,,,,,,,,,,,,,,,g,,,,,,,,,,,,,,,,,,,,,,,,,,,,,,,,,,,,,,,,,,,,,,,,,,,,,,,,,,,,,,,,,,,,,,,,,,,,,,,,,,,,,,,,,,,,,,,,,,,,,,,,,
v2-lime-slice,Lime Slice Embroidered Icon,"",Abbode Embroidery Design,Product Add-Ons > Product Customization,Embroidery Design,"hidden, icon, instant_exclude, revoq-no-withdrawal, webster-live",true,Size,Small,,,,,,,,ICON-45782332997889,0.0,,deny,manual,24.00,,true,true,,,,,,https://cdn.shopify.com/s/files/1/0321/4956/9675/files/download_b8f30cad-8597-4ea6-8ed1-f5503283f256.png?v=1779840369,1,"",false,,,,,,,,,,,,,,,,,ICON-CU,,,,,,,,,,,,,,,,,,,,'1,,,,,,,,,,,,,,,,,,,,,,,,,,,,,,,,,,,,g,,,false,,,false,,,false,,,false,,,false,,,false,,,false,,,false,,,false,,,false,,,false,,,false,,,false,,,false,,,false,,,false,,,false,,,false,,,false,,,false,,,false,,,false,,,false,,,false,,,false,,,false,,,false,,,false,,,false,,,false,,,false,,,false,,,false,,,false,,,active
v2-lime-slice,,,,,,,,,Large,,,,,,,,ICON-45782333030657,0.0,,deny,manual,48.00,,true,true,,,,,,,,,,,,,,,,,,,,,,,,,,,,,,,,,,,,,,,,,,,,,,,,,,,,,,,,,,,,,,,,,,,,,,,,,,,,,,,,,,g,,,,,,,,,,,,,,,,,,,,,,,,,,,,,,,,,,,,,,,,,,,,,,,,,,,,,,,,,,,,,,,,,,,,,,,,,,,,,,,,,,,,,,,,,,,,,,,,,,,,,,,,,
v2-lime-slice,,,,,,,,,Medium,,,,,,,,ICON-45782333063425,0.0,,deny,manual,24.00,,true,true,,,,,,,,,,,,,,,,,,,,,,,,,,,,,,,,,,,,,,,,,,,,,,,,,,,,,,,,,,,,,,,,,,,,,,,,,,,,,,,,,,g,,,,,,,,,,,,,,,,,,,,,,,,,,,,,,,,,,,,,,,,,,,,,,,,,,,,,,,,,,,,,,,,,,,,,,,,,,,,,,,,,,,,,,,,,,,,,,,,,,,,,,,,,
v2-lighter,Pink Lighter Embroidered Icon,"",Abbode Embroidery Design,Product Add-Ons > Product Customization,Embroidery Design,"hidden, icon, instant_exclude, revoq-no-withdrawal, webster-live",true,Size,Small,,,,,,,,ICON-45782332899585,0.0,,deny,manual,24.00,,true,true,,,,,,https://cdn.shopify.com/s/files/1/0321/4956/9675/files/download_ff1f9d05-6062-4f38-ba12-89789976b3a7.png?v=1779840368,1,"",false,,,,,,,,,,,,,,,,,ICON-CU,,,,,,,,,,,,,,,,,,,,'1,,,,,,,,,,,,,,,,,,,,,,,,,,,,,,,,,,,,g,,,false,,,false,,,false,,,false,,,false,,,false,,,false,,,false,,,false,,,false,,,false,,,false,,,false,,,false,,,false,,,false,,,false,,,false,,,false,,,false,,,false,,,false,,,false,,,false,,,false,,,false,,,false,,,false,,,false,,,false,,,false,,,false,,,false,,,false,,,active
v2-lighter,,,,,,,,,Large,,,,,,,,ICON-45782332932353,0.0,,deny,manual,48.00,,true,true,,,,,,,,,,,,,,,,,,,,,,,,,,,,,,,,,,,,,,,,,,,,,,,,,,,,,,,,,,,,,,,,,,,,,,,,,,,,,,,,,,g,,,,,,,,,,,,,,,,,,,,,,,,,,,,,,,,,,,,,,,,,,,,,,,,,,,,,,,,,,,,,,,,,,,,,,,,,,,,,,,,,,,,,,,,,,,,,,,,,,,,,,,,,
v2-lighter,,,,,,,,,Medium,,,,,,,,ICON-45782332965121,0.0,,deny,manual,24.00,,true,true,,,,,,,,,,,,,,,,,,,,,,,,,,,,,,,,,,,,,,,,,,,,,,,,,,,,,,,,,,,,,,,,,,,,,,,,,,,,,,,,,,g,,,,,,,,,,,,,,,,,,,,,,,,,,,,,,,,,,,,,,,,,,,,,,,,,,,,,,,,,,,,,,,,,,,,,,,,,,,,,,,,,,,,,,,,,,,,,,,,,,,,,,,,,
v2-liberty1,Liberty1 Embroidered Icon,"",Abbode Embroidery Design,Product Add-Ons > Product Customization,Embroidery Design,"hidden, icon, instant_exclude, revoq-no-withdrawal, webster-live",true,Size,Small,,,,,,,,ICON-45782332801281,0.0,,deny,manual,24.00,,true,true,,,,,,https://cdn.shopify.com/s/files/1/0321/4956/9675/files/download_816808e2-5946-4616-b62f-33850905499e.png?v=1779840368,1,"",false,,,,,,,,,,,,,,,,,ICON-CU,,,,,,,,,,,,,,,,,,,,'1,,,,,,,,,,,,,,,,,,,,,,,,,,,,,,,,,,,,g,,,false,,,false,,,false,,,false,,,false,,,false,,,false,,,false,,,false,,,false,,,false,,,false,,,false,,,false,,,false,,,false,,,false,,,false,,,false,,,false,,,false,,,false,,,false,,,false,,,false,,,false,,,false,,,false,,,false,,,false,,,false,,,false,,,false,,,false,,,active
v2-liberty1,,,,,,,,,Large,,,,,,,,ICON-45782332834049,0.0,,deny,manual,48.00,,true,true,,,,,,,,,,,,,,,,,,,,,,,,,,,,,,,,,,,,,,,,,,,,,,,,,,,,,,,,,,,,,,,,,,,,,,,,,,,,,,,,,,g,,,,,,,,,,,,,,,,,,,,,,,,,,,,,,,,,,,,,,,,,,,,,,,,,,,,,,,,,,,,,,,,,,,,,,,,,,,,,,,,,,,,,,,,,,,,,,,,,,,,,,,,,
v2-liberty1,,,,,,,,,Medium,,,,,,,,ICON-45782332866817,0.0,,deny,manual,24.00,,true,true,,,,,,,,,,,,,,,,,,,,,,,,,,,,,,,,,,,,,,,,,,,,,,,,,,,,,,,,,,,,,,,,,,,,,,,,,,,,,,,,,,g,,,,,,,,,,,,,,,,,,,,,,,,,,,,,,,,,,,,,,,,,,,,,,,,,,,,,,,,,,,,,,,,,,,,,,,,,,,,,,,,,,,,,,,,,,,,,,,,,,,,,,,,,
v2-liberty-2,Liberty 2 Embroidered Icon,"",Abbode Embroidery Design,Product Add-Ons > Product Customization,Embroidery Design,"hidden, icon, instant_exclude, revoq-no-withdrawal, webster-live",true,Size,Small,,,,,,,,ICON-45782332702977,0.0,,deny,manual,24.00,,true,true,,,,,,https://cdn.shopify.com/s/files/1/0321/4956/9675/files/download_7c59cda8-4678-40a9-8184-5b641fe2b86f.png?v=1779840369,1,"",false,,,,,,,,,,,,,,,,,ICON-CU,,,,,,,,,,,,,,,,,,,,'1,,,,,,,,,,,,,,,,,,,,,,,,,,,,,,,,,,,,g,,,false,,,false,,,false,,,false,,,false,,,false,,,false,,,false,,,false,,,false,,,false,,,false,,,false,,,false,,,false,,,false,,,false,,,false,,,false,,,false,,,false,,,false,,,false,,,false,,,false,,,false,,,false,,,false,,,false,,,false,,,false,,,false,,,false,,,false,,,active
v2-liberty-2,,,,,,,,,Large,,,,,,,,ICON-45782332735745,0.0,,deny,manual,48.00,,true,true,,,,,,,,,,,,,,,,,,,,,,,,,,,,,,,,,,,,,,,,,,,,,,,,,,,,,,,,,,,,,,,,,,,,,,,,,,,,,,,,,,g,,,,,,,,,,,,,,,,,,,,,,,,,,,,,,,,,,,,,,,,,,,,,,,,,,,,,,,,,,,,,,,,,,,,,,,,,,,,,,,,,,,,,,,,,,,,,,,,,,,,,,,,,
v2-liberty-2,,,,,,,,,Medium,,,,,,,,ICON-45782332768513,0.0,,deny,manual,24.00,,true,true,,,,,,,,,,,,,,,,,,,,,,,,,,,,,,,,,,,,,,,,,,,,,,,,,,,,,,,,,,,,,,,,,,,,,,,,,,,,,,,,,,g,,,,,,,,,,,,,,,,,,,,,,,,,,,,,,,,,,,,,,,,,,,,,,,,,,,,,,,,,,,,,,,,,,,,,,,,,,,,,,,,,,,,,,,,,,,,,,,,,,,,,,,,,
v2-lemon-slice,Lemon Slice Embroidered Icon,"",Abbode Embroidery Design,Product Add-Ons > Product Customization,Embroidery Design,"hidden, icon, instant_exclude, revoq-no-withdrawal, webster-live",true,Size,Small,,,,,,,,ICON-45782332604673,0.0,,deny,manual,24.00,,true,true,,,,,,https://cdn.shopify.com/s/files/1/0321/4956/9675/files/download_23fb86f5-6a15-4f58-9d8d-6d7f8982cba7.png?v=1779840369,1,"",false,,,,,,,,,,,,,,,,,ICON-CU,,,,,,,,,,,,,,,,,,,,'1,,,,,,,,,,,,,,,,,,,,,,,,,,,,,,,,,,,,g,,,false,,,false,,,false,,,false,,,false,,,false,,,false,,,false,,,false,,,false,,,false,,,false,,,false,,,false,,,false,,,false,,,false,,,false,,,false,,,false,,,false,,,false,,,false,,,false,,,false,,,false,,,false,,,false,,,false,,,false,,,false,,,false,,,false,,,false,,,active
v2-lemon-slice,,,,,,,,,Large,,,,,,,,ICON-45782332637441,0.0,,deny,manual,48.00,,true,true,,,,,,,,,,,,,,,,,,,,,,,,,,,,,,,,,,,,,,,,,,,,,,,,,,,,,,,,,,,,,,,,,,,,,,,,,,,,,,,,,,g,,,,,,,,,,,,,,,,,,,,,,,,,,,,,,,,,,,,,,,,,,,,,,,,,,,,,,,,,,,,,,,,,,,,,,,,,,,,,,,,,,,,,,,,,,,,,,,,,,,,,,,,,
v2-lemon-slice,,,,,,,,,Medium,,,,,,,,ICON-45782332670209,0.0,,deny,manual,24.00,,true,true,,,,,,,,,,,,,,,,,,,,,,,,,,,,,,,,,,,,,,,,,,,,,,,,,,,,,,,,,,,,,,,,,,,,,,,,,,,,,,,,,,g,,,,,,,,,,,,,,,,,,,,,,,,,,,,,,,,,,,,,,,,,,,,,,,,,,,,,,,,,,,,,,,,,,,,,,,,,,,,,,,,,,,,,,,,,,,,,,,,,,,,,,,,,
v2-lemon,Lemon Embroidered Icon,"",Abbode Embroidery Design,Product Add-Ons > Product Customization,Embroidery Design,"hidden, icon, instant_exclude, revoq-no-withdrawal, webster-live",true,Size,Small,,,,,,,,ICON-45782332506369,0.0,,deny,manual,24.00,,true,true,,,,,,https://cdn.shopify.com/s/files/1/0321/4956/9675/files/download_2cef4901-73a0-45b2-8d6c-dc4d34aa10e6.png?v=1779840368,1,"",false,,,,,,,,,,,,,,,,,ICON-CU,,,,,,,,,,,,,,,,,,,,'1,,,,,,,,,,,,,,,,,,,,,,,,,,,,,,,,,,,,g,,,false,,,false,,,false,,,false,,,false,,,false,,,false,,,false,,,false,,,false,,,false,,,false,,,false,,,false,,,false,,,false,,,false,,,false,,,false,,,false,,,false,,,false,,,false,,,false,,,false,,,false,,,false,,,false,,,false,,,false,,,false,,,false,,,false,,,false,,,active
v2-lemon,,,,,,,,,Large,,,,,,,,ICON-45782332539137,0.0,,deny,manual,48.00,,true,true,,,,,,,,,,,,,,,,,,,,,,,,,,,,,,,,,,,,,,,,,,,,,,,,,,,,,,,,,,,,,,,,,,,,,,,,,,,,,,,,,,g,,,,,,,,,,,,,,,,,,,,,,,,,,,,,,,,,,,,,,,,,,,,,,,,,,,,,,,,,,,,,,,,,,,,,,,,,,,,,,,,,,,,,,,,,,,,,,,,,,,,,,,,,
v2-lemon,,,,,,,,,Medium,,,,,,,,ICON-45782332571905,0.0,,deny,manual,24.00,,true,true,,,,,,,,,,,,,,,,,,,,,,,,,,,,,,,,,,,,,,,,,,,,,,,,,,,,,,,,,,,,,,,,,,,,,,,,,,,,,,,,,,g,,,,,,,,,,,,,,,,,,,,,,,,,,,,,,,,,,,,,,,,,,,,,,,,,,,,,,,,,,,,,,,,,,,,,,,,,,,,,,,,,,,,,,,,,,,,,,,,,,,,,,,,,
v2-lace-heart,Lace Heart Embroidered Icon,"",Abbode Embroidery Design,Product Add-Ons > Product Customization,Embroidery Design,"hidden, icon, instant_exclude, revoq-no-withdrawal, webster-live",true,Size,Small,,,,,,,,ICON-45782332408065,0.0,,deny,manual,24.00,,true,true,,,,,,https://cdn.shopify.com/s/files/1/0321/4956/9675/files/download_9d3dd8a3-c79b-4edd-ae35-435b4ff33176.png?v=1779840368,1,"",false,,,,,,,,,,,,,,,,,ICON-CU,,,,,,,,,,,,,,,,,,,,'1,,,,,,,,,,,,,,,,,,,,,,,,,,,,,,,,,,,,g,,,false,,,false,,,false,,,false,,,false,,,false,,,false,,,false,,,false,,,false,,,false,,,false,,,false,,,false,,,false,,,false,,,false,,,false,,,false,,,false,,,false,,,false,,,false,,,false,,,false,,,false,,,false,,,false,,,false,,,false,,,false,,,false,,,false,,,false,,,active
v2-lace-heart,,,,,,,,,Large,,,,,,,,ICON-45782332440833,0.0,,deny,manual,48.00,,true,true,,,,,,,,,,,,,,,,,,,,,,,,,,,,,,,,,,,,,,,,,,,,,,,,,,,,,,,,,,,,,,,,,,,,,,,,,,,,,,,,,,g,,,,,,,,,,,,,,,,,,,,,,,,,,,,,,,,,,,,,,,,,,,,,,,,,,,,,,,,,,,,,,,,,,,,,,,,,,,,,,,,,,,,,,,,,,,,,,,,,,,,,,,,,
v2-lace-heart,,,,,,,,,Medium,,,,,,,,ICON-45782332473601,0.0,,deny,manual,24.00,,true,true,,,,,,,,,,,,,,,,,,,,,,,,,,,,,,,,,,,,,,,,,,,,,,,,,,,,,,,,,,,,,,,,,,,,,,,,,,,,,,,,,,g,,,,,,,,,,,,,,,,,,,,,,,,,,,,,,,,,,,,,,,,,,,,,,,,,,,,,,,,,,,,,,,,,,,,,,,,,,,,,,,,,,,,,,,,,,,,,,,,,,,,,,,,,
v2-king-of-hearts,King of Hearts Embroidered Icon,"",Abbode Embroidery Design,Product Add-Ons > Product Customization,Embroidery Design,"hidden, icon, instant_exclude, revoq-no-withdrawal, webster-live",true,Size,Small,,,,,,,,ICON-45782332309761,0.0,,deny,manual,24.00,,true,true,,,,,,https://cdn.shopify.com/s/files/1/0321/4956/9675/files/download_28f272d1-2c6c-4c7f-98a2-9fa207f8c7c2.png?v=1779840368,1,"",false,,,,,,,,,,,,,,,,,ICON-CU,,,,,,,,,,,,,,,,,,,,'1,,,,,,,,,,,,,,,,,,,,,,,,,,,,,,,,,,,,g,,,false,,,false,,,false,,,false,,,false,,,false,,,false,,,false,,,false,,,false,,,false,,,false,,,false,,,false,,,false,,,false,,,false,,,false,,,false,,,false,,,false,,,false,,,false,,,false,,,false,,,false,,,false,,,false,,,false,,,false,,,false,,,false,,,false,,,false,,,active
v2-king-of-hearts,,,,,,,,,Large,,,,,,,,ICON-45782332342529,0.0,,deny,manual,48.00,,true,true,,,,,,,,,,,,,,,,,,,,,,,,,,,,,,,,,,,,,,,,,,,,,,,,,,,,,,,,,,,,,,,,,,,,,,,,,,,,,,,,,,g,,,,,,,,,,,,,,,,,,,,,,,,,,,,,,,,,,,,,,,,,,,,,,,,,,,,,,,,,,,,,,,,,,,,,,,,,,,,,,,,,,,,,,,,,,,,,,,,,,,,,,,,,
v2-king-of-hearts,,,,,,,,,Medium,,,,,,,,ICON-45782332375297,0.0,,deny,manual,24.00,,true,true,,,,,,,,,,,,,,,,,,,,,,,,,,,,,,,,,,,,,,,,,,,,,,,,,,,,,,,,,,,,,,,,,,,,,,,,,,,,,,,,,,g,,,,,,,,,,,,,,,,,,,,,,,,,,,,,,,,,,,,,,,,,,,,,,,,,,,,,,,,,,,,,,,,,,,,,,,,,,,,,,,,,,,,,,,,,,,,,,,,,,,,,,,,,
v2-ketchup,Ketchup Embroidered Icon,"",Abbode Embroidery Design,Product Add-Ons > Product Customization,Embroidery Design,"hidden, icon, instant_exclude, revoq-no-withdrawal, webster-live",true,Size,Small,,,,,,,,ICON-45782332113153,0.0,,deny,manual,24.00,,true,true,,,,,,https://cdn.shopify.com/s/files/1/0321/4956/9675/files/download_8fad7a1d-da03-437f-b61d-393dedba1a47.png?v=1779840368,1,"",false,,,,,,,,,,,,,,,,,ICON-CU,,,,,,,,,,,,,,,,,,,,'1,,,,,,,,,,,,,,,,,,,,,,,,,,,,,,,,,,,,g,,,false,,,false,,,false,,,false,,,false,,,false,,,false,,,false,,,false,,,false,,,false,,,false,,,false,,,false,,,false,,,false,,,false,,,false,,,false,,,false,,,false,,,false,,,false,,,false,,,false,,,false,,,false,,,false,,,false,,,false,,,false,,,false,,,false,,,false,,,active
v2-ketchup,,,,,,,,,Large,,,,,,,,ICON-45782332145921,0.0,,deny,manual,48.00,,true,true,,,,,,,,,,,,,,,,,,,,,,,,,,,,,,,,,,,,,,,,,,,,,,,,,,,,,,,,,,,,,,,,,,,,,,,,,,,,,,,,,,g,,,,,,,,,,,,,,,,,,,,,,,,,,,,,,,,,,,,,,,,,,,,,,,,,,,,,,,,,,,,,,,,,,,,,,,,,,,,,,,,,,,,,,,,,,,,,,,,,,,,,,,,,
v2-ketchup,,,,,,,,,Medium,,,,,,,,ICON-45782332178689,0.0,,deny,manual,24.00,,true,true,,,,,,,,,,,,,,,,,,,,,,,,,,,,,,,,,,,,,,,,,,,,,,,,,,,,,,,,,,,,,,,,,,,,,,,,,,,,,,,,,,g,,,,,,,,,,,,,,,,,,,,,,,,,,,,,,,,,,,,,,,,,,,,,,,,,,,,,,,,,,,,,,,,,,,,,,,,,,,,,,,,,,,,,,,,,,,,,,,,,,,,,,,,,
v2-joint,Joint Embroidered Icon,"",Abbode Embroidery Design,Product Add-Ons > Product Customization,Embroidery Design,"hidden, icon, instant_exclude, revoq-no-withdrawal, webster-live",true,Size,Small,,,,,,,,ICON-45782331916545,0.0,,deny,manual,24.00,,true,true,,,,,,https://cdn.shopify.com/s/files/1/0321/4956/9675/files/download_d08f2aae-b85a-472e-91dd-c2bcd9b60a91.png?v=1779840369,1,"",false,,,,,,,,,,,,,,,,,ICON-CU,,,,,,,,,,,,,,,,,,,,'1,,,,,,,,,,,,,,,,,,,,,,,,,,,,,,,,,,,,g,,,false,,,false,,,false,,,false,,,false,,,false,,,false,,,false,,,false,,,false,,,false,,,false,,,false,,,false,,,false,,,false,,,false,,,false,,,false,,,false,,,false,,,false,,,false,,,false,,,false,,,false,,,false,,,false,,,false,,,false,,,false,,,false,,,false,,,false,,,active
v2-joint,,,,,,,,,Large,,,,,,,,ICON-45782331949313,0.0,,deny,manual,48.00,,true,true,,,,,,,,,,,,,,,,,,,,,,,,,,,,,,,,,,,,,,,,,,,,,,,,,,,,,,,,,,,,,,,,,,,,,,,,,,,,,,,,,,g,,,,,,,,,,,,,,,,,,,,,,,,,,,,,,,,,,,,,,,,,,,,,,,,,,,,,,,,,,,,,,,,,,,,,,,,,,,,,,,,,,,,,,,,,,,,,,,,,,,,,,,,,
v2-joint,,,,,,,,,Medium,,,,,,,,ICON-45782331982081,0.0,,deny,manual,24.00,,true,true,,,,,,,,,,,,,,,,,,,,,,,,,,,,,,,,,,,,,,,,,,,,,,,,,,,,,,,,,,,,,,,,,,,,,,,,,,,,,,,,,,g,,,,,,,,,,,,,,,,,,,,,,,,,,,,,,,,,,,,,,,,,,,,,,,,,,,,,,,,,,,,,,,,,,,,,,,,,,,,,,,,,,,,,,,,,,,,,,,,,,,,,,,,,
v2-jack-of-hearts,Jack of Hearts Embroidered Icon,"",Abbode Embroidery Design,Product Add-Ons > Product Customization,Embroidery Design,"hidden, icon, instant_exclude, revoq-no-withdrawal, webster-live",true,Size,Small,,,,,,,,ICON-45782330704129,0.0,,deny,manual,24.00,,true,true,,,,,,https://cdn.shopify.com/s/files/1/0321/4956/9675/files/download_cbfa19dd-d07e-4606-ad21-5f6e5ef0e900.png?v=1779840368,1,"",false,,,,,,,,,,,,,,,,,ICON-CU,,,,,,,,,,,,,,,,,,,,'1,,,,,,,,,,,,,,,,,,,,,,,,,,,,,,,,,,,,g,,,false,,,false,,,false,,,false,,,false,,,false,,,false,,,false,,,false,,,false,,,false,,,false,,,false,,,false,,,false,,,false,,,false,,,false,,,false,,,false,,,false,,,false,,,false,,,false,,,false,,,false,,,false,,,false,,,false,,,false,,,false,,,false,,,false,,,false,,,active
v2-jack-of-hearts,,,,,,,,,Large,,,,,,,,ICON-45782330736897,0.0,,deny,manual,48.00,,true,true,,,,,,,,,,,,,,,,,,,,,,,,,,,,,,,,,,,,,,,,,,,,,,,,,,,,,,,,,,,,,,,,,,,,,,,,,,,,,,,,,,g,,,,,,,,,,,,,,,,,,,,,,,,,,,,,,,,,,,,,,,,,,,,,,,,,,,,,,,,,,,,,,,,,,,,,,,,,,,,,,,,,,,,,,,,,,,,,,,,,,,,,,,,,
v2-jack-of-hearts,,,,,,,,,Medium,,,,,,,,ICON-45782330769665,0.0,,deny,manual,24.00,,true,true,,,,,,,,,,,,,,,,,,,,,,,,,,,,,,,,,,,,,,,,,,,,,,,,,,,,,,,,,,,,,,,,,,,,,,,,,,,,,,,,,,g,,,,,,,,,,,,,,,,,,,,,,,,,,,,,,,,,,,,,,,,,,,,,,,,,,,,,,,,,,,,,,,,,,,,,,,,,,,,,,,,,,,,,,,,,,,,,,,,,,,,,,,,,
v2-infinity-red,Infinity Red Embroidered Icon,"",Abbode Embroidery Design,Product Add-Ons > Product Customization,Embroidery Design,"hidden, icon, instant_exclude, revoq-no-withdrawal, webster-live",true,Size,Small,,,,,,,,ICON-45782330605825,0.0,,deny,manual,24.00,,true,true,,,,,,https://cdn.shopify.com/s/files/1/0321/4956/9675/files/download_87705f94-67bd-4dfb-940c-efec966990e4.png?v=1779840369,1,"",false,,,,,,,,,,,,,,,,,ICON-CU,,,,,,,,,,,,,,,,,,,,'1,,,,,,,,,,,,,,,,,,,,,,,,,,,,,,,,,,,,g,,,false,,,false,,,false,,,false,,,false,,,false,,,false,,,false,,,false,,,false,,,false,,,false,,,false,,,false,,,false,,,false,,,false,,,false,,,false,,,false,,,false,,,false,,,false,,,false,,,false,,,false,,,false,,,false,,,false,,,false,,,false,,,false,,,false,,,false,,,active
v2-infinity-red,,,,,,,,,Large,,,,,,,,ICON-45782330638593,0.0,,deny,manual,48.00,,true,true,,,,,,,,,,,,,,,,,,,,,,,,,,,,,,,,,,,,,,,,,,,,,,,,,,,,,,,,,,,,,,,,,,,,,,,,,,,,,,,,,,g,,,,,,,,,,,,,,,,,,,,,,,,,,,,,,,,,,,,,,,,,,,,,,,,,,,,,,,,,,,,,,,,,,,,,,,,,,,,,,,,,,,,,,,,,,,,,,,,,,,,,,,,,
v2-infinity-red,,,,,,,,,Medium,,,,,,,,ICON-45782330671361,0.0,,deny,manual,24.00,,true,true,,,,,,,,,,,,,,,,,,,,,,,,,,,,,,,,,,,,,,,,,,,,,,,,,,,,,,,,,,,,,,,,,,,,,,,,,,,,,,,,,,g,,,,,,,,,,,,,,,,,,,,,,,,,,,,,,,,,,,,,,,,,,,,,,,,,,,,,,,,,,,,,,,,,,,,,,,,,,,,,,,,,,,,,,,,,,,,,,,,,,,,,,,,,
v2-infinity,Infinity Embroidered Icon,"",Abbode Embroidery Design,Product Add-Ons > Product Customization,Embroidery Design,"hidden, icon, instant_exclude, revoq-no-withdrawal, webster-live",true,Size,Small,,,,,,,,ICON-45782330179841,0.0,,deny,manual,24.00,,true,true,,,,,,https://cdn.shopify.com/s/files/1/0321/4956/9675/files/download_9de53d2b-6ccc-48ab-a3c3-e47470019a82.png?v=1779840368,1,"",false,,,,,,,,,,,,,,,,,ICON-CU,,,,,,,,,,,,,,,,,,,,'1,,,,,,,,,,,,,,,,,,,,,,,,,,,,,,,,,,,,g,,,false,,,false,,,false,,,false,,,false,,,false,,,false,,,false,,,false,,,false,,,false,,,false,,,false,,,false,,,false,,,false,,,false,,,false,,,false,,,false,,,false,,,false,,,false,,,false,,,false,,,false,,,false,,,false,,,false,,,false,,,false,,,false,,,false,,,false,,,active
v2-infinity,,,,,,,,,Large,,,,,,,,ICON-45782330212609,0.0,,deny,manual,48.00,,true,true,,,,,,,,,,,,,,,,,,,,,,,,,,,,,,,,,,,,,,,,,,,,,,,,,,,,,,,,,,,,,,,,,,,,,,,,,,,,,,,,,,g,,,,,,,,,,,,,,,,,,,,,,,,,,,,,,,,,,,,,,,,,,,,,,,,,,,,,,,,,,,,,,,,,,,,,,,,,,,,,,,,,,,,,,,,,,,,,,,,,,,,,,,,,
v2-infinity,,,,,,,,,Medium,,,,,,,,ICON-45782330245377,0.0,,deny,manual,24.00,,true,true,,,,,,,,,,,,,,,,,,,,,,,,,,,,,,,,,,,,,,,,,,,,,,,,,,,,,,,,,,,,,,,,,,,,,,,,,,,,,,,,,,g,,,,,,,,,,,,,,,,,,,,,,,,,,,,,,,,,,,,,,,,,,,,,,,,,,,,,,,,,,,,,,,,,,,,,,,,,,,,,,,,,,,,,,,,,,,,,,,,,,,,,,,,,
v2-ice-cream,Ice Cream Embroidered Icon,"",Abbode Embroidery Design,Product Add-Ons > Product Customization,Embroidery Design,"hidden, icon, instant_exclude, revoq-no-withdrawal, webster-live",true,Size,Small,,,,,,,,ICON-45782330081537,0.0,,deny,manual,24.00,,true,true,,,,,,https://cdn.shopify.com/s/files/1/0321/4956/9675/files/download_236ca531-15c2-4917-bb08-64c928cad102.png?v=1779840368,1,"",false,,,,,,,,,,,,,,,,,ICON-CU,,,,,,,,,,,,,,,,,,,,'1,,,,,,,,,,,,,,,,,,,,,,,,,,,,,,,,,,,,g,,,false,,,false,,,false,,,false,,,false,,,false,,,false,,,false,,,false,,,false,,,false,,,false,,,false,,,false,,,false,,,false,,,false,,,false,,,false,,,false,,,false,,,false,,,false,,,false,,,false,,,false,,,false,,,false,,,false,,,false,,,false,,,false,,,false,,,false,,,active
v2-ice-cream,,,,,,,,,Large,,,,,,,,ICON-45782330114305,0.0,,deny,manual,48.00,,true,true,,,,,,,,,,,,,,,,,,,,,,,,,,,,,,,,,,,,,,,,,,,,,,,,,,,,,,,,,,,,,,,,,,,,,,,,,,,,,,,,,,g,,,,,,,,,,,,,,,,,,,,,,,,,,,,,,,,,,,,,,,,,,,,,,,,,,,,,,,,,,,,,,,,,,,,,,,,,,,,,,,,,,,,,,,,,,,,,,,,,,,,,,,,,
v2-ice-cream,,,,,,,,,Medium,,,,,,,,ICON-45782330147073,0.0,,deny,manual,24.00,,true,true,,,,,,,,,,,,,,,,,,,,,,,,,,,,,,,,,,,,,,,,,,,,,,,,,,,,,,,,,,,,,,,,,,,,,,,,,,,,,,,,,,g,,,,,,,,,,,,,,,,,,,,,,,,,,,,,,,,,,,,,,,,,,,,,,,,,,,,,,,,,,,,,,,,,,,,,,,,,,,,,,,,,,,,,,,,,,,,,,,,,,,,,,,,,
v2-i-heart-ny-shirt,I Heart NY Shirt Embroidered Icon,"",Abbode Embroidery Design,Product Add-Ons > Product Customization,Embroidery Design,"hidden, icon, instant_exclude, revoq-no-withdrawal, webster-live",false,Size,Small,,,,,,,,ICON-45782329983233,0.0,,deny,manual,24.00,,true,true,,,,,,https://cdn.shopify.com/s/files/1/0321/4956/9675/files/download_328d45db-dcf3-47a5-9064-2ed118d6b457.png?v=1732160439,1,"",false,,,,,,,,,,,,,,,,,,,,,,,,,,,,,,,,,,,,,'1,,,,,,,,,,,,,,,,,,,,,,,,,,,,,,,,,,,,g,,,true,,,true,,,true,,,true,,,true,,,true,,,true,,,true,,,true,,,true,,,true,,,true,,,true,,,true,,,true,,,true,,,true,,,true,,,true,,,true,,,true,,,true,,,true,,,true,,,true,,,true,,,true,,,true,,,true,,,true,,,true,,,true,,,true,,,true,,,archived
v2-i-heart-ny-shirt,,,,,,,,,Large,,,,,,,,ICON-45782330016001,0.0,,deny,manual,48.00,,true,true,,,,,,,,,,,,,,,,,,,,,,,,,,,,,,,,,,,,,,,,,,,,,,,,,,,,,,,,,,,,,,,,,,,,,,,,,,,,,,,,,,g,,,,,,,,,,,,,,,,,,,,,,,,,,,,,,,,,,,,,,,,,,,,,,,,,,,,,,,,,,,,,,,,,,,,,,,,,,,,,,,,,,,,,,,,,,,,,,,,,,,,,,,,,
v2-i-heart-ny-shirt,,,,,,,,,Medium,,,,,,,,ICON-45782330048769,0.0,,deny,manual,24.00,,true,true,,,,,,,,,,,,,,,,,,,,,,,,,,,,,,,,,,,,,,,,,,,,,,,,,,,,,,,,,,,,,,,,,,,,,,,,,,,,,,,,,,g,,,,,,,,,,,,,,,,,,,,,,,,,,,,,,,,,,,,,,,,,,,,,,,,,,,,,,,,,,,,,,,,,,,,,,,,,,,,,,,,,,,,,,,,,,,,,,,,,,,,,,,,,
v2-i-heart-ny,I Heart NY Embroidered Icon,"",Abbode Embroidery Design,Product Add-Ons > Product Customization,Embroidery Design,"hidden, icon, instant_exclude, revoq-no-withdrawal, webster-live",false,Size,Small,,,,,,,,ICON-45782329884929,0.0,,deny,manual,24.00,,true,true,,,,,,https://cdn.shopify.com/s/files/1/0321/4956/9675/files/download_b52dfc04-b8c5-4117-951e-28829fb90351.png?v=1732160433,1,"",false,,,,,,,,,,,,,,,,,,,,,,,,,,,,,,,,,,,,,'1,,,,,,,,,,,,,,,,,,,,,,,,,,,,,,,,,,,,g,,,true,,,true,,,true,,,true,,,true,,,true,,,true,,,true,,,true,,,true,,,true,,,true,,,true,,,true,,,true,,,true,,,true,,,true,,,true,,,true,,,true,,,true,,,true,,,true,,,true,,,true,,,true,,,true,,,true,,,true,,,true,,,true,,,true,,,true,,,archived
v2-i-heart-ny,,,,,,,,,Large,,,,,,,,ICON-45782329917697,0.0,,deny,manual,48.00,,true,true,,,,,,,,,,,,,,,,,,,,,,,,,,,,,,,,,,,,,,,,,,,,,,,,,,,,,,,,,,,,,,,,,,,,,,,,,,,,,,,,,,g,,,,,,,,,,,,,,,,,,,,,,,,,,,,,,,,,,,,,,,,,,,,,,,,,,,,,,,,,,,,,,,,,,,,,,,,,,,,,,,,,,,,,,,,,,,,,,,,,,,,,,,,,
v2-i-heart-ny,,,,,,,,,Medium,,,,,,,,ICON-45782329950465,0.0,,deny,manual,24.00,,true,true,,,,,,,,,,,,,,,,,,,,,,,,,,,,,,,,,,,,,,,,,,,,,,,,,,,,,,,,,,,,,,,,,,,,,,,,,,,,,,,,,,g,,,,,,,,,,,,,,,,,,,,,,,,,,,,,,,,,,,,,,,,,,,,,,,,,,,,,,,,,,,,,,,,,,,,,,,,,,,,,,,,,,,,,,,,,,,,,,,,,,,,,,,,,
v2-hot-sauce,Hot Sauce Embroidered Icon,"",Abbode Embroidery Design,Product Add-Ons > Product Customization,Embroidery Design,"hidden, icon, instant_exclude, revoq-no-withdrawal, webster-live",true,Size,Small,,,,,,,,ICON-45782329426177,0.0,,deny,manual,24.00,,true,true,,,,,,https://cdn.shopify.com/s/files/1/0321/4956/9675/files/download_769a07dc-4023-4438-8a9c-0d3d4d2a2854.png?v=1779840369,1,"",false,,,,,,,,,,,,,,,,,ICON-CU,,,,,,,,,,,,,,,,,,,,'1,,,,,,,,,,,,,,,,,,,,,,,,,,,,,,,,,,,,g,,,false,,,false,,,false,,,false,,,false,,,false,,,false,,,false,,,false,,,false,,,false,,,false,,,false,,,false,,,false,,,false,,,false,,,false,,,false,,,false,,,false,,,false,,,false,,,false,,,false,,,false,,,false,,,false,,,false,,,false,,,false,,,false,,,false,,,false,,,active
v2-hot-sauce,,,,,,,,,Large,,,,,,,,ICON-45782329458945,0.0,,deny,manual,48.00,,true,true,,,,,,,,,,,,,,,,,,,,,,,,,,,,,,,,,,,,,,,,,,,,,,,,,,,,,,,,,,,,,,,,,,,,,,,,,,,,,,,,,,g,,,,,,,,,,,,,,,,,,,,,,,,,,,,,,,,,,,,,,,,,,,,,,,,,,,,,,,,,,,,,,,,,,,,,,,,,,,,,,,,,,,,,,,,,,,,,,,,,,,,,,,,,
v2-hot-sauce,,,,,,,,,Medium,,,,,,,,ICON-45782329491713,0.0,,deny,manual,24.00,,true,true,,,,,,,,,,,,,,,,,,,,,,,,,,,,,,,,,,,,,,,,,,,,,,,,,,,,,,,,,,,,,,,,,,,,,,,,,,,,,,,,,,g,,,,,,,,,,,,,,,,,,,,,,,,,,,,,,,,,,,,,,,,,,,,,,,,,,,,,,,,,,,,,,,,,,,,,,,,,,,,,,,,,,,,,,,,,,,,,,,,,,,,,,,,,
v2-hot-dog,Hot Dog Embroidered Icon,"",Abbode Embroidery Design,Product Add-Ons > Product Customization,Embroidery Design,"hidden, icon, instant_exclude, revoq-no-withdrawal, webster-live",true,Size,Small,,,,,,,,ICON-45782329295105,0.0,,deny,manual,24.00,,true,true,,,,,,https://cdn.shopify.com/s/files/1/0321/4956/9675/files/download_8ac98474-d1a9-4662-976c-9c9ad737a5e8.png?v=1779840368,1,"",false,,,,,,,,,,,,,,,,,ICON-CU,,,,,,,,,,,,,,,,,,,,'1,,,,,,,,,,,,,,,,,,,,,,,,,,,,,,,,,,,,g,,,false,,,false,,,false,,,false,,,false,,,false,,,false,,,false,,,false,,,false,,,false,,,false,,,false,,,false,,,false,,,false,,,false,,,false,,,false,,,false,,,false,,,false,,,false,,,false,,,false,,,false,,,false,,,false,,,false,,,false,,,false,,,false,,,false,,,false,,,active
v2-hot-dog,,,,,,,,,Large,,,,,,,,ICON-45782329327873,0.0,,deny,manual,48.00,,true,true,,,,,,,,,,,,,,,,,,,,,,,,,,,,,,,,,,,,,,,,,,,,,,,,,,,,,,,,,,,,,,,,,,,,,,,,,,,,,,,,,,g,,,,,,,,,,,,,,,,,,,,,,,,,,,,,,,,,,,,,,,,,,,,,,,,,,,,,,,,,,,,,,,,,,,,,,,,,,,,,,,,,,,,,,,,,,,,,,,,,,,,,,,,,
v2-hot-dog,,,,,,,,,Medium,,,,,,,,ICON-45782329360641,0.0,,deny,manual,24.00,,true,true,,,,,,,,,,,,,,,,,,,,,,,,,,,,,,,,,,,,,,,,,,,,,,,,,,,,,,,,,,,,,,,,,,,,,,,,,,,,,,,,,,g,,,,,,,,,,,,,,,,,,,,,,,,,,,,,,,,,,,,,,,,,,,,,,,,,,,,,,,,,,,,,,,,,,,,,,,,,,,,,,,,,,,,,,,,,,,,,,,,,,,,,,,,,
v2-horseshoe,Horseshoe Embroidered Icon,"",Abbode Embroidery Design,Product Add-Ons > Product Customization,Embroidery Design,"hidden, icon, instant_exclude, revoq-no-withdrawal, webster-live",true,Size,Small,,,,,,,,ICON-45782329098497,0.0,,deny,manual,24.00,,true,true,,,,,,https://cdn.shopify.com/s/files/1/0321/4956/9675/files/download_2c7bfa3d-dca3-4bec-8c32-7927c2dc99c7.png?v=1779840368,1,"",false,,,,,,,,,,,,,,,,,ICON-CU,,,,,,,,,,,,,,,,,,,,'1,,,,,,,,,,,,,,,,,,,,,,,,,,,,,,,,,,,,g,,,false,,,false,,,false,,,false,,,false,,,false,,,false,,,false,,,false,,,false,,,false,,,false,,,false,,,false,,,false,,,false,,,false,,,false,,,false,,,false,,,false,,,false,,,false,,,false,,,false,,,false,,,false,,,false,,,false,,,false,,,false,,,false,,,false,,,false,,,active
v2-horseshoe,,,,,,,,,Large,,,,,,,,ICON-45782329131265,0.0,,deny,manual,48.00,,true,true,,,,,,,,,,,,,,,,,,,,,,,,,,,,,,,,,,,,,,,,,,,,,,,,,,,,,,,,,,,,,,,,,,,,,,,,,,,,,,,,,,g,,,,,,,,,,,,,,,,,,,,,,,,,,,,,,,,,,,,,,,,,,,,,,,,,,,,,,,,,,,,,,,,,,,,,,,,,,,,,,,,,,,,,,,,,,,,,,,,,,,,,,,,,
v2-horseshoe,,,,,,,,,Medium,,,,,,,,ICON-45782329164033,0.0,,deny,manual,24.00,,true,true,,,,,,,,,,,,,,,,,,,,,,,,,,,,,,,,,,,,,,,,,,,,,,,,,,,,,,,,,,,,,,,,,,,,,,,,,,,,,,,,,,g,,,,,,,,,,,,,,,,,,,,,,,,,,,,,,,,,,,,,,,,,,,,,,,,,,,,,,,,,,,,,,,,,,,,,,,,,,,,,,,,,,,,,,,,,,,,,,,,,,,,,,,,,
v2-honey-bear-alt,Honey Bear ALT Embroidered Icon,"",Abbode Embroidery Design,Product Add-Ons > Product Customization,Embroidery Design,"hidden, icon, instant_exclude, revoq-no-withdrawal, webster-live",true,Size,Small,,,,,,,,ICON-45782328443137,0.0,,deny,manual,24.00,,true,true,,,,,,https://cdn.shopify.com/s/files/1/0321/4956/9675/files/download_37d2e7e5-5b76-470a-b2c1-d75a9303c0b7.png?v=1779840369,1,"",false,,,,,,,,,,,,,,,,,ICON-CU,,,,,,,,,,,,,,,,,,,,'1,,,,,,,,,,,,,,,,,,,,,,,,,,,,,,,,,,,,g,,,false,,,false,,,false,,,false,,,false,,,false,,,false,,,false,,,false,,,false,,,false,,,false,,,false,,,false,,,false,,,false,,,false,,,false,,,false,,,false,,,false,,,false,,,false,,,false,,,false,,,false,,,false,,,false,,,false,,,false,,,false,,,false,,,false,,,false,,,active
v2-honey-bear-alt,,,,,,,,,Large,,,,,,,,ICON-45782328475905,0.0,,deny,manual,48.00,,true,true,,,,,,,,,,,,,,,,,,,,,,,,,,,,,,,,,,,,,,,,,,,,,,,,,,,,,,,,,,,,,,,,,,,,,,,,,,,,,,,,,,g,,,,,,,,,,,,,,,,,,,,,,,,,,,,,,,,,,,,,,,,,,,,,,,,,,,,,,,,,,,,,,,,,,,,,,,,,,,,,,,,,,,,,,,,,,,,,,,,,,,,,,,,,
v2-honey-bear-alt,,,,,,,,,Medium,,,,,,,,ICON-45782328508673,0.0,,deny,manual,24.00,,true,true,,,,,,,,,,,,,,,,,,,,,,,,,,,,,,,,,,,,,,,,,,,,,,,,,,,,,,,,,,,,,,,,,,,,,,,,,,,,,,,,,,g,,,,,,,,,,,,,,,,,,,,,,,,,,,,,,,,,,,,,,,,,,,,,,,,,,,,,,,,,,,,,,,,,,,,,,,,,,,,,,,,,,,,,,,,,,,,,,,,,,,,,,,,,
v2-hiking-boot,Hiking Boot Embroidered Icon,"",Abbode Embroidery Design,Product Add-Ons > Product Customization,Embroidery Design,"hidden, icon, instant_exclude, revoq-no-withdrawal, webster-live",true,Size,Small,,,,,,,,ICON-45782328213761,0.0,,deny,manual,24.00,,true,true,,,,,,https://cdn.shopify.com/s/files/1/0321/4956/9675/files/download_6a616104-1781-4a8b-806d-1dda9f87dcde.png?v=1779840369,1,"",false,,,,,,,,,,,,,,,,,ICON-CU,,,,,,,,,,,,,,,,,,,,'1,,,,,,,,,,,,,,,,,,,,,,,,,,,,,,,,,,,,g,,,false,,,false,,,false,,,false,,,false,,,false,,,false,,,false,,,false,,,false,,,false,,,false,,,false,,,false,,,false,,,false,,,false,,,false,,,false,,,false,,,false,,,false,,,false,,,false,,,false,,,false,,,false,,,false,,,false,,,false,,,false,,,false,,,false,,,false,,,active
v2-hiking-boot,,,,,,,,,Large,,,,,,,,ICON-45782328246529,0.0,,deny,manual,48.00,,true,true,,,,,,,,,,,,,,,,,,,,,,,,,,,,,,,,,,,,,,,,,,,,,,,,,,,,,,,,,,,,,,,,,,,,,,,,,,,,,,,,,,g,,,,,,,,,,,,,,,,,,,,,,,,,,,,,,,,,,,,,,,,,,,,,,,,,,,,,,,,,,,,,,,,,,,,,,,,,,,,,,,,,,,,,,,,,,,,,,,,,,,,,,,,,
v2-hiking-boot,,,,,,,,,Medium,,,,,,,,ICON-45782328279297,0.0,,deny,manual,24.00,,true,true,,,,,,,,,,,,,,,,,,,,,,,,,,,,,,,,,,,,,,,,,,,,,,,,,,,,,,,,,,,,,,,,,,,,,,,,,,,,,,,,,,g,,,,,,,,,,,,,,,,,,,,,,,,,,,,,,,,,,,,,,,,,,,,,,,,,,,,,,,,,,,,,,,,,,,,,,,,,,,,,,,,,,,,,,,,,,,,,,,,,,,,,,,,,
v2-heirloom-tomato,Heirloom Tomato Embroidered Icon,"",Abbode Embroidery Design,Product Add-Ons > Product Customization,Embroidery Design,"hidden, icon, instant_exclude, revoq-no-withdrawal, webster-live",true,Size,Small,,,,,,,,ICON-45782328115457,0.0,,deny,manual,24.00,,true,true,,,,,,https://cdn.shopify.com/s/files/1/0321/4956/9675/files/download_e32b048c-fedb-4c7d-8db5-ace810ba0602.png?v=1779840368,1,"",false,,,,,,,,,,,,,,,,,ICON-CU,,,,,,,,,,,,,,,,,,,,'1,,,,,,,,,,,,,,,,,,,,,,,,,,,,,,,,,,,,g,,,false,,,false,,,false,,,false,,,false,,,false,,,false,,,false,,,false,,,false,,,false,,,false,,,false,,,false,,,false,,,false,,,false,,,false,,,false,,,false,,,false,,,false,,,false,,,false,,,false,,,false,,,false,,,false,,,false,,,false,,,false,,,false,,,false,,,false,,,active
v2-heirloom-tomato,,,,,,,,,Large,,,,,,,,ICON-45782328148225,0.0,,deny,manual,48.00,,true,true,,,,,,,,,,,,,,,,,,,,,,,,,,,,,,,,,,,,,,,,,,,,,,,,,,,,,,,,,,,,,,,,,,,,,,,,,,,,,,,,,,g,,,,,,,,,,,,,,,,,,,,,,,,,,,,,,,,,,,,,,,,,,,,,,,,,,,,,,,,,,,,,,,,,,,,,,,,,,,,,,,,,,,,,,,,,,,,,,,,,,,,,,,,,
v2-heirloom-tomato,,,,,,,,,Medium,,,,,,,,ICON-45782328180993,0.0,,deny,manual,24.00,,true,true,,,,,,,,,,,,,,,,,,,,,,,,,,,,,,,,,,,,,,,,,,,,,,,,,,,,,,,,,,,,,,,,,,,,,,,,,,,,,,,,,,g,,,,,,,,,,,,,,,,,,,,,,,,,,,,,,,,,,,,,,,,,,,,,,,,,,,,,,,,,,,,,,,,,,,,,,,,,,,,,,,,,,,,,,,,,,,,,,,,,,,,,,,,,
v2-heart-pizza,Heart Pizza Embroidered Icon,"",Abbode Embroidery Design,Product Add-Ons > Product Customization,Embroidery Design,"hidden, icon, instant_exclude, revoq-no-withdrawal, webster-live",true,Size,Small,,,,,,,,ICON-45782327820545,0.0,,deny,manual,24.00,,true,true,,,,,,https://cdn.shopify.com/s/files/1/0321/4956/9675/files/download_b349d3b2-fb4a-4b6b-980e-22c0342a4469.png?v=1779840369,1,"",false,,,,,,,,,,,,,,,,,ICON-CU,,,,,,,,,,,,,,,,,,,,'1,,,,,,,,,,,,,,,,,,,,,,,,,,,,,,,,,,,,g,,,false,,,false,,,false,,,false,,,false,,,false,,,false,,,false,,,false,,,false,,,false,,,false,,,false,,,false,,,false,,,false,,,false,,,false,,,false,,,false,,,false,,,false,,,false,,,false,,,false,,,false,,,false,,,false,,,false,,,false,,,false,,,false,,,false,,,false,,,active
v2-heart-pizza,,,,,,,,,Large,,,,,,,,ICON-45782327853313,0.0,,deny,manual,48.00,,true,true,,,,,,,,,,,,,,,,,,,,,,,,,,,,,,,,,,,,,,,,,,,,,,,,,,,,,,,,,,,,,,,,,,,,,,,,,,,,,,,,,,g,,,,,,,,,,,,,,,,,,,,,,,,,,,,,,,,,,,,,,,,,,,,,,,,,,,,,,,,,,,,,,,,,,,,,,,,,,,,,,,,,,,,,,,,,,,,,,,,,,,,,,,,,
v2-heart-pizza,,,,,,,,,Medium,,,,,,,,ICON-45782327886081,0.0,,deny,manual,24.00,,true,true,,,,,,,,,,,,,,,,,,,,,,,,,,,,,,,,,,,,,,,,,,,,,,,,,,,,,,,,,,,,,,,,,,,,,,,,,,,,,,,,,,g,,,,,,,,,,,,,,,,,,,,,,,,,,,,,,,,,,,,,,,,,,,,,,,,,,,,,,,,,,,,,,,,,,,,,,,,,,,,,,,,,,,,,,,,,,,,,,,,,,,,,,,,,
v2-heart-dice,Heart Dice Embroidered Icon,"",Abbode Embroidery Design,Product Add-Ons > Product Customization,Embroidery Design,"hidden, icon, instant_exclude, revoq-no-withdrawal, webster-live",true,Size,Small,,,,,,,,ICON-45782327361793,0.0,,deny,manual,24.00,,true,true,,,,,,https://cdn.shopify.com/s/files/1/0321/4956/9675/files/download_6bf8d1b4-6560-40b5-8b09-f8e41617562f.png?v=1779840368,1,"",false,,,,,,,,,,,,,,,,,ICON-CU,,,,,,,,,,,,,,,,,,,,'1,,,,,,,,,,,,,,,,,,,,,,,,,,,,,,,,,,,,g,,,false,,,false,,,false,,,false,,,false,,,false,,,false,,,false,,,false,,,false,,,false,,,false,,,false,,,false,,,false,,,false,,,false,,,false,,,false,,,false,,,false,,,false,,,false,,,false,,,false,,,false,,,false,,,false,,,false,,,false,,,false,,,false,,,false,,,false,,,active
v2-heart-dice,,,,,,,,,Large,,,,,,,,ICON-45782327394561,0.0,,deny,manual,48.00,,true,true,,,,,,,,,,,,,,,,,,,,,,,,,,,,,,,,,,,,,,,,,,,,,,,,,,,,,,,,,,,,,,,,,,,,,,,,,,,,,,,,,,g,,,,,,,,,,,,,,,,,,,,,,,,,,,,,,,,,,,,,,,,,,,,,,,,,,,,,,,,,,,,,,,,,,,,,,,,,,,,,,,,,,,,,,,,,,,,,,,,,,,,,,,,,
v2-heart-dice,,,,,,,,,Medium,,,,,,,,ICON-45782327427329,0.0,,deny,manual,24.00,,true,true,,,,,,,,,,,,,,,,,,,,,,,,,,,,,,,,,,,,,,,,,,,,,,,,,,,,,,,,,,,,,,,,,,,,,,,,,,,,,,,,,,g,,,,,,,,,,,,,,,,,,,,,,,,,,,,,,,,,,,,,,,,,,,,,,,,,,,,,,,,,,,,,,,,,,,,,,,,,,,,,,,,,,,,,,,,,,,,,,,,,,,,,,,,,
v2-heart-dice-black,Heart Dice Black Embroidered Icon,"",Abbode Embroidery Design,Product Add-Ons > Product Customization,Embroidery Design,"hidden, icon, instant_exclude, revoq-no-withdrawal, webster-live",true,Size,Small,,,,,,,,ICON-45782327197953,0.0,,deny,manual,24.00,,true,true,,,,,,https://cdn.shopify.com/s/files/1/0321/4956/9675/files/download_134d3646-245c-47a7-b562-b833a737a80c.png?v=1779840369,1,"",false,,,,,,,,,,,,,,,,,ICON-CU,,,,,,,,,,,,,,,,,,,,'1,,,,,,,,,,,,,,,,,,,,,,,,,,,,,,,,,,,,g,,,false,,,false,,,false,,,false,,,false,,,false,,,false,,,false,,,false,,,false,,,false,,,false,,,false,,,false,,,false,,,false,,,false,,,false,,,false,,,false,,,false,,,false,,,false,,,false,,,false,,,false,,,false,,,false,,,false,,,false,,,false,,,false,,,false,,,false,,,active
v2-heart-dice-black,,,,,,,,,Large,,,,,,,,ICON-45782327230721,0.0,,deny,manual,48.00,,true,true,,,,,,,,,,,,,,,,,,,,,,,,,,,,,,,,,,,,,,,,,,,,,,,,,,,,,,,,,,,,,,,,,,,,,,,,,,,,,,,,,,g,,,,,,,,,,,,,,,,,,,,,,,,,,,,,,,,,,,,,,,,,,,,,,,,,,,,,,,,,,,,,,,,,,,,,,,,,,,,,,,,,,,,,,,,,,,,,,,,,,,,,,,,,
v2-heart-dice-black,,,,,,,,,Medium,,,,,,,,ICON-45782327263489,0.0,,deny,manual,24.00,,true,true,,,,,,,,,,,,,,,,,,,,,,,,,,,,,,,,,,,,,,,,,,,,,,,,,,,,,,,,,,,,,,,,,,,,,,,,,,,,,,,,,,g,,,,,,,,,,,,,,,,,,,,,,,,,,,,,,,,,,,,,,,,,,,,,,,,,,,,,,,,,,,,,,,,,,,,,,,,,,,,,,,,,,,,,,,,,,,,,,,,,,,,,,,,,
v2-hand-bag,Hand Bag Pink Embroidered Icon,"",Abbode Embroidery Design,Product Add-Ons > Product Customization,Embroidery Design,"hidden, icon, instant_exclude, revoq-no-withdrawal, webster-live",true,Size,Small,,,,,,,,ICON-45782326411521,0.0,,deny,manual,24.00,,true,true,,,,,,https://cdn.shopify.com/s/files/1/0321/4956/9675/files/download_8486626c-74b8-4862-be01-6d65f9cee8c4.png?v=1779840369,1,"",false,,,,,,,,,,,,,,,,,ICON-CU,,,,,,,,,,,,,,,,,,,,'1,,,,,,,,,,,,,,,,,,,,,,,,,,,,,,,,,,,,g,,,false,,,false,,,false,,,false,,,false,,,false,,,false,,,false,,,false,,,false,,,false,,,false,,,false,,,false,,,false,,,false,,,false,,,false,,,false,,,false,,,false,,,false,,,false,,,false,,,false,,,false,,,false,,,false,,,false,,,false,,,false,,,false,,,false,,,false,,,active
v2-hand-bag,,,,,,,,,Large,,,,,,,,ICON-45782326444289,0.0,,deny,manual,48.00,,true,true,,,,,,,,,,,,,,,,,,,,,,,,,,,,,,,,,,,,,,,,,,,,,,,,,,,,,,,,,,,,,,,,,,,,,,,,,,,,,,,,,,g,,,,,,,,,,,,,,,,,,,,,,,,,,,,,,,,,,,,,,,,,,,,,,,,,,,,,,,,,,,,,,,,,,,,,,,,,,,,,,,,,,,,,,,,,,,,,,,,,,,,,,,,,
v2-hand-bag,,,,,,,,,Medium,,,,,,,,ICON-45782326477057,0.0,,deny,manual,24.00,,true,true,,,,,,,,,,,,,,,,,,,,,,,,,,,,,,,,,,,,,,,,,,,,,,,,,,,,,,,,,,,,,,,,,,,,,,,,,,,,,,,,,,g,,,,,,,,,,,,,,,,,,,,,,,,,,,,,,,,,,,,,,,,,,,,,,,,,,,,,,,,,,,,,,,,,,,,,,,,,,,,,,,,,,,,,,,,,,,,,,,,,,,,,,,,,
v2-hand-bag-blue,Hand Bag Blue Embroidered Icon,"",Abbode Embroidery Design,Product Add-Ons > Product Customization,Embroidery Design,"hidden, icon, instant_exclude, revoq-no-withdrawal, webster-live",true,Size,Small,,,,,,,,ICON-45782326313217,0.0,,deny,manual,24.00,,true,true,,,,,,https://cdn.shopify.com/s/files/1/0321/4956/9675/files/download_fc2f7fe9-3d8e-4b67-90c6-703b3d40b8d6.png?v=1779840368,1,"",false,,,,,,,,,,,,,,,,,ICON-CU,,,,,,,,,,,,,,,,,,,,'1,,,,,,,,,,,,,,,,,,,,,,,,,,,,,,,,,,,,g,,,false,,,false,,,false,,,false,,,false,,,false,,,false,,,false,,,false,,,false,,,false,,,false,,,false,,,false,,,false,,,false,,,false,,,false,,,false,,,false,,,false,,,false,,,false,,,false,,,false,,,false,,,false,,,false,,,false,,,false,,,false,,,false,,,false,,,false,,,active
v2-hand-bag-blue,,,,,,,,,Large,,,,,,,,ICON-45782326345985,0.0,,deny,manual,48.00,,true,true,,,,,,,,,,,,,,,,,,,,,,,,,,,,,,,,,,,,,,,,,,,,,,,,,,,,,,,,,,,,,,,,,,,,,,,,,,,,,,,,,,g,,,,,,,,,,,,,,,,,,,,,,,,,,,,,,,,,,,,,,,,,,,,,,,,,,,,,,,,,,,,,,,,,,,,,,,,,,,,,,,,,,,,,,,,,,,,,,,,,,,,,,,,,
v2-hand-bag-blue,,,,,,,,,Medium,,,,,,,,ICON-45782326378753,0.0,,deny,manual,24.00,,true,true,,,,,,,,,,,,,,,,,,,,,,,,,,,,,,,,,,,,,,,,,,,,,,,,,,,,,,,,,,,,,,,,,,,,,,,,,,,,,,,,,,g,,,,,,,,,,,,,,,,,,,,,,,,,,,,,,,,,,,,,,,,,,,,,,,,,,,,,,,,,,,,,,,,,,,,,,,,,,,,,,,,,,,,,,,,,,,,,,,,,,,,,,,,,
v2-golf-clubs,Golf Clubs Embroidered Icon,"",Abbode Embroidery Design,Product Add-Ons > Product Customization,Embroidery Design,"hidden, icon, instant_exclude, revoq-no-withdrawal, webster-live",true,Size,Small,,,,,,,,ICON-45782326083841,0.0,,deny,manual,24.00,,true,true,,,,,,https://cdn.shopify.com/s/files/1/0321/4956/9675/files/download_57c8ea7e-55f3-4279-8d9c-5fdb8756d5fa.png?v=1779840369,1,"",false,,,,,,,,,,,,,,,,,ICON-CU,,,,,,,,,,,,,,,,,,,,'1,,,,,,,,,,,,,,,,,,,,,,,,,,,,,,,,,,,,g,,,false,,,false,,,false,,,false,,,false,,,false,,,false,,,false,,,false,,,false,,,false,,,false,,,false,,,false,,,false,,,false,,,false,,,false,,,false,,,false,,,false,,,false,,,false,,,false,,,false,,,false,,,false,,,false,,,false,,,false,,,false,,,false,,,false,,,false,,,active
v2-golf-clubs,,,,,,,,,Large,,,,,,,,ICON-45782326116609,0.0,,deny,manual,48.00,,true,true,,,,,,,,,,,,,,,,,,,,,,,,,,,,,,,,,,,,,,,,,,,,,,,,,,,,,,,,,,,,,,,,,,,,,,,,,,,,,,,,,,g,,,,,,,,,,,,,,,,,,,,,,,,,,,,,,,,,,,,,,,,,,,,,,,,,,,,,,,,,,,,,,,,,,,,,,,,,,,,,,,,,,,,,,,,,,,,,,,,,,,,,,,,,
v2-golf-clubs,,,,,,,,,Medium,,,,,,,,ICON-45782326149377,0.0,,deny,manual,24.00,,true,true,,,,,,,,,,,,,,,,,,,,,,,,,,,,,,,,,,,,,,,,,,,,,,,,,,,,,,,,,,,,,,,,,,,,,,,,,,,,,,,,,,g,,,,,,,,,,,,,,,,,,,,,,,,,,,,,,,,,,,,,,,,,,,,,,,,,,,,,,,,,,,,,,,,,,,,,,,,,,,,,,,,,,,,,,,,,,,,,,,,,,,,,,,,,
v2-golf-club,Golf Club Embroidered Icon,"",Abbode Embroidery Design,Product Add-Ons > Product Customization,Embroidery Design,"hidden, icon, instant_exclude, revoq-no-withdrawal, webster-live",true,Size,Small,,,,,,,,ICON-45782325985537,0.0,,deny,manual,24.00,,true,true,,,,,,https://cdn.shopify.com/s/files/1/0321/4956/9675/files/download_42eea45e-f0eb-498d-ac99-92e492de16ee.png?v=1779840370,1,"",false,,,,,,,,,,,,,,,,,ICON-CU,,,,,,,,,,,,,,,,,,,,'1,,,,,,,,,,,,,,,,,,,,,,,,,,,,,,,,,,,,g,,,false,,,false,,,false,,,false,,,false,,,false,,,false,,,false,,,false,,,false,,,false,,,false,,,false,,,false,,,false,,,false,,,false,,,false,,,false,,,false,,,false,,,false,,,false,,,false,,,false,,,false,,,false,,,false,,,false,,,false,,,false,,,false,,,false,,,false,,,active
v2-golf-club,,,,,,,,,Large,,,,,,,,ICON-45782326018305,0.0,,deny,manual,48.00,,true,true,,,,,,,,,,,,,,,,,,,,,,,,,,,,,,,,,,,,,,,,,,,,,,,,,,,,,,,,,,,,,,,,,,,,,,,,,,,,,,,,,,g,,,,,,,,,,,,,,,,,,,,,,,,,,,,,,,,,,,,,,,,,,,,,,,,,,,,,,,,,,,,,,,,,,,,,,,,,,,,,,,,,,,,,,,,,,,,,,,,,,,,,,,,,
v2-golf-club,,,,,,,,,Medium,,,,,,,,ICON-45782326051073,0.0,,deny,manual,24.00,,true,true,,,,,,,,,,,,,,,,,,,,,,,,,,,,,,,,,,,,,,,,,,,,,,,,,,,,,,,,,,,,,,,,,,,,,,,,,,,,,,,,,,g,,,,,,,,,,,,,,,,,,,,,,,,,,,,,,,,,,,,,,,,,,,,,,,,,,,,,,,,,,,,,,,,,,,,,,,,,,,,,,,,,,,,,,,,,,,,,,,,,,,,,,,,,
v2-golf-cart,Golf Cart Embroidered Icon,"",Abbode Embroidery Design,Product Add-Ons > Product Customization,Embroidery Design,"hidden, icon, instant_exclude, revoq-no-withdrawal, webster-live",true,Size,Small,,,,,,,,ICON-45782325723393,0.0,,deny,manual,24.00,,true,true,,,,,,https://cdn.shopify.com/s/files/1/0321/4956/9675/files/download_e858dabb-8030-40ba-9cf4-3acc251aea90.png?v=1779840369,1,"",false,,,,,,,,,,,,,,,,,ICON-CU,,,,,,,,,,,,,,,,,,,,'1,,,,,,,,,,,,,,,,,,,,,,,,,,,,,,,,,,,,g,,,false,,,false,,,false,,,false,,,false,,,false,,,false,,,false,,,false,,,false,,,false,,,false,,,false,,,false,,,false,,,false,,,false,,,false,,,false,,,false,,,false,,,false,,,false,,,false,,,false,,,false,,,false,,,false,,,false,,,false,,,false,,,false,,,false,,,false,,,active
v2-golf-cart,,,,,,,,,Large,,,,,,,,ICON-45782325756161,0.0,,deny,manual,48.00,,true,true,,,,,,,,,,,,,,,,,,,,,,,,,,,,,,,,,,,,,,,,,,,,,,,,,,,,,,,,,,,,,,,,,,,,,,,,,,,,,,,,,,g,,,,,,,,,,,,,,,,,,,,,,,,,,,,,,,,,,,,,,,,,,,,,,,,,,,,,,,,,,,,,,,,,,,,,,,,,,,,,,,,,,,,,,,,,,,,,,,,,,,,,,,,,
v2-golf-cart,,,,,,,,,Medium,,,,,,,,ICON-45782325788929,0.0,,deny,manual,24.00,,true,true,,,,,,,,,,,,,,,,,,,,,,,,,,,,,,,,,,,,,,,,,,,,,,,,,,,,,,,,,,,,,,,,,,,,,,,,,,,,,,,,,,g,,,,,,,,,,,,,,,,,,,,,,,,,,,,,,,,,,,,,,,,,,,,,,,,,,,,,,,,,,,,,,,,,,,,,,,,,,,,,,,,,,,,,,,,,,,,,,,,,,,,,,,,,
v2-golf-ball,Golf Ball Embroidered Icon,"",Abbode Embroidery Design,Product Add-Ons > Product Customization,Embroidery Design,"hidden, icon, instant_exclude, revoq-no-withdrawal, webster-live",true,Size,Small,,,,,,,,ICON-45782325625089,0.0,,deny,manual,24.00,,true,true,,,,,,https://cdn.shopify.com/s/files/1/0321/4956/9675/files/download_0cfbdde6-8624-4eaa-8751-e83e589f3d27.png?v=1779840370,1,"",false,,,,,,,,,,,,,,,,,ICON-CU,,,,,,,,,,,,,,,,,,,,'1,,,,,,,,,,,,,,,,,,,,,,,,,,,,,,,,,,,,g,,,false,,,false,,,false,,,false,,,false,,,false,,,false,,,false,,,false,,,false,,,false,,,false,,,false,,,false,,,false,,,false,,,false,,,false,,,false,,,false,,,false,,,false,,,false,,,false,,,false,,,false,,,false,,,false,,,false,,,false,,,false,,,false,,,false,,,false,,,active
v2-golf-ball,,,,,,,,,Large,,,,,,,,ICON-45782325657857,0.0,,deny,manual,48.00,,true,true,,,,,,,,,,,,,,,,,,,,,,,,,,,,,,,,,,,,,,,,,,,,,,,,,,,,,,,,,,,,,,,,,,,,,,,,,,,,,,,,,,g,,,,,,,,,,,,,,,,,,,,,,,,,,,,,,,,,,,,,,,,,,,,,,,,,,,,,,,,,,,,,,,,,,,,,,,,,,,,,,,,,,,,,,,,,,,,,,,,,,,,,,,,,
v2-golf-ball,,,,,,,,,Medium,,,,,,,,ICON-45782325690625,0.0,,deny,manual,24.00,,true,true,,,,,,,,,,,,,,,,,,,,,,,,,,,,,,,,,,,,,,,,,,,,,,,,,,,,,,,,,,,,,,,,,,,,,,,,,,,,,,,,,,g,,,,,,,,,,,,,,,,,,,,,,,,,,,,,,,,,,,,,,,,,,,,,,,,,,,,,,,,,,,,,,,,,,,,,,,,,,,,,,,,,,,,,,,,,,,,,,,,,,,,,,,,,
v2-golf-bag,Golf Bag Embroidered Icon,"",Abbode Embroidery Design,Product Add-Ons > Product Customization,Embroidery Design,"hidden, icon, instant_exclude, revoq-no-withdrawal, webster-live",true,Size,Small,,,,,,,,ICON-45782325526785,0.0,,deny,manual,24.00,,true,true,,,,,,https://cdn.shopify.com/s/files/1/0321/4956/9675/files/download_67149592-18d6-4184-b401-50300ac4cbef.png?v=1779840368,1,"",false,,,,,,,,,,,,,,,,,ICON-CU,,,,,,,,,,,,,,,,,,,,'1,,,,,,,,,,,,,,,,,,,,,,,,,,,,,,,,,,,,g,,,false,,,false,,,false,,,false,,,false,,,false,,,false,,,false,,,false,,,false,,,false,,,false,,,false,,,false,,,false,,,false,,,false,,,false,,,false,,,false,,,false,,,false,,,false,,,false,,,false,,,false,,,false,,,false,,,false,,,false,,,false,,,false,,,false,,,false,,,active
v2-golf-bag,,,,,,,,,Large,,,,,,,,ICON-45782325559553,0.0,,deny,manual,48.00,,true,true,,,,,,,,,,,,,,,,,,,,,,,,,,,,,,,,,,,,,,,,,,,,,,,,,,,,,,,,,,,,,,,,,,,,,,,,,,,,,,,,,,g,,,,,,,,,,,,,,,,,,,,,,,,,,,,,,,,,,,,,,,,,,,,,,,,,,,,,,,,,,,,,,,,,,,,,,,,,,,,,,,,,,,,,,,,,,,,,,,,,,,,,,,,,
v2-golf-bag,,,,,,,,,Medium,,,,,,,,ICON-45782325592321,0.0,,deny,manual,24.00,,true,true,,,,,,,,,,,,,,,,,,,,,,,,,,,,,,,,,,,,,,,,,,,,,,,,,,,,,,,,,,,,,,,,,,,,,,,,,,,,,,,,,,g,,,,,,,,,,,,,,,,,,,,,,,,,,,,,,,,,,,,,,,,,,,,,,,,,,,,,,,,,,,,,,,,,,,,,,,,,,,,,,,,,,,,,,,,,,,,,,,,,,,,,,,,,
v2-garlic,Garlic Embroidered Icon,"",Abbode Embroidery Design,Product Add-Ons > Product Customization,Embroidery Design,"hidden, icon, instant_exclude, revoq-no-withdrawal, webster-live",true,Size,Small,,,,,,,,ICON-45782325428481,0.0,,deny,manual,24.00,,true,true,,,,,,https://cdn.shopify.com/s/files/1/0321/4956/9675/files/download_409826fb-1d78-4662-aa35-8ca754de2ed9.png?v=1779840369,1,"",false,,,,,,,,,,,,,,,,,ICON-CU,,,,,,,,,,,,,,,,,,,,'1,,,,,,,,,,,,,,,,,,,,,,,,,,,,,,,,,,,,g,,,false,,,false,,,false,,,false,,,false,,,false,,,false,,,false,,,false,,,false,,,false,,,false,,,false,,,false,,,false,,,false,,,false,,,false,,,false,,,false,,,false,,,false,,,false,,,false,,,false,,,false,,,false,,,false,,,false,,,false,,,false,,,false,,,false,,,false,,,active
v2-garlic,,,,,,,,,Large,,,,,,,,ICON-45782325461249,0.0,,deny,manual,48.00,,true,true,,,,,,,,,,,,,,,,,,,,,,,,,,,,,,,,,,,,,,,,,,,,,,,,,,,,,,,,,,,,,,,,,,,,,,,,,,,,,,,,,,g,,,,,,,,,,,,,,,,,,,,,,,,,,,,,,,,,,,,,,,,,,,,,,,,,,,,,,,,,,,,,,,,,,,,,,,,,,,,,,,,,,,,,,,,,,,,,,,,,,,,,,,,,
v2-garlic,,,,,,,,,Medium,,,,,,,,ICON-45782325494017,0.0,,deny,manual,24.00,,true,true,,,,,,,,,,,,,,,,,,,,,,,,,,,,,,,,,,,,,,,,,,,,,,,,,,,,,,,,,,,,,,,,,,,,,,,,,,,,,,,,,,g,,,,,,,,,,,,,,,,,,,,,,,,,,,,,,,,,,,,,,,,,,,,,,,,,,,,,,,,,,,,,,,,,,,,,,,,,,,,,,,,,,,,,,,,,,,,,,,,,,,,,,,,,
v2-fries,Fries Embroidered Icon,"",Abbode Embroidery Design,Product Add-Ons > Product Customization,Embroidery Design,"hidden, icon, instant_exclude, revoq-no-withdrawal, webster-live",true,Size,Small,,,,,,,,ICON-45782325330177,0.0,,deny,manual,24.00,,true,true,,,,,,https://cdn.shopify.com/s/files/1/0321/4956/9675/files/download_f3662b33-616d-44bb-8db7-a78165bf3b9a.png?v=1779840369,1,"",false,,,,,,,,,,,,,,,,,ICON-CU,,,,,,,,,,,,,,,,,,,,'1,,,,,,,,,,,,,,,,,,,,,,,,,,,,,,,,,,,,g,,,false,,,false,,,false,,,false,,,false,,,false,,,false,,,false,,,false,,,false,,,false,,,false,,,false,,,false,,,false,,,false,,,false,,,false,,,false,,,false,,,false,,,false,,,false,,,false,,,false,,,false,,,false,,,false,,,false,,,false,,,false,,,false,,,false,,,false,,,active
v2-fries,,,,,,,,,Large,,,,,,,,ICON-45782325362945,0.0,,deny,manual,48.00,,true,true,,,,,,,,,,,,,,,,,,,,,,,,,,,,,,,,,,,,,,,,,,,,,,,,,,,,,,,,,,,,,,,,,,,,,,,,,,,,,,,,,,g,,,,,,,,,,,,,,,,,,,,,,,,,,,,,,,,,,,,,,,,,,,,,,,,,,,,,,,,,,,,,,,,,,,,,,,,,,,,,,,,,,,,,,,,,,,,,,,,,,,,,,,,,
v2-fries,,,,,,,,,Medium,,,,,,,,ICON-45782325395713,0.0,,deny,manual,24.00,,true,true,,,,,,,,,,,,,,,,,,,,,,,,,,,,,,,,,,,,,,,,,,,,,,,,,,,,,,,,,,,,,,,,,,,,,,,,,,,,,,,,,,g,,,,,,,,,,,,,,,,,,,,,,,,,,,,,,,,,,,,,,,,,,,,,,,,,,,,,,,,,,,,,,,,,,,,,,,,,,,,,,,,,,,,,,,,,,,,,,,,,,,,,,,,,
v2-four-olives-on-toothpick,Four Olives on Toothpick Embroidered Icon,"",Abbode Embroidery Design,Product Add-Ons > Product Customization,Embroidery Design,"hidden, icon, instant_exclude, revoq-no-withdrawal, webster-live",true,Size,Small,,,,,,,,ICON-45782324838657,0.0,,deny,manual,24.00,,true,true,,,,,,https://cdn.shopify.com/s/files/1/0321/4956/9675/files/download_949a0500-a842-460e-8062-474586c92221.png?v=1779840369,1,"",false,,,,,,,,,,,,,,,,,ICON-CU,,,,,,,,,,,,,,,,,,,,'1,,,,,,,,,,,,,,,,,,,,,,,,,,,,,,,,,,,,g,,,false,,,false,,,false,,,false,,,false,,,false,,,false,,,false,,,false,,,false,,,false,,,false,,,false,,,false,,,false,,,false,,,false,,,false,,,false,,,false,,,false,,,false,,,false,,,false,,,false,,,false,,,false,,,false,,,false,,,false,,,false,,,false,,,false,,,false,,,active
v2-four-olives-on-toothpick,,,,,,,,,Large,,,,,,,,ICON-45782324871425,0.0,,deny,manual,48.00,,true,true,,,,,,,,,,,,,,,,,,,,,,,,,,,,,,,,,,,,,,,,,,,,,,,,,,,,,,,,,,,,,,,,,,,,,,,,,,,,,,,,,,g,,,,,,,,,,,,,,,,,,,,,,,,,,,,,,,,,,,,,,,,,,,,,,,,,,,,,,,,,,,,,,,,,,,,,,,,,,,,,,,,,,,,,,,,,,,,,,,,,,,,,,,,,
v2-four-olives-on-toothpick,,,,,,,,,Medium,,,,,,,,ICON-45782324904193,0.0,,deny,manual,24.00,,true,true,,,,,,,,,,,,,,,,,,,,,,,,,,,,,,,,,,,,,,,,,,,,,,,,,,,,,,,,,,,,,,,,,,,,,,,,,,,,,,,,,,g,,,,,,,,,,,,,,,,,,,,,,,,,,,,,,,,,,,,,,,,,,,,,,,,,,,,,,,,,,,,,,,,,,,,,,,,,,,,,,,,,,,,,,,,,,,,,,,,,,,,,,,,,
v2-football,Football Embroidered Icon,"",Abbode Embroidery Design,Product Add-Ons > Product Customization,Embroidery Design,"hidden, icon, instant_exclude, revoq-no-withdrawal, webster-live",true,Size,Small,,,,,,,,ICON-45782324347137,0.0,,deny,manual,24.00,,true,true,,,,,,https://cdn.shopify.com/s/files/1/0321/4956/9675/files/download_12336ca5-c3a1-4ba3-b95e-095bef0c6526.png?v=1779840369,1,"",false,,,,,,,,,,,,,,,,,ICON-CU,,,,,,,,,,,,,,,,,,,,'1,,,,,,,,,,,,,,,,,,,,,,,,,,,,,,,,,,,,g,,,false,,,false,,,false,,,false,,,false,,,false,,,false,,,false,,,false,,,false,,,false,,,false,,,false,,,false,,,false,,,false,,,false,,,false,,,false,,,false,,,false,,,false,,,false,,,false,,,false,,,false,,,false,,,false,,,false,,,false,,,false,,,false,,,false,,,false,,,active
v2-football,,,,,,,,,Large,,,,,,,,ICON-45782324379905,0.0,,deny,manual,48.00,,true,true,,,,,,,,,,,,,,,,,,,,,,,,,,,,,,,,,,,,,,,,,,,,,,,,,,,,,,,,,,,,,,,,,,,,,,,,,,,,,,,,,,g,,,,,,,,,,,,,,,,,,,,,,,,,,,,,,,,,,,,,,,,,,,,,,,,,,,,,,,,,,,,,,,,,,,,,,,,,,,,,,,,,,,,,,,,,,,,,,,,,,,,,,,,,
v2-football,,,,,,,,,Medium,,,,,,,,ICON-45782324412673,0.0,,deny,manual,24.00,,true,true,,,,,,,,,,,,,,,,,,,,,,,,,,,,,,,,,,,,,,,,,,,,,,,,,,,,,,,,,,,,,,,,,,,,,,,,,,,,,,,,,,g,,,,,,,,,,,,,,,,,,,,,,,,,,,,,,,,,,,,,,,,,,,,,,,,,,,,,,,,,,,,,,,,,,,,,,,,,,,,,,,,,,,,,,,,,,,,,,,,,,,,,,,,,
example-t-shirt,Example T-Shirt Embroidered Icon,"",Abbode Embroidery Design,Product Add-Ons > Product Customization,Embroidery Design,"hidden, icon, instant_exclude, revoq-no-withdrawal, webster-live",true,Size,Large,,,,,,,,ICON-45782323495169,0.0,,deny,manual,48.00,,true,true,,,,,,https://cdn.shopify.com/s/files/1/0321/4956/9675/files/green-t-shirt.jpg?v=1779840369,1,"",false,,,,,,,,,,,,,,,,,ICON-CU,,,,,,,,,,,,,,,,,,,,'1,,,,,,,,,,,,,,,,,,,,,,,,,,,,,,,,,,,,g,,,false,,,false,,,false,,,false,,,false,,,false,,,false,,,false,,,false,,,false,,,false,,,false,,,false,,,false,,,false,,,false,,,false,,,false,,,false,,,false,,,false,,,false,,,false,,,false,,,false,,,false,,,false,,,false,,,false,,,false,,,false,,,false,,,false,,,false,,,active
example-t-shirt,,,,,,,,,Medium,,,,,,,,ICON-45782323527937,0.0,,deny,manual,24.00,,true,true,,,,,,,,,,,,,,,,,,,,,,,,,,,,,,,,,,,,,,,,,,,,,,,,,,,,,,,,,,,,,,,,,,,,,,,,,,,,,,,,,,g,,,,,,,,,,,,,,,,,,,,,,,,,,,,,,,,,,,,,,,,,,,,,,,,,,,,,,,,,,,,,,,,,,,,,,,,,,,,,,,,,,,,,,,,,,,,,,,,,,,,,,,,,
v2-evil-eye1,Evil Eye1 Embroidered Icon,"",Abbode Embroidery Design,Product Add-Ons > Product Customization,Embroidery Design,"hidden, icon, instant_exclude, revoq-no-withdrawal, webster-live",true,Size,Small,,,,,,,,ICON-45782322610433,0.0,,deny,manual,24.00,,true,true,,,,,,https://cdn.shopify.com/s/files/1/0321/4956/9675/files/download_34be251d-f21b-4ee9-b179-7db45aeab3d2.png?v=1779840369,1,"",false,,,,,,,,,,,,,,,,,ICON-CU,,,,,,,,,,,,,,,,,,,,'1,,,,,,,,,,,,,,,,,,,,,,,,,,,,,,,,,,,,g,,,false,,,false,,,false,,,false,,,false,,,false,,,false,,,false,,,false,,,false,,,false,,,false,,,false,,,false,,,false,,,false,,,false,,,false,,,false,,,false,,,false,,,false,,,false,,,false,,,false,,,false,,,false,,,false,,,false,,,false,,,false,,,false,,,false,,,false,,,active
v2-evil-eye1,,,,,,,,,Large,,,,,,,,ICON-45782322643201,0.0,,deny,manual,48.00,,true,true,,,,,,,,,,,,,,,,,,,,,,,,,,,,,,,,,,,,,,,,,,,,,,,,,,,,,,,,,,,,,,,,,,,,,,,,,,,,,,,,,,g,,,,,,,,,,,,,,,,,,,,,,,,,,,,,,,,,,,,,,,,,,,,,,,,,,,,,,,,,,,,,,,,,,,,,,,,,,,,,,,,,,,,,,,,,,,,,,,,,,,,,,,,,
v2-evil-eye1,,,,,,,,,Medium,,,,,,,,ICON-45782322675969,0.0,,deny,manual,24.00,,true,true,,,,,,,,,,,,,,,,,,,,,,,,,,,,,,,,,,,,,,,,,,,,,,,,,,,,,,,,,,,,,,,,,,,,,,,,,,,,,,,,,,g,,,,,,,,,,,,,,,,,,,,,,,,,,,,,,,,,,,,,,,,,,,,,,,,,,,,,,,,,,,,,,,,,,,,,,,,,,,,,,,,,,,,,,,,,,,,,,,,,,,,,,,,,
v2-espresso-martini,Espresso Martini Embroidered Icon,"",Abbode Embroidery Design,Product Add-Ons > Product Customization,Embroidery Design,"hidden, icon, instant_exclude, revoq-no-withdrawal, webster-live",true,Size,Small,,,,,,,,ICON-45782322512129,0.0,,deny,manual,24.00,,true,true,,,,,,https://cdn.shopify.com/s/files/1/0321/4956/9675/files/download_939fca6e-2d70-43e2-be32-897e26aa4c2d.png?v=1779840369,1,"",false,,,,,,,,,,,,,,,,,ICON-CU,,,,,,,,,,,,,,,,,,,,'1,,,,,,,,,,,,,,,,,,,,,,,,,,,,,,,,,,,,g,,,false,,,false,,,false,,,false,,,false,,,false,,,false,,,false,,,false,,,false,,,false,,,false,,,false,,,false,,,false,,,false,,,false,,,false,,,false,,,false,,,false,,,false,,,false,,,false,,,false,,,false,,,false,,,false,,,false,,,false,,,false,,,false,,,false,,,false,,,active
v2-espresso-martini,,,,,,,,,Large,,,,,,,,ICON-45782322544897,0.0,,deny,manual,48.00,,true,true,,,,,,,,,,,,,,,,,,,,,,,,,,,,,,,,,,,,,,,,,,,,,,,,,,,,,,,,,,,,,,,,,,,,,,,,,,,,,,,,,,g,,,,,,,,,,,,,,,,,,,,,,,,,,,,,,,,,,,,,,,,,,,,,,,,,,,,,,,,,,,,,,,,,,,,,,,,,,,,,,,,,,,,,,,,,,,,,,,,,,,,,,,,,
v2-espresso-martini,,,,,,,,,Medium,,,,,,,,ICON-45782322577665,0.0,,deny,manual,24.00,,true,true,,,,,,,,,,,,,,,,,,,,,,,,,,,,,,,,,,,,,,,,,,,,,,,,,,,,,,,,,,,,,,,,,,,,,,,,,,,,,,,,,,g,,,,,,,,,,,,,,,,,,,,,,,,,,,,,,,,,,,,,,,,,,,,,,,,,,,,,,,,,,,,,,,,,,,,,,,,,,,,,,,,,,,,,,,,,,,,,,,,,,,,,,,,,
v2-envelope,Envelope Embroidered Icon,"",Abbode Embroidery Design,Product Add-Ons > Product Customization,Embroidery Design,"hidden, icon, instant_exclude, revoq-no-withdrawal, webster-live",true,Size,Small,,,,,,,,ICON-45782322413825,0.0,,deny,manual,24.00,,true,true,,,,,,https://cdn.shopify.com/s/files/1/0321/4956/9675/files/download_97bf57d7-61c1-4559-8100-96caa3851f2b.png?v=1779840369,1,"",false,,,,,,,,,,,,,,,,,ICON-CU,,,,,,,,,,,,,,,,,,,,'1,,,,,,,,,,,,,,,,,,,,,,,,,,,,,,,,,,,,g,,,false,,,false,,,false,,,false,,,false,,,false,,,false,,,false,,,false,,,false,,,false,,,false,,,false,,,false,,,false,,,false,,,false,,,false,,,false,,,false,,,false,,,false,,,false,,,false,,,false,,,false,,,false,,,false,,,false,,,false,,,false,,,false,,,false,,,false,,,active
v2-envelope,,,,,,,,,Large,,,,,,,,ICON-45782322446593,0.0,,deny,manual,48.00,,true,true,,,,,,,,,,,,,,,,,,,,,,,,,,,,,,,,,,,,,,,,,,,,,,,,,,,,,,,,,,,,,,,,,,,,,,,,,,,,,,,,,,g,,,,,,,,,,,,,,,,,,,,,,,,,,,,,,,,,,,,,,,,,,,,,,,,,,,,,,,,,,,,,,,,,,,,,,,,,,,,,,,,,,,,,,,,,,,,,,,,,,,,,,,,,
v2-envelope,,,,,,,,,Medium,,,,,,,,ICON-45782322479361,0.0,,deny,manual,24.00,,true,true,,,,,,,,,,,,,,,,,,,,,,,,,,,,,,,,,,,,,,,,,,,,,,,,,,,,,,,,,,,,,,,,,,,,,,,,,,,,,,,,,,g,,,,,,,,,,,,,,,,,,,,,,,,,,,,,,,,,,,,,,,,,,,,,,,,,,,,,,,,,,,,,,,,,,,,,,,,,,,,,,,,,,,,,,,,,,,,,,,,,,,,,,,,,
v2-elbow-pasta,Elbow Pasta Embroidered Icon,"",Abbode Embroidery Design,Product Add-Ons > Product Customization,Embroidery Design,"hidden, icon, instant_exclude, revoq-no-withdrawal, webster-live",true,Size,Small,,,,,,,,ICON-45782322315521,0.0,,deny,manual,24.00,,true,true,,,,,,https://cdn.shopify.com/s/files/1/0321/4956/9675/files/download_9a7286e3-b3e1-49eb-b3ed-80e138cd581d.png?v=1779840369,1,"",false,,,,,,,,,,,,,,,,,ICON-CU,,,,,,,,,,,,,,,,,,,,'1,,,,,,,,,,,,,,,,,,,,,,,,,,,,,,,,,,,,g,,,false,,,false,,,false,,,false,,,false,,,false,,,false,,,false,,,false,,,false,,,false,,,false,,,false,,,false,,,false,,,false,,,false,,,false,,,false,,,false,,,false,,,false,,,false,,,false,,,false,,,false,,,false,,,false,,,false,,,false,,,false,,,false,,,false,,,false,,,active
v2-elbow-pasta,,,,,,,,,Large,,,,,,,,ICON-45782322348289,0.0,,deny,manual,48.00,,true,true,,,,,,,,,,,,,,,,,,,,,,,,,,,,,,,,,,,,,,,,,,,,,,,,,,,,,,,,,,,,,,,,,,,,,,,,,,,,,,,,,,g,,,,,,,,,,,,,,,,,,,,,,,,,,,,,,,,,,,,,,,,,,,,,,,,,,,,,,,,,,,,,,,,,,,,,,,,,,,,,,,,,,,,,,,,,,,,,,,,,,,,,,,,,
v2-elbow-pasta,,,,,,,,,Medium,,,,,,,,ICON-45782322381057,0.0,,deny,manual,24.00,,true,true,,,,,,,,,,,,,,,,,,,,,,,,,,,,,,,,,,,,,,,,,,,,,,,,,,,,,,,,,,,,,,,,,,,,,,,,,,,,,,,,,,g,,,,,,,,,,,,,,,,,,,,,,,,,,,,,,,,,,,,,,,,,,,,,,,,,,,,,,,,,,,,,,,,,,,,,,,,,,,,,,,,,,,,,,,,,,,,,,,,,,,,,,,,,
v2-eggplant,Eggplant Embroidered Icon,"",Abbode Embroidery Design,Product Add-Ons > Product Customization,Embroidery Design,"hidden, icon, instant_exclude, revoq-no-withdrawal, webster-live",true,Size,Small,,,,,,,,ICON-45782322217217,0.0,,deny,manual,24.00,,true,true,,,,,,https://cdn.shopify.com/s/files/1/0321/4956/9675/files/download_73e25abb-7c71-4c8f-8ed5-b9af3b9a7d26.png?v=1779840369,1,"",false,,,,,,,,,,,,,,,,,ICON-CU,,,,,,,,,,,,,,,,,,,,'1,,,,,,,,,,,,,,,,,,,,,,,,,,,,,,,,,,,,g,,,false,,,false,,,false,,,false,,,false,,,false,,,false,,,false,,,false,,,false,,,false,,,false,,,false,,,false,,,false,,,false,,,false,,,false,,,false,,,false,,,false,,,false,,,false,,,false,,,false,,,false,,,false,,,false,,,false,,,false,,,false,,,false,,,false,,,false,,,active
v2-eggplant,,,,,,,,,Large,,,,,,,,ICON-45782322249985,0.0,,deny,manual,48.00,,true,true,,,,,,,,,,,,,,,,,,,,,,,,,,,,,,,,,,,,,,,,,,,,,,,,,,,,,,,,,,,,,,,,,,,,,,,,,,,,,,,,,,g,,,,,,,,,,,,,,,,,,,,,,,,,,,,,,,,,,,,,,,,,,,,,,,,,,,,,,,,,,,,,,,,,,,,,,,,,,,,,,,,,,,,,,,,,,,,,,,,,,,,,,,,,
v2-eggplant,,,,,,,,,Medium,,,,,,,,ICON-45782322282753,0.0,,deny,manual,24.00,,true,true,,,,,,,,,,,,,,,,,,,,,,,,,,,,,,,,,,,,,,,,,,,,,,,,,,,,,,,,,,,,,,,,,,,,,,,,,,,,,,,,,,g,,,,,,,,,,,,,,,,,,,,,,,,,,,,,,,,,,,,,,,,,,,,,,,,,,,,,,,,,,,,,,,,,,,,,,,,,,,,,,,,,,,,,,,,,,,,,,,,,,,,,,,,,
v2-egg,Egg Embroidered Icon,"",Abbode Embroidery Design,Product Add-Ons > Product Customization,Embroidery Design,"hidden, icon, instant_exclude, revoq-no-withdrawal, webster-live",true,Size,Small,,,,,,,,ICON-45782322118913,0.0,,deny,manual,24.00,,true,true,,,,,,https://cdn.shopify.com/s/files/1/0321/4956/9675/files/download_a97d9331-deea-46fa-9fcd-4661b9c5cfef.png?v=1779840370,1,"",false,,,,,,,,,,,,,,,,,ICON-CU,,,,,,,,,,,,,,,,,,,,'1,,,,,,,,,,,,,,,,,,,,,,,,,,,,,,,,,,,,g,,,false,,,false,,,false,,,false,,,false,,,false,,,false,,,false,,,false,,,false,,,false,,,false,,,false,,,false,,,false,,,false,,,false,,,false,,,false,,,false,,,false,,,false,,,false,,,false,,,false,,,false,,,false,,,false,,,false,,,false,,,false,,,false,,,false,,,false,,,active
v2-egg,,,,,,,,,Large,,,,,,,,ICON-45782322151681,0.0,,deny,manual,48.00,,true,true,,,,,,,,,,,,,,,,,,,,,,,,,,,,,,,,,,,,,,,,,,,,,,,,,,,,,,,,,,,,,,,,,,,,,,,,,,,,,,,,,,g,,,,,,,,,,,,,,,,,,,,,,,,,,,,,,,,,,,,,,,,,,,,,,,,,,,,,,,,,,,,,,,,,,,,,,,,,,,,,,,,,,,,,,,,,,,,,,,,,,,,,,,,,
v2-egg,,,,,,,,,Medium,,,,,,,,ICON-45782322184449,0.0,,deny,manual,24.00,,true,true,,,,,,,,,,,,,,,,,,,,,,,,,,,,,,,,,,,,,,,,,,,,,,,,,,,,,,,,,,,,,,,,,,,,,,,,,,,,,,,,,,g,,,,,,,,,,,,,,,,,,,,,,,,,,,,,,,,,,,,,,,,,,,,,,,,,,,,,,,,,,,,,,,,,,,,,,,,,,,,,,,,,,,,,,,,,,,,,,,,,,,,,,,,,
v2-dumpling,Dumpling Embroidered Icon,"",Abbode Embroidery Design,Product Add-Ons > Product Customization,Embroidery Design,"hidden, icon, instant_exclude, revoq-no-withdrawal, webster-live",true,Size,Small,,,,,,,,ICON-45782322020609,0.0,,deny,manual,24.00,,true,true,,,,,,https://cdn.shopify.com/s/files/1/0321/4956/9675/files/download_630aad42-2cec-46f9-ba83-7e10f5a1b062.png?v=1779840369,1,"",false,,,,,,,,,,,,,,,,,ICON-CU,,,,,,,,,,,,,,,,,,,,'1,,,,,,,,,,,,,,,,,,,,,,,,,,,,,,,,,,,,g,,,false,,,false,,,false,,,false,,,false,,,false,,,false,,,false,,,false,,,false,,,false,,,false,,,false,,,false,,,false,,,false,,,false,,,false,,,false,,,false,,,false,,,false,,,false,,,false,,,false,,,false,,,false,,,false,,,false,,,false,,,false,,,false,,,false,,,false,,,active
v2-dumpling,,,,,,,,,Large,,,,,,,,ICON-45782322053377,0.0,,deny,manual,48.00,,true,true,,,,,,,,,,,,,,,,,,,,,,,,,,,,,,,,,,,,,,,,,,,,,,,,,,,,,,,,,,,,,,,,,,,,,,,,,,,,,,,,,,g,,,,,,,,,,,,,,,,,,,,,,,,,,,,,,,,,,,,,,,,,,,,,,,,,,,,,,,,,,,,,,,,,,,,,,,,,,,,,,,,,,,,,,,,,,,,,,,,,,,,,,,,,
v2-dumpling,,,,,,,,,Medium,,,,,,,,ICON-45782322086145,0.0,,deny,manual,24.00,,true,true,,,,,,,,,,,,,,,,,,,,,,,,,,,,,,,,,,,,,,,,,,,,,,,,,,,,,,,,,,,,,,,,,,,,,,,,,,,,,,,,,,g,,,,,,,,,,,,,,,,,,,,,,,,,,,,,,,,,,,,,,,,,,,,,,,,,,,,,,,,,,,,,,,,,,,,,,,,,,,,,,,,,,,,,,,,,,,,,,,,,,,,,,,,,
v2-donut,Donut Embroidered Icon,"",Abbode Embroidery Design,Product Add-Ons > Product Customization,Embroidery Design,"hidden, icon, instant_exclude, revoq-no-withdrawal, webster-live",true,Size,Small,,,,,,,,ICON-45782321922305,0.0,,deny,manual,24.00,,true,true,,,,,,https://cdn.shopify.com/s/files/1/0321/4956/9675/files/download_0772e06f-8ef5-4e8c-a4a4-9efc2ba96480.png?v=1779840369,1,"",false,,,,,,,,,,,,,,,,,ICON-CU,,,,,,,,,,,,,,,,,,,,'1,,,,,,,,,,,,,,,,,,,,,,,,,,,,,,,,,,,,g,,,false,,,false,,,false,,,false,,,false,,,false,,,false,,,false,,,false,,,false,,,false,,,false,,,false,,,false,,,false,,,false,,,false,,,false,,,false,,,false,,,false,,,false,,,false,,,false,,,false,,,false,,,false,,,false,,,false,,,false,,,false,,,false,,,false,,,false,,,active
v2-donut,,,,,,,,,Large,,,,,,,,ICON-45782321955073,0.0,,deny,manual,48.00,,true,true,,,,,,,,,,,,,,,,,,,,,,,,,,,,,,,,,,,,,,,,,,,,,,,,,,,,,,,,,,,,,,,,,,,,,,,,,,,,,,,,,,g,,,,,,,,,,,,,,,,,,,,,,,,,,,,,,,,,,,,,,,,,,,,,,,,,,,,,,,,,,,,,,,,,,,,,,,,,,,,,,,,,,,,,,,,,,,,,,,,,,,,,,,,,
v2-donut,,,,,,,,,Medium,,,,,,,,ICON-45782321987841,0.0,,deny,manual,24.00,,true,true,,,,,,,,,,,,,,,,,,,,,,,,,,,,,,,,,,,,,,,,,,,,,,,,,,,,,,,,,,,,,,,,,,,,,,,,,,,,,,,,,,g,,,,,,,,,,,,,,,,,,,,,,,,,,,,,,,,,,,,,,,,,,,,,,,,,,,,,,,,,,,,,,,,,,,,,,,,,,,,,,,,,,,,,,,,,,,,,,,,,,,,,,,,,
v2-domino2,Domino2 Embroidered Icon,"",Abbode Embroidery Design,Product Add-Ons > Product Customization,Embroidery Design,"hidden, icon, instant_exclude, revoq-no-withdrawal, webster-live",true,Size,Small,,,,,,,,ICON-45782321824001,0.0,,deny,manual,24.00,,true,true,,,,,,https://cdn.shopify.com/s/files/1/0321/4956/9675/files/download_22b2504d-44f7-41b5-892e-35c9bf372267.png?v=1779840370,1,"",false,,,,,,,,,,,,,,,,,ICON-CU,,,,,,,,,,,,,,,,,,,,'1,,,,,,,,,,,,,,,,,,,,,,,,,,,,,,,,,,,,g,,,false,,,false,,,false,,,false,,,false,,,false,,,false,,,false,,,false,,,false,,,false,,,false,,,false,,,false,,,false,,,false,,,false,,,false,,,false,,,false,,,false,,,false,,,false,,,false,,,false,,,false,,,false,,,false,,,false,,,false,,,false,,,false,,,false,,,false,,,active
v2-domino2,,,,,,,,,Large,,,,,,,,ICON-45782321856769,0.0,,deny,manual,48.00,,true,true,,,,,,,,,,,,,,,,,,,,,,,,,,,,,,,,,,,,,,,,,,,,,,,,,,,,,,,,,,,,,,,,,,,,,,,,,,,,,,,,,,g,,,,,,,,,,,,,,,,,,,,,,,,,,,,,,,,,,,,,,,,,,,,,,,,,,,,,,,,,,,,,,,,,,,,,,,,,,,,,,,,,,,,,,,,,,,,,,,,,,,,,,,,,
v2-domino2,,,,,,,,,Medium,,,,,,,,ICON-45782321889537,0.0,,deny,manual,24.00,,true,true,,,,,,,,,,,,,,,,,,,,,,,,,,,,,,,,,,,,,,,,,,,,,,,,,,,,,,,,,,,,,,,,,,,,,,,,,,,,,,,,,,g,,,,,,,,,,,,,,,,,,,,,,,,,,,,,,,,,,,,,,,,,,,,,,,,,,,,,,,,,,,,,,,,,,,,,,,,,,,,,,,,,,,,,,,,,,,,,,,,,,,,,,,,,
v2-domino1,Domino1 Embroidered Icon,"",Abbode Embroidery Design,Product Add-Ons > Product Customization,Embroidery Design,"hidden, icon, instant_exclude, revoq-no-withdrawal, webster-live",true,Size,Small,,,,,,,,ICON-45782321725697,0.0,,deny,manual,24.00,,true,true,,,,,,https://cdn.shopify.com/s/files/1/0321/4956/9675/files/download_214995b2-bf53-4357-8922-b734d872489f.png?v=1779840369,1,"",false,,,,,,,,,,,,,,,,,ICON-CU,,,,,,,,,,,,,,,,,,,,'1,,,,,,,,,,,,,,,,,,,,,,,,,,,,,,,,,,,,g,,,false,,,false,,,false,,,false,,,false,,,false,,,false,,,false,,,false,,,false,,,false,,,false,,,false,,,false,,,false,,,false,,,false,,,false,,,false,,,false,,,false,,,false,,,false,,,false,,,false,,,false,,,false,,,false,,,false,,,false,,,false,,,false,,,false,,,false,,,active
v2-domino1,,,,,,,,,Large,,,,,,,,ICON-45782321758465,0.0,,deny,manual,48.00,,true,true,,,,,,,,,,,,,,,,,,,,,,,,,,,,,,,,,,,,,,,,,,,,,,,,,,,,,,,,,,,,,,,,,,,,,,,,,,,,,,,,,,g,,,,,,,,,,,,,,,,,,,,,,,,,,,,,,,,,,,,,,,,,,,,,,,,,,,,,,,,,,,,,,,,,,,,,,,,,,,,,,,,,,,,,,,,,,,,,,,,,,,,,,,,,
v2-domino1,,,,,,,,,Medium,,,,,,,,ICON-45782321791233,0.0,,deny,manual,24.00,,true,true,,,,,,,,,,,,,,,,,,,,,,,,,,,,,,,,,,,,,,,,,,,,,,,,,,,,,,,,,,,,,,,,,,,,,,,,,,,,,,,,,,g,,,,,,,,,,,,,,,,,,,,,,,,,,,,,,,,,,,,,,,,,,,,,,,,,,,,,,,,,,,,,,,,,,,,,,,,,,,,,,,,,,,,,,,,,,,,,,,,,,,,,,,,,
v2-dice-fixed,Dice Fixed Embroidered Icon,"",Abbode Embroidery Design,Product Add-Ons > Product Customization,Embroidery Design,"hidden, icon, instant_exclude, revoq-no-withdrawal, webster-live",true,Size,Small,,,,,,,,ICON-45782321627393,0.0,,deny,manual,24.00,,true,true,,,,,,https://cdn.shopify.com/s/files/1/0321/4956/9675/files/download_17c198f1-0083-4ba3-a778-3ceba1fc07c7.png?v=1779840370,1,"",false,,,,,,,,,,,,,,,,,ICON-CU,,,,,,,,,,,,,,,,,,,,'1,,,,,,,,,,,,,,,,,,,,,,,,,,,,,,,,,,,,g,,,false,,,false,,,false,,,false,,,false,,,false,,,false,,,false,,,false,,,false,,,false,,,false,,,false,,,false,,,false,,,false,,,false,,,false,,,false,,,false,,,false,,,false,,,false,,,false,,,false,,,false,,,false,,,false,,,false,,,false,,,false,,,false,,,false,,,false,,,active
v2-dice-fixed,,,,,,,,,Large,,,,,,,,ICON-45782321660161,0.0,,deny,manual,48.00,,true,true,,,,,,,,,,,,,,,,,,,,,,,,,,,,,,,,,,,,,,,,,,,,,,,,,,,,,,,,,,,,,,,,,,,,,,,,,,,,,,,,,,g,,,,,,,,,,,,,,,,,,,,,,,,,,,,,,,,,,,,,,,,,,,,,,,,,,,,,,,,,,,,,,,,,,,,,,,,,,,,,,,,,,,,,,,,,,,,,,,,,,,,,,,,,
v2-dice-fixed,,,,,,,,,Medium,,,,,,,,ICON-45782321692929,0.0,,deny,manual,24.00,,true,true,,,,,,,,,,,,,,,,,,,,,,,,,,,,,,,,,,,,,,,,,,,,,,,,,,,,,,,,,,,,,,,,,,,,,,,,,,,,,,,,,,g,,,,,,,,,,,,,,,,,,,,,,,,,,,,,,,,,,,,,,,,,,,,,,,,,,,,,,,,,,,,,,,,,,,,,,,,,,,,,,,,,,,,,,,,,,,,,,,,,,,,,,,,,
v2-diamond-suit,Diamond Suit Embroidered Icon,"",Abbode Embroidery Design,Product Add-Ons > Product Customization,Embroidery Design,"hidden, icon, instant_exclude, revoq-no-withdrawal, webster-live",true,Size,Small,,,,,,,,ICON-45782321529089,0.0,,deny,manual,24.00,,true,true,,,,,,https://cdn.shopify.com/s/files/1/0321/4956/9675/files/Diamond_Suit.png?v=1779840369,1,"",false,,,,,,,,,,,,,,,,,ICON-CU,,,,,,,,,,,,,,,,,,,,'1,,,,,,,,,,,,,,,,,,,,,,,,,,,,,,,,,,,,g,,,false,,,false,,,false,,,false,,,false,,,false,,,false,,,false,,,false,,,false,,,false,,,false,,,false,,,false,,,false,,,false,,,false,,,false,,,false,,,false,,,false,,,false,,,false,,,false,,,false,,,false,,,false,,,false,,,false,,,false,,,false,,,false,,,false,,,false,,,active
v2-diamond-suit,,,,,,,,,Large,,,,,,,,ICON-45782321561857,0.0,,deny,manual,48.00,,true,true,,,,,,,,,,,,,,,,,,,,,,,,,,,,,,,,,,,,,,,,,,,,,,,,,,,,,,,,,,,,,,,,,,,,,,,,,,,,,,,,,,g,,,,,,,,,,,,,,,,,,,,,,,,,,,,,,,,,,,,,,,,,,,,,,,,,,,,,,,,,,,,,,,,,,,,,,,,,,,,,,,,,,,,,,,,,,,,,,,,,,,,,,,,,
v2-diamond-suit,,,,,,,,,Medium,,,,,,,,ICON-45782321594625,0.0,,deny,manual,24.00,,true,true,,,,,,,,,,,,,,,,,,,,,,,,,,,,,,,,,,,,,,,,,,,,,,,,,,,,,,,,,,,,,,,,,,,,,,,,,,,,,,,,,,g,,,,,,,,,,,,,,,,,,,,,,,,,,,,,,,,,,,,,,,,,,,,,,,,,,,,,,,,,,,,,,,,,,,,,,,,,,,,,,,,,,,,,,,,,,,,,,,,,,,,,,,,,
v2-diamond,Diamond Embroidered Icon,"",Abbode Embroidery Design,Product Add-Ons > Product Customization,Embroidery Design,"hidden, icon, instant_exclude, revoq-no-withdrawal, webster-live",true,Size,Small,,,,,,,,ICON-45782321430785,0.0,,deny,manual,24.00,,true,true,,,,,,https://cdn.shopify.com/s/files/1/0321/4956/9675/files/download_803f8a67-c0aa-46ba-82a5-447604d5e9f5.png?v=1779840426,1,"",false,,,,,,,,,,,,,,,,,ICON-CU,,,,,,,,,,,,,,,,,,,,'1,,,,,,,,,,,,,,,,,,,,,,,,,,,,,,,,,,,,g,,,false,,,false,,,false,,,false,,,false,,,false,,,false,,,false,,,false,,,false,,,false,,,false,,,false,,,false,,,false,,,false,,,false,,,false,,,false,,,false,,,false,,,false,,,false,,,false,,,false,,,false,,,false,,,false,,,false,,,false,,,false,,,false,,,false,,,false,,,active
v2-diamond,,,,,,,,,Large,,,,,,,,ICON-45782321463553,0.0,,deny,manual,48.00,,true,true,,,,,,,,,,,,,,,,,,,,,,,,,,,,,,,,,,,,,,,,,,,,,,,,,,,,,,,,,,,,,,,,,,,,,,,,,,,,,,,,,,g,,,,,,,,,,,,,,,,,,,,,,,,,,,,,,,,,,,,,,,,,,,,,,,,,,,,,,,,,,,,,,,,,,,,,,,,,,,,,,,,,,,,,,,,,,,,,,,,,,,,,,,,,
v2-diamond,,,,,,,,,Medium,,,,,,,,ICON-45782321496321,0.0,,deny,manual,24.00,,true,true,,,,,,,,,,,,,,,,,,,,,,,,,,,,,,,,,,,,,,,,,,,,,,,,,,,,,,,,,,,,,,,,,,,,,,,,,,,,,,,,,,g,,,,,,,,,,,,,,,,,,,,,,,,,,,,,,,,,,,,,,,,,,,,,,,,,,,,,,,,,,,,,,,,,,,,,,,,,,,,,,,,,,,,,,,,,,,,,,,,,,,,,,,,,
v2-croissant,Croissant Embroidered Icon,"",Abbode Embroidery Design,Product Add-Ons > Product Customization,Embroidery Design,"hidden, icon, instant_exclude, revoq-no-withdrawal, webster-live",true,Size,Small,,,,,,,,ICON-45782321332481,0.0,,deny,manual,24.00,,true,true,,,,,,https://cdn.shopify.com/s/files/1/0321/4956/9675/files/download_29f2478f-3b51-4251-a676-22ebb796435e.png?v=1779840426,1,"",false,,,,,,,,,,,,,,,,,ICON-CU,,,,,,,,,,,,,,,,,,,,'1,,,,,,,,,,,,,,,,,,,,,,,,,,,,,,,,,,,,g,,,false,,,false,,,false,,,false,,,false,,,false,,,false,,,false,,,false,,,false,,,false,,,false,,,false,,,false,,,false,,,false,,,false,,,false,,,false,,,false,,,false,,,false,,,false,,,false,,,false,,,false,,,false,,,false,,,false,,,false,,,false,,,false,,,false,,,false,,,active
v2-croissant,,,,,,,,,Large,,,,,,,,ICON-45782321365249,0.0,,deny,manual,48.00,,true,true,,,,,,,,,,,,,,,,,,,,,,,,,,,,,,,,,,,,,,,,,,,,,,,,,,,,,,,,,,,,,,,,,,,,,,,,,,,,,,,,,,g,,,,,,,,,,,,,,,,,,,,,,,,,,,,,,,,,,,,,,,,,,,,,,,,,,,,,,,,,,,,,,,,,,,,,,,,,,,,,,,,,,,,,,,,,,,,,,,,,,,,,,,,,
v2-croissant,,,,,,,,,Medium,,,,,,,,ICON-45782321398017,0.0,,deny,manual,24.00,,true,true,,,,,,,,,,,,,,,,,,,,,,,,,,,,,,,,,,,,,,,,,,,,,,,,,,,,,,,,,,,,,,,,,,,,,,,,,,,,,,,,,,g,,,,,,,,,,,,,,,,,,,,,,,,,,,,,,,,,,,,,,,,,,,,,,,,,,,,,,,,,,,,,,,,,,,,,,,,,,,,,,,,,,,,,,,,,,,,,,,,,,,,,,,,,
v2-cowboy-boot-blue,Cowboy Boot Blue Embroidered Icon,"",Abbode Embroidery Design,Product Add-Ons > Product Customization,Embroidery Design,"hidden, icon, instant_exclude, revoq-no-withdrawal, webster-live",true,Size,Small,,,,,,,,ICON-45782318874881,0.0,,deny,manual,24.00,,true,true,,,,,,https://cdn.shopify.com/s/files/1/0321/4956/9675/files/download_88911da7-1649-4d1b-b677-8cab9381774a.png?v=1779840426,1,"",false,,,,,,,,,,,,,,,,,ICON-CU,,,,,,,,,,,,,,,,,,,,'1,,,,,,,,,,,,,,,,,,,,,,,,,,,,,,,,,,,,g,,,false,,,false,,,false,,,false,,,false,,,false,,,false,,,false,,,false,,,false,,,false,,,false,,,false,,,false,,,false,,,false,,,false,,,false,,,false,,,false,,,false,,,false,,,false,,,false,,,false,,,false,,,false,,,false,,,false,,,false,,,false,,,false,,,false,,,false,,,active
v2-cowboy-boot-blue,,,,,,,,,Large,,,,,,,,ICON-45782318907649,0.0,,deny,manual,48.00,,true,true,,,,,,,,,,,,,,,,,,,,,,,,,,,,,,,,,,,,,,,,,,,,,,,,,,,,,,,,,,,,,,,,,,,,,,,,,,,,,,,,,,g,,,,,,,,,,,,,,,,,,,,,,,,,,,,,,,,,,,,,,,,,,,,,,,,,,,,,,,,,,,,,,,,,,,,,,,,,,,,,,,,,,,,,,,,,,,,,,,,,,,,,,,,,
v2-cowboy-boot-blue,,,,,,,,,Medium,,,,,,,,ICON-45782318940417,0.0,,deny,manual,24.00,,true,true,,,,,,,,,,,,,,,,,,,,,,,,,,,,,,,,,,,,,,,,,,,,,,,,,,,,,,,,,,,,,,,,,,,,,,,,,,,,,,,,,,g,,,,,,,,,,,,,,,,,,,,,,,,,,,,,,,,,,,,,,,,,,,,,,,,,,,,,,,,,,,,,,,,,,,,,,,,,,,,,,,,,,,,,,,,,,,,,,,,,,,,,,,,,
v2-corndog,Corndog Embroidered Icon,"",Abbode Embroidery Design,Product Add-Ons > Product Customization,Embroidery Design,"hidden, icon, instant_exclude, revoq-no-withdrawal, webster-live",true,Size,Small,,,,,,,,ICON-45782318776577,0.0,,deny,manual,24.00,,true,true,,,,,,https://cdn.shopify.com/s/files/1/0321/4956/9675/files/download_9ec22a64-fb97-4984-9afb-28a93026719d.png?v=1779840426,1,"",false,,,,,,,,,,,,,,,,,ICON-CU,,,,,,,,,,,,,,,,,,,,'1,,,,,,,,,,,,,,,,,,,,,,,,,,,,,,,,,,,,g,,,false,,,false,,,false,,,false,,,false,,,false,,,false,,,false,,,false,,,false,,,false,,,false,,,false,,,false,,,false,,,false,,,false,,,false,,,false,,,false,,,false,,,false,,,false,,,false,,,false,,,false,,,false,,,false,,,false,,,false,,,false,,,false,,,false,,,false,,,active
v2-corndog,,,,,,,,,Large,,,,,,,,ICON-45782318809345,0.0,,deny,manual,48.00,,true,true,,,,,,,,,,,,,,,,,,,,,,,,,,,,,,,,,,,,,,,,,,,,,,,,,,,,,,,,,,,,,,,,,,,,,,,,,,,,,,,,,,g,,,,,,,,,,,,,,,,,,,,,,,,,,,,,,,,,,,,,,,,,,,,,,,,,,,,,,,,,,,,,,,,,,,,,,,,,,,,,,,,,,,,,,,,,,,,,,,,,,,,,,,,,
v2-corndog,,,,,,,,,Medium,,,,,,,,ICON-45782318842113,0.0,,deny,manual,24.00,,true,true,,,,,,,,,,,,,,,,,,,,,,,,,,,,,,,,,,,,,,,,,,,,,,,,,,,,,,,,,,,,,,,,,,,,,,,,,,,,,,,,,,g,,,,,,,,,,,,,,,,,,,,,,,,,,,,,,,,,,,,,,,,,,,,,,,,,,,,,,,,,,,,,,,,,,,,,,,,,,,,,,,,,,,,,,,,,,,,,,,,,,,,,,,,,
v2-coffee1,Coffee1 Embroidered Icon,"",Abbode Embroidery Design,Product Add-Ons > Product Customization,Embroidery Design,"hidden, icon, instant_exclude, revoq-no-withdrawal, webster-live",true,Size,Small,,,,,,,,ICON-45782318678273,0.0,,deny,manual,24.00,,true,true,,,,,,https://cdn.shopify.com/s/files/1/0321/4956/9675/files/download_21020f70-61e9-416f-acff-547acfa3a5c5.png?v=1779840427,1,"",false,,,,,,,,,,,,,,,,,ICON-CU,,,,,,,,,,,,,,,,,,,,'1,,,,,,,,,,,,,,,,,,,,,,,,,,,,,,,,,,,,g,,,false,,,false,,,false,,,false,,,false,,,false,,,false,,,false,,,false,,,false,,,false,,,false,,,false,,,false,,,false,,,false,,,false,,,false,,,false,,,false,,,false,,,false,,,false,,,false,,,false,,,false,,,false,,,false,,,false,,,false,,,false,,,false,,,false,,,false,,,active
v2-coffee1,,,,,,,,,Large,,,,,,,,ICON-45782318711041,0.0,,deny,manual,48.00,,true,true,,,,,,,,,,,,,,,,,,,,,,,,,,,,,,,,,,,,,,,,,,,,,,,,,,,,,,,,,,,,,,,,,,,,,,,,,,,,,,,,,,g,,,,,,,,,,,,,,,,,,,,,,,,,,,,,,,,,,,,,,,,,,,,,,,,,,,,,,,,,,,,,,,,,,,,,,,,,,,,,,,,,,,,,,,,,,,,,,,,,,,,,,,,,
v2-coffee1,,,,,,,,,Medium,,,,,,,,ICON-45782318743809,0.0,,deny,manual,24.00,,true,true,,,,,,,,,,,,,,,,,,,,,,,,,,,,,,,,,,,,,,,,,,,,,,,,,,,,,,,,,,,,,,,,,,,,,,,,,,,,,,,,,,g,,,,,,,,,,,,,,,,,,,,,,,,,,,,,,,,,,,,,,,,,,,,,,,,,,,,,,,,,,,,,,,,,,,,,,,,,,,,,,,,,,,,,,,,,,,,,,,,,,,,,,,,,
v2-cocktail3,Cocktail3 Embroidered Icon,"",Abbode Embroidery Design,Product Add-Ons > Product Customization,Embroidery Design,"hidden, icon, instant_exclude, revoq-no-withdrawal, webster-live",true,Size,Small,,,,,,,,ICON-45782318579969,0.0,,deny,manual,24.00,,true,true,,,,,,https://cdn.shopify.com/s/files/1/0321/4956/9675/files/download_4fd9612d-6441-4dff-ae2f-9e3225760556.png?v=1779840426,1,"",false,,,,,,,,,,,,,,,,,ICON-CU,,,,,,,,,,,,,,,,,,,,'1,,,,,,,,,,,,,,,,,,,,,,,,,,,,,,,,,,,,g,,,false,,,false,,,false,,,false,,,false,,,false,,,false,,,false,,,false,,,false,,,false,,,false,,,false,,,false,,,false,,,false,,,false,,,false,,,false,,,false,,,false,,,false,,,false,,,false,,,false,,,false,,,false,,,false,,,false,,,false,,,false,,,false,,,false,,,false,,,active
v2-cocktail3,,,,,,,,,Large,,,,,,,,ICON-45782318612737,0.0,,deny,manual,48.00,,true,true,,,,,,,,,,,,,,,,,,,,,,,,,,,,,,,,,,,,,,,,,,,,,,,,,,,,,,,,,,,,,,,,,,,,,,,,,,,,,,,,,,g,,,,,,,,,,,,,,,,,,,,,,,,,,,,,,,,,,,,,,,,,,,,,,,,,,,,,,,,,,,,,,,,,,,,,,,,,,,,,,,,,,,,,,,,,,,,,,,,,,,,,,,,,
v2-cocktail3,,,,,,,,,Medium,,,,,,,,ICON-45782318645505,0.0,,deny,manual,24.00,,true,true,,,,,,,,,,,,,,,,,,,,,,,,,,,,,,,,,,,,,,,,,,,,,,,,,,,,,,,,,,,,,,,,,,,,,,,,,,,,,,,,,,g,,,,,,,,,,,,,,,,,,,,,,,,,,,,,,,,,,,,,,,,,,,,,,,,,,,,,,,,,,,,,,,,,,,,,,,,,,,,,,,,,,,,,,,,,,,,,,,,,,,,,,,,,
v2-cocktail2,Cocktail2 Embroidered Icon,"",Abbode Embroidery Design,Product Add-Ons > Product Customization,Embroidery Design,"hidden, icon, instant_exclude, revoq-no-withdrawal, webster-live",true,Size,Small,,,,,,,,ICON-45782318481665,0.0,,deny,manual,24.00,,true,true,,,,,,https://cdn.shopify.com/s/files/1/0321/4956/9675/files/download_75e9f9b6-0e34-48c1-83c2-19b3091f5dd3.png?v=1779840427,1,"",false,,,,,,,,,,,,,,,,,ICON-CU,,,,,,,,,,,,,,,,,,,,'1,,,,,,,,,,,,,,,,,,,,,,,,,,,,,,,,,,,,g,,,false,,,false,,,false,,,false,,,false,,,false,,,false,,,false,,,false,,,false,,,false,,,false,,,false,,,false,,,false,,,false,,,false,,,false,,,false,,,false,,,false,,,false,,,false,,,false,,,false,,,false,,,false,,,false,,,false,,,false,,,false,,,false,,,false,,,false,,,active
v2-cocktail2,,,,,,,,,Large,,,,,,,,ICON-45782318514433,0.0,,deny,manual,48.00,,true,true,,,,,,,,,,,,,,,,,,,,,,,,,,,,,,,,,,,,,,,,,,,,,,,,,,,,,,,,,,,,,,,,,,,,,,,,,,,,,,,,,,g,,,,,,,,,,,,,,,,,,,,,,,,,,,,,,,,,,,,,,,,,,,,,,,,,,,,,,,,,,,,,,,,,,,,,,,,,,,,,,,,,,,,,,,,,,,,,,,,,,,,,,,,,
v2-cocktail2,,,,,,,,,Medium,,,,,,,,ICON-45782318547201,0.0,,deny,manual,24.00,,true,true,,,,,,,,,,,,,,,,,,,,,,,,,,,,,,,,,,,,,,,,,,,,,,,,,,,,,,,,,,,,,,,,,,,,,,,,,,,,,,,,,,g,,,,,,,,,,,,,,,,,,,,,,,,,,,,,,,,,,,,,,,,,,,,,,,,,,,,,,,,,,,,,,,,,,,,,,,,,,,,,,,,,,,,,,,,,,,,,,,,,,,,,,,,,
v2-cocktail1,Cocktail1 Embroidered Icon,"",Abbode Embroidery Design,Product Add-Ons > Product Customization,Embroidery Design,"hidden, icon, instant_exclude, revoq-no-withdrawal, webster-live",true,Size,Small,,,,,,,,ICON-45782318383361,0.0,,deny,manual,24.00,,true,true,,,,,,https://cdn.shopify.com/s/files/1/0321/4956/9675/files/download_53f04e6e-254c-4f61-9521-7928c1d2cdb6.png?v=1779840426,1,"",false,,,,,,,,,,,,,,,,,ICON-CU,,,,,,,,,,,,,,,,,,,,'1,,,,,,,,,,,,,,,,,,,,,,,,,,,,,,,,,,,,g,,,false,,,false,,,false,,,false,,,false,,,false,,,false,,,false,,,false,,,false,,,false,,,false,,,false,,,false,,,false,,,false,,,false,,,false,,,false,,,false,,,false,,,false,,,false,,,false,,,false,,,false,,,false,,,false,,,false,,,false,,,false,,,false,,,false,,,false,,,active
v2-cocktail1,,,,,,,,,Large,,,,,,,,ICON-45782318416129,0.0,,deny,manual,48.00,,true,true,,,,,,,,,,,,,,,,,,,,,,,,,,,,,,,,,,,,,,,,,,,,,,,,,,,,,,,,,,,,,,,,,,,,,,,,,,,,,,,,,,g,,,,,,,,,,,,,,,,,,,,,,,,,,,,,,,,,,,,,,,,,,,,,,,,,,,,,,,,,,,,,,,,,,,,,,,,,,,,,,,,,,,,,,,,,,,,,,,,,,,,,,,,,
v2-cocktail1,,,,,,,,,Medium,,,,,,,,ICON-45782318448897,0.0,,deny,manual,24.00,,true,true,,,,,,,,,,,,,,,,,,,,,,,,,,,,,,,,,,,,,,,,,,,,,,,,,,,,,,,,,,,,,,,,,,,,,,,,,,,,,,,,,,g,,,,,,,,,,,,,,,,,,,,,,,,,,,,,,,,,,,,,,,,,,,,,,,,,,,,,,,,,,,,,,,,,,,,,,,,,,,,,,,,,,,,,,,,,,,,,,,,,,,,,,,,,
v2-club-suit,Club Suit Embroidered Icon,"",Abbode Embroidery Design,Product Add-Ons > Product Customization,Embroidery Design,"hidden, icon, instant_exclude, revoq-no-withdrawal, webster-live",true,Size,Small,,,,,,,,ICON-45782318285057,0.0,,deny,manual,24.00,,true,true,,,,,,https://cdn.shopify.com/s/files/1/0321/4956/9675/files/download_425a5c02-163b-4d08-a40c-8cd80bfefe98.png?v=1779840427,1,"",false,,,,,,,,,,,,,,,,,ICON-CU,,,,,,,,,,,,,,,,,,,,'1,,,,,,,,,,,,,,,,,,,,,,,,,,,,,,,,,,,,g,,,false,,,false,,,false,,,false,,,false,,,false,,,false,,,false,,,false,,,false,,,false,,,false,,,false,,,false,,,false,,,false,,,false,,,false,,,false,,,false,,,false,,,false,,,false,,,false,,,false,,,false,,,false,,,false,,,false,,,false,,,false,,,false,,,false,,,false,,,active
v2-club-suit,,,,,,,,,Large,,,,,,,,ICON-45782318317825,0.0,,deny,manual,48.00,,true,true,,,,,,,,,,,,,,,,,,,,,,,,,,,,,,,,,,,,,,,,,,,,,,,,,,,,,,,,,,,,,,,,,,,,,,,,,,,,,,,,,,g,,,,,,,,,,,,,,,,,,,,,,,,,,,,,,,,,,,,,,,,,,,,,,,,,,,,,,,,,,,,,,,,,,,,,,,,,,,,,,,,,,,,,,,,,,,,,,,,,,,,,,,,,
v2-club-suit,,,,,,,,,Medium,,,,,,,,ICON-45782318350593,0.0,,deny,manual,24.00,,true,true,,,,,,,,,,,,,,,,,,,,,,,,,,,,,,,,,,,,,,,,,,,,,,,,,,,,,,,,,,,,,,,,,,,,,,,,,,,,,,,,,,g,,,,,,,,,,,,,,,,,,,,,,,,,,,,,,,,,,,,,,,,,,,,,,,,,,,,,,,,,,,,,,,,,,,,,,,,,,,,,,,,,,,,,,,,,,,,,,,,,,,,,,,,,
v2-clover,Clover Embroidered Icon,"",Abbode Embroidery Design,Product Add-Ons > Product Customization,Embroidery Design,"hidden, icon, instant_exclude, revoq-no-withdrawal, webster-live",true,Size,Small,,,,,,,,ICON-45782318186753,0.0,,deny,manual,24.00,,true,true,,,,,,https://cdn.shopify.com/s/files/1/0321/4956/9675/files/download_df97ae94-cb5d-466b-a882-469efaed4377.png?v=1779840426,1,"",false,,,,,,,,,,,,,,,,,ICON-CU,,,,,,,,,,,,,,,,,,,,'1,,,,,,,,,,,,,,,,,,,,,,,,,,,,,,,,,,,,g,,,false,,,false,,,false,,,false,,,false,,,false,,,false,,,false,,,false,,,false,,,false,,,false,,,false,,,false,,,false,,,false,,,false,,,false,,,false,,,false,,,false,,,false,,,false,,,false,,,false,,,false,,,false,,,false,,,false,,,false,,,false,,,false,,,false,,,false,,,active
v2-clover,,,,,,,,,Large,,,,,,,,ICON-45782318219521,0.0,,deny,manual,48.00,,true,true,,,,,,,,,,,,,,,,,,,,,,,,,,,,,,,,,,,,,,,,,,,,,,,,,,,,,,,,,,,,,,,,,,,,,,,,,,,,,,,,,,g,,,,,,,,,,,,,,,,,,,,,,,,,,,,,,,,,,,,,,,,,,,,,,,,,,,,,,,,,,,,,,,,,,,,,,,,,,,,,,,,,,,,,,,,,,,,,,,,,,,,,,,,,
v2-clover,,,,,,,,,Medium,,,,,,,,ICON-45782318252289,0.0,,deny,manual,24.00,,true,true,,,,,,,,,,,,,,,,,,,,,,,,,,,,,,,,,,,,,,,,,,,,,,,,,,,,,,,,,,,,,,,,,,,,,,,,,,,,,,,,,,g,,,,,,,,,,,,,,,,,,,,,,,,,,,,,,,,,,,,,,,,,,,,,,,,,,,,,,,,,,,,,,,,,,,,,,,,,,,,,,,,,,,,,,,,,,,,,,,,,,,,,,,,,
v2-cigarette,Cigarette Embroidered Icon,"",Abbode Embroidery Design,Product Add-Ons > Product Customization,Embroidery Design,"hidden, icon, instant_exclude, revoq-no-withdrawal, webster-live",true,Size,Small,,,,,,,,ICON-45782318088449,0.0,,deny,manual,24.00,,true,true,,,,,,https://cdn.shopify.com/s/files/1/0321/4956/9675/files/download_3daa87c4-7a02-491b-857b-8b4044d7dbd3.png?v=1779840427,1,"",false,,,,,,,,,,,,,,,,,ICON-CU,,,,,,,,,,,,,,,,,,,,'1,,,,,,,,,,,,,,,,,,,,,,,,,,,,,,,,,,,,g,,,false,,,false,,,false,,,false,,,false,,,false,,,false,,,false,,,false,,,false,,,false,,,false,,,false,,,false,,,false,,,false,,,false,,,false,,,false,,,false,,,false,,,false,,,false,,,false,,,false,,,false,,,false,,,false,,,false,,,false,,,false,,,false,,,false,,,false,,,active
v2-cigarette,,,,,,,,,Large,,,,,,,,ICON-45782318121217,0.0,,deny,manual,48.00,,true,true,,,,,,,,,,,,,,,,,,,,,,,,,,,,,,,,,,,,,,,,,,,,,,,,,,,,,,,,,,,,,,,,,,,,,,,,,,,,,,,,,,g,,,,,,,,,,,,,,,,,,,,,,,,,,,,,,,,,,,,,,,,,,,,,,,,,,,,,,,,,,,,,,,,,,,,,,,,,,,,,,,,,,,,,,,,,,,,,,,,,,,,,,,,,
v2-cigarette,,,,,,,,,Medium,,,,,,,,ICON-45782318153985,0.0,,deny,manual,24.00,,true,true,,,,,,,,,,,,,,,,,,,,,,,,,,,,,,,,,,,,,,,,,,,,,,,,,,,,,,,,,,,,,,,,,,,,,,,,,,,,,,,,,,g,,,,,,,,,,,,,,,,,,,,,,,,,,,,,,,,,,,,,,,,,,,,,,,,,,,,,,,,,,,,,,,,,,,,,,,,,,,,,,,,,,,,,,,,,,,,,,,,,,,,,,,,,
v2-chocolate-ice-cream,Chocolate Ice Cream Embroidered Icon,"",Abbode Embroidery Design,Product Add-Ons > Product Customization,Embroidery Design,"hidden, icon, instant_exclude, revoq-no-withdrawal, webster-live",true,Size,Small,,,,,,,,ICON-45782317990145,0.0,,deny,manual,24.00,,true,true,,,,,,https://cdn.shopify.com/s/files/1/0321/4956/9675/files/download_4c31c5c3-fd74-4cfa-8b23-c91e8e1e2483.png?v=1779840427,1,"",false,,,,,,,,,,,,,,,,,ICON-CU,,,,,,,,,,,,,,,,,,,,'1,,,,,,,,,,,,,,,,,,,,,,,,,,,,,,,,,,,,g,,,false,,,false,,,false,,,false,,,false,,,false,,,false,,,false,,,false,,,false,,,false,,,false,,,false,,,false,,,false,,,false,,,false,,,false,,,false,,,false,,,false,,,false,,,false,,,false,,,false,,,false,,,false,,,false,,,false,,,false,,,false,,,false,,,false,,,false,,,active
v2-chocolate-ice-cream,,,,,,,,,Large,,,,,,,,ICON-45782318022913,0.0,,deny,manual,48.00,,true,true,,,,,,,,,,,,,,,,,,,,,,,,,,,,,,,,,,,,,,,,,,,,,,,,,,,,,,,,,,,,,,,,,,,,,,,,,,,,,,,,,,g,,,,,,,,,,,,,,,,,,,,,,,,,,,,,,,,,,,,,,,,,,,,,,,,,,,,,,,,,,,,,,,,,,,,,,,,,,,,,,,,,,,,,,,,,,,,,,,,,,,,,,,,,
v2-chocolate-ice-cream,,,,,,,,,Medium,,,,,,,,ICON-45782318055681,0.0,,deny,manual,24.00,,true,true,,,,,,,,,,,,,,,,,,,,,,,,,,,,,,,,,,,,,,,,,,,,,,,,,,,,,,,,,,,,,,,,,,,,,,,,,,,,,,,,,,g,,,,,,,,,,,,,,,,,,,,,,,,,,,,,,,,,,,,,,,,,,,,,,,,,,,,,,,,,,,,,,,,,,,,,,,,,,,,,,,,,,,,,,,,,,,,,,,,,,,,,,,,,
v2-cherries,Cherries Embroidered Icon,"",Abbode Embroidery Design,Product Add-Ons > Product Customization,Embroidery Design,"hidden, icon, instant_exclude, revoq-no-withdrawal, webster-live",true,Size,Small,,,,,,,,ICON-45782317891841,0.0,,deny,manual,24.00,,true,true,,,,,,https://cdn.shopify.com/s/files/1/0321/4956/9675/files/download_49be50ad-9444-4cd9-8cf2-855324254a3f.png?v=1779840427,1,"",false,,,,,,,,,,,,,,,,,ICON-CU,,,,,,,,,,,,,,,,,,,,'1,,,,,,,,,,,,,,,,,,,,,,,,,,,,,,,,,,,,g,,,false,,,false,,,false,,,false,,,false,,,false,,,false,,,false,,,false,,,false,,,false,,,false,,,false,,,false,,,false,,,false,,,false,,,false,,,false,,,false,,,false,,,false,,,false,,,false,,,false,,,false,,,false,,,false,,,false,,,false,,,false,,,false,,,false,,,false,,,active
v2-cherries,,,,,,,,,Large,,,,,,,,ICON-45782317924609,0.0,,deny,manual,48.00,,true,true,,,,,,,,,,,,,,,,,,,,,,,,,,,,,,,,,,,,,,,,,,,,,,,,,,,,,,,,,,,,,,,,,,,,,,,,,,,,,,,,,,g,,,,,,,,,,,,,,,,,,,,,,,,,,,,,,,,,,,,,,,,,,,,,,,,,,,,,,,,,,,,,,,,,,,,,,,,,,,,,,,,,,,,,,,,,,,,,,,,,,,,,,,,,
v2-cherries,,,,,,,,,Medium,,,,,,,,ICON-45782317957377,0.0,,deny,manual,24.00,,true,true,,,,,,,,,,,,,,,,,,,,,,,,,,,,,,,,,,,,,,,,,,,,,,,,,,,,,,,,,,,,,,,,,,,,,,,,,,,,,,,,,,g,,,,,,,,,,,,,,,,,,,,,,,,,,,,,,,,,,,,,,,,,,,,,,,,,,,,,,,,,,,,,,,,,,,,,,,,,,,,,,,,,,,,,,,,,,,,,,,,,,,,,,,,,
v2-cheese,Cheese Embroidered Icon,"",Abbode Embroidery Design,Product Add-Ons > Product Customization,Embroidery Design,"hidden, icon, instant_exclude, revoq-no-withdrawal, webster-live",true,Size,Small,,,,,,,,ICON-45782317793537,0.0,,deny,manual,24.00,,true,true,,,,,,https://cdn.shopify.com/s/files/1/0321/4956/9675/files/download_d860b19f-7b93-499d-bf38-bd0749617416.png?v=1779840426,1,"",false,,,,,,,,,,,,,,,,,ICON-CU,,,,,,,,,,,,,,,,,,,,'1,,,,,,,,,,,,,,,,,,,,,,,,,,,,,,,,,,,,g,,,false,,,false,,,false,,,false,,,false,,,false,,,false,,,false,,,false,,,false,,,false,,,false,,,false,,,false,,,false,,,false,,,false,,,false,,,false,,,false,,,false,,,false,,,false,,,false,,,false,,,false,,,false,,,false,,,false,,,false,,,false,,,false,,,false,,,false,,,active
v2-cheese,,,,,,,,,Large,,,,,,,,ICON-45782317826305,0.0,,deny,manual,48.00,,true,true,,,,,,,,,,,,,,,,,,,,,,,,,,,,,,,,,,,,,,,,,,,,,,,,,,,,,,,,,,,,,,,,,,,,,,,,,,,,,,,,,,g,,,,,,,,,,,,,,,,,,,,,,,,,,,,,,,,,,,,,,,,,,,,,,,,,,,,,,,,,,,,,,,,,,,,,,,,,,,,,,,,,,,,,,,,,,,,,,,,,,,,,,,,,
v2-cheese,,,,,,,,,Medium,,,,,,,,ICON-45782317859073,0.0,,deny,manual,24.00,,true,true,,,,,,,,,,,,,,,,,,,,,,,,,,,,,,,,,,,,,,,,,,,,,,,,,,,,,,,,,,,,,,,,,,,,,,,,,,,,,,,,,,g,,,,,,,,,,,,,,,,,,,,,,,,,,,,,,,,,,,,,,,,,,,,,,,,,,,,,,,,,,,,,,,,,,,,,,,,,,,,,,,,,,,,,,,,,,,,,,,,,,,,,,,,,
v2-champagne,Champagne Embroidered Icon,"",Abbode Embroidery Design,Product Add-Ons > Product Customization,Embroidery Design,"hidden, icon, instant_exclude, revoq-no-withdrawal, webster-live",true,Size,Small,,,,,,,,ICON-45782317695233,0.0,,deny,manual,24.00,,true,true,,,,,,https://cdn.shopify.com/s/files/1/0321/4956/9675/files/download_944bce49-5131-4fc6-b83b-c3ab473fdbeb.png?v=1779840427,1,"",false,,,,,,,,,,,,,,,,,ICON-CU,,,,,,,,,,,,,,,,,,,,'1,,,,,,,,,,,,,,,,,,,,,,,,,,,,,,,,,,,,g,,,false,,,false,,,false,,,false,,,false,,,false,,,false,,,false,,,false,,,false,,,false,,,false,,,false,,,false,,,false,,,false,,,false,,,false,,,false,,,false,,,false,,,false,,,false,,,false,,,false,,,false,,,false,,,false,,,false,,,false,,,false,,,false,,,false,,,false,,,active
v2-champagne,,,,,,,,,Large,,,,,,,,ICON-45782317728001,0.0,,deny,manual,48.00,,true,true,,,,,,,,,,,,,,,,,,,,,,,,,,,,,,,,,,,,,,,,,,,,,,,,,,,,,,,,,,,,,,,,,,,,,,,,,,,,,,,,,,g,,,,,,,,,,,,,,,,,,,,,,,,,,,,,,,,,,,,,,,,,,,,,,,,,,,,,,,,,,,,,,,,,,,,,,,,,,,,,,,,,,,,,,,,,,,,,,,,,,,,,,,,,
v2-champagne,,,,,,,,,Medium,,,,,,,,ICON-45782317760769,0.0,,deny,manual,24.00,,true,true,,,,,,,,,,,,,,,,,,,,,,,,,,,,,,,,,,,,,,,,,,,,,,,,,,,,,,,,,,,,,,,,,,,,,,,,,,,,,,,,,,g,,,,,,,,,,,,,,,,,,,,,,,,,,,,,,,,,,,,,,,,,,,,,,,,,,,,,,,,,,,,,,,,,,,,,,,,,,,,,,,,,,,,,,,,,,,,,,,,,,,,,,,,,
v2-champagne-bottle,Champagne Bottle Embroidered Icon,"",Abbode Embroidery Design,Product Add-Ons > Product Customization,Embroidery Design,"hidden, icon, instant_exclude, revoq-no-withdrawal, webster-live",true,Size,Small,,,,,,,,ICON-45782317596929,0.0,,deny,manual,24.00,,true,true,,,,,,https://cdn.shopify.com/s/files/1/0321/4956/9675/files/download_688aa844-b0f0-44c7-9c96-377258245507.png?v=1779840426,1,"",false,,,,,,,,,,,,,,,,,ICON-CU,,,,,,,,,,,,,,,,,,,,'1,,,,,,,,,,,,,,,,,,,,,,,,,,,,,,,,,,,,g,,,false,,,false,,,false,,,false,,,false,,,false,,,false,,,false,,,false,,,false,,,false,,,false,,,false,,,false,,,false,,,false,,,false,,,false,,,false,,,false,,,false,,,false,,,false,,,false,,,false,,,false,,,false,,,false,,,false,,,false,,,false,,,false,,,false,,,false,,,active
v2-champagne-bottle,,,,,,,,,Large,,,,,,,,ICON-45782317629697,0.0,,deny,manual,48.00,,true,true,,,,,,,,,,,,,,,,,,,,,,,,,,,,,,,,,,,,,,,,,,,,,,,,,,,,,,,,,,,,,,,,,,,,,,,,,,,,,,,,,,g,,,,,,,,,,,,,,,,,,,,,,,,,,,,,,,,,,,,,,,,,,,,,,,,,,,,,,,,,,,,,,,,,,,,,,,,,,,,,,,,,,,,,,,,,,,,,,,,,,,,,,,,,
v2-champagne-bottle,,,,,,,,,Medium,,,,,,,,ICON-45782317662465,0.0,,deny,manual,24.00,,true,true,,,,,,,,,,,,,,,,,,,,,,,,,,,,,,,,,,,,,,,,,,,,,,,,,,,,,,,,,,,,,,,,,,,,,,,,,,,,,,,,,,g,,,,,,,,,,,,,,,,,,,,,,,,,,,,,,,,,,,,,,,,,,,,,,,,,,,,,,,,,,,,,,,,,,,,,,,,,,,,,,,,,,,,,,,,,,,,,,,,,,,,,,,,,
v2-caviar-fixed,Caviar Fixed Embroidered Icon,"",Abbode Embroidery Design,Product Add-Ons > Product Customization,Embroidery Design,"hidden, icon, instant_exclude, revoq-no-withdrawal, webster-live",true,Size,Small,,,,,,,,ICON-45782317498625,0.0,,deny,manual,24.00,,true,true,,,,,,https://cdn.shopify.com/s/files/1/0321/4956/9675/files/download_638bd438-bf8d-4bfc-b483-cf15914f55ae.png?v=1779840426,1,"",false,,,,,,,,,,,,,,,,,ICON-CU,,,,,,,,,,,,,,,,,,,,'1,,,,,,,,,,,,,,,,,,,,,,,,,,,,,,,,,,,,g,,,false,,,false,,,false,,,false,,,false,,,false,,,false,,,false,,,false,,,false,,,false,,,false,,,false,,,false,,,false,,,false,,,false,,,false,,,false,,,false,,,false,,,false,,,false,,,false,,,false,,,false,,,false,,,false,,,false,,,false,,,false,,,false,,,false,,,false,,,active
v2-caviar-fixed,,,,,,,,,Large,,,,,,,,ICON-45782317531393,0.0,,deny,manual,48.00,,true,true,,,,,,,,,,,,,,,,,,,,,,,,,,,,,,,,,,,,,,,,,,,,,,,,,,,,,,,,,,,,,,,,,,,,,,,,,,,,,,,,,,g,,,,,,,,,,,,,,,,,,,,,,,,,,,,,,,,,,,,,,,,,,,,,,,,,,,,,,,,,,,,,,,,,,,,,,,,,,,,,,,,,,,,,,,,,,,,,,,,,,,,,,,,,
v2-caviar-fixed,,,,,,,,,Medium,,,,,,,,ICON-45782317564161,0.0,,deny,manual,24.00,,true,true,,,,,,,,,,,,,,,,,,,,,,,,,,,,,,,,,,,,,,,,,,,,,,,,,,,,,,,,,,,,,,,,,,,,,,,,,,,,,,,,,,g,,,,,,,,,,,,,,,,,,,,,,,,,,,,,,,,,,,,,,,,,,,,,,,,,,,,,,,,,,,,,,,,,,,,,,,,,,,,,,,,,,,,,,,,,,,,,,,,,,,,,,,,,
v2-call-me-heart,Call Me Heart Embroidered Icon,"",Abbode Embroidery Design,Product Add-Ons > Product Customization,Embroidery Design,"hidden, icon, instant_exclude, revoq-no-withdrawal, webster-live",true,Size,Small,,,,,,,,ICON-45782317400321,0.0,,deny,manual,24.00,,true,true,,,,,,https://cdn.shopify.com/s/files/1/0321/4956/9675/files/download_2eedf03b-90a1-4f9f-b586-cca0f6ac4e3f.png?v=1779840427,1,"",false,,,,,,,,,,,,,,,,,ICON-CU,,,,,,,,,,,,,,,,,,,,'1,,,,,,,,,,,,,,,,,,,,,,,,,,,,,,,,,,,,g,,,false,,,false,,,false,,,false,,,false,,,false,,,false,,,false,,,false,,,false,,,false,,,false,,,false,,,false,,,false,,,false,,,false,,,false,,,false,,,false,,,false,,,false,,,false,,,false,,,false,,,false,,,false,,,false,,,false,,,false,,,false,,,false,,,false,,,false,,,active
v2-call-me-heart,,,,,,,,,Large,,,,,,,,ICON-45782317433089,0.0,,deny,manual,48.00,,true,true,,,,,,,,,,,,,,,,,,,,,,,,,,,,,,,,,,,,,,,,,,,,,,,,,,,,,,,,,,,,,,,,,,,,,,,,,,,,,,,,,,g,,,,,,,,,,,,,,,,,,,,,,,,,,,,,,,,,,,,,,,,,,,,,,,,,,,,,,,,,,,,,,,,,,,,,,,,,,,,,,,,,,,,,,,,,,,,,,,,,,,,,,,,,
v2-call-me-heart,,,,,,,,,Medium,,,,,,,,ICON-45782317465857,0.0,,deny,manual,24.00,,true,true,,,,,,,,,,,,,,,,,,,,,,,,,,,,,,,,,,,,,,,,,,,,,,,,,,,,,,,,,,,,,,,,,,,,,,,,,,,,,,,,,,g,,,,,,,,,,,,,,,,,,,,,,,,,,,,,,,,,,,,,,,,,,,,,,,,,,,,,,,,,,,,,,,,,,,,,,,,,,,,,,,,,,,,,,,,,,,,,,,,,,,,,,,,,
v2-cactus,Cactus Embroidered Icon,"",Abbode Embroidery Design,Product Add-Ons > Product Customization,Embroidery Design,"hidden, icon, instant_exclude, revoq-no-withdrawal, webster-live",true,Size,Small,,,,,,,,ICON-45782317302017,0.0,,deny,manual,24.00,,true,true,,,,,,https://cdn.shopify.com/s/files/1/0321/4956/9675/files/download_7cf45bd7-bbeb-430d-bc8d-5c1f42a1c3ea.png?v=1779840427,1,"",false,,,,,,,,,,,,,,,,,ICON-CU,,,,,,,,,,,,,,,,,,,,'1,,,,,,,,,,,,,,,,,,,,,,,,,,,,,,,,,,,,g,,,false,,,false,,,false,,,false,,,false,,,false,,,false,,,false,,,false,,,false,,,false,,,false,,,false,,,false,,,false,,,false,,,false,,,false,,,false,,,false,,,false,,,false,,,false,,,false,,,false,,,false,,,false,,,false,,,false,,,false,,,false,,,false,,,false,,,false,,,active
v2-cactus,,,,,,,,,Large,,,,,,,,ICON-45782317334785,0.0,,deny,manual,48.00,,true,true,,,,,,,,,,,,,,,,,,,,,,,,,,,,,,,,,,,,,,,,,,,,,,,,,,,,,,,,,,,,,,,,,,,,,,,,,,,,,,,,,,g,,,,,,,,,,,,,,,,,,,,,,,,,,,,,,,,,,,,,,,,,,,,,,,,,,,,,,,,,,,,,,,,,,,,,,,,,,,,,,,,,,,,,,,,,,,,,,,,,,,,,,,,,
v2-cactus,,,,,,,,,Medium,,,,,,,,ICON-45782317367553,0.0,,deny,manual,24.00,,true,true,,,,,,,,,,,,,,,,,,,,,,,,,,,,,,,,,,,,,,,,,,,,,,,,,,,,,,,,,,,,,,,,,,,,,,,,,,,,,,,,,,g,,,,,,,,,,,,,,,,,,,,,,,,,,,,,,,,,,,,,,,,,,,,,,,,,,,,,,,,,,,,,,,,,,,,,,,,,,,,,,,,,,,,,,,,,,,,,,,,,,,,,,,,,
v2-butter,Butter Embroidered Icon,"",Abbode Embroidery Design,Product Add-Ons > Product Customization,Embroidery Design,"hidden, icon, instant_exclude, revoq-no-withdrawal, webster-live",true,Size,Small,,,,,,,,ICON-45782317138177,0.0,,deny,manual,24.00,,true,true,,,,,,https://cdn.shopify.com/s/files/1/0321/4956/9675/files/download_d742f591-47dc-4e60-bcb5-dfdbc62f3735.png?v=1779840427,1,"",false,,,,,,,,,,,,,,,,,ICON-CU,,,,,,,,,,,,,,,,,,,,'1,,,,,,,,,,,,,,,,,,,,,,,,,,,,,,,,,,,,g,,,false,,,false,,,false,,,false,,,false,,,false,,,false,,,false,,,false,,,false,,,false,,,false,,,false,,,false,,,false,,,false,,,false,,,false,,,false,,,false,,,false,,,false,,,false,,,false,,,false,,,false,,,false,,,false,,,false,,,false,,,false,,,false,,,false,,,false,,,active
v2-butter,,,,,,,,,Large,,,,,,,,ICON-45782317170945,0.0,,deny,manual,48.00,,true,true,,,,,,,,,,,,,,,,,,,,,,,,,,,,,,,,,,,,,,,,,,,,,,,,,,,,,,,,,,,,,,,,,,,,,,,,,,,,,,,,,,g,,,,,,,,,,,,,,,,,,,,,,,,,,,,,,,,,,,,,,,,,,,,,,,,,,,,,,,,,,,,,,,,,,,,,,,,,,,,,,,,,,,,,,,,,,,,,,,,,,,,,,,,,
v2-butter,,,,,,,,,Medium,,,,,,,,ICON-45782317203713,0.0,,deny,manual,24.00,,true,true,,,,,,,,,,,,,,,,,,,,,,,,,,,,,,,,,,,,,,,,,,,,,,,,,,,,,,,,,,,,,,,,,,,,,,,,,,,,,,,,,,g,,,,,,,,,,,,,,,,,,,,,,,,,,,,,,,,,,,,,,,,,,,,,,,,,,,,,,,,,,,,,,,,,,,,,,,,,,,,,,,,,,,,,,,,,,,,,,,,,,,,,,,,,
v2-burger,Burger Embroidered Icon,"",Abbode Embroidery Design,Product Add-Ons > Product Customization,Embroidery Design,"hidden, icon, instant_exclude, revoq-no-withdrawal, webster-live",true,Size,Small,,,,,,,,ICON-45782317039873,0.0,,deny,manual,24.00,,true,true,,,,,,https://cdn.shopify.com/s/files/1/0321/4956/9675/files/download_bcd49dc3-f4ce-423b-b634-c206437f6c3b.png?v=1779840427,1,"",false,,,,,,,,,,,,,,,,,ICON-CU,,,,,,,,,,,,,,,,,,,,'1,,,,,,,,,,,,,,,,,,,,,,,,,,,,,,,,,,,,g,,,false,,,false,,,false,,,false,,,false,,,false,,,false,,,false,,,false,,,false,,,false,,,false,,,false,,,false,,,false,,,false,,,false,,,false,,,false,,,false,,,false,,,false,,,false,,,false,,,false,,,false,,,false,,,false,,,false,,,false,,,false,,,false,,,false,,,false,,,active
v2-burger,,,,,,,,,Large,,,,,,,,ICON-45782317072641,0.0,,deny,manual,48.00,,true,true,,,,,,,,,,,,,,,,,,,,,,,,,,,,,,,,,,,,,,,,,,,,,,,,,,,,,,,,,,,,,,,,,,,,,,,,,,,,,,,,,,g,,,,,,,,,,,,,,,,,,,,,,,,,,,,,,,,,,,,,,,,,,,,,,,,,,,,,,,,,,,,,,,,,,,,,,,,,,,,,,,,,,,,,,,,,,,,,,,,,,,,,,,,,
v2-burger,,,,,,,,,Medium,,,,,,,,ICON-45782317105409,0.0,,deny,manual,24.00,,true,true,,,,,,,,,,,,,,,,,,,,,,,,,,,,,,,,,,,,,,,,,,,,,,,,,,,,,,,,,,,,,,,,,,,,,,,,,,,,,,,,,,g,,,,,,,,,,,,,,,,,,,,,,,,,,,,,,,,,,,,,,,,,,,,,,,,,,,,,,,,,,,,,,,,,,,,,,,,,,,,,,,,,,,,,,,,,,,,,,,,,,,,,,,,,
v2-brocoli-fixed,Brocoli Fixed Embroidered Icon,"",Abbode Embroidery Design,Product Add-Ons > Product Customization,Embroidery Design,"hidden, icon, instant_exclude, revoq-no-withdrawal, webster-live",true,Size,Small,,,,,,,,ICON-45782316941569,0.0,,deny,manual,24.00,,true,true,,,,,,https://cdn.shopify.com/s/files/1/0321/4956/9675/files/download_b900fc9a-5bfa-4f97-a628-28d625bd4bee.png?v=1779840427,1,"",false,,,,,,,,,,,,,,,,,ICON-CU,,,,,,,,,,,,,,,,,,,,'1,,,,,,,,,,,,,,,,,,,,,,,,,,,,,,,,,,,,g,,,false,,,false,,,false,,,false,,,false,,,false,,,false,,,false,,,false,,,false,,,false,,,false,,,false,,,false,,,false,,,false,,,false,,,false,,,false,,,false,,,false,,,false,,,false,,,false,,,false,,,false,,,false,,,false,,,false,,,false,,,false,,,false,,,false,,,false,,,active
v2-brocoli-fixed,,,,,,,,,Large,,,,,,,,ICON-45782316974337,0.0,,deny,manual,48.00,,true,true,,,,,,,,,,,,,,,,,,,,,,,,,,,,,,,,,,,,,,,,,,,,,,,,,,,,,,,,,,,,,,,,,,,,,,,,,,,,,,,,,,g,,,,,,,,,,,,,,,,,,,,,,,,,,,,,,,,,,,,,,,,,,,,,,,,,,,,,,,,,,,,,,,,,,,,,,,,,,,,,,,,,,,,,,,,,,,,,,,,,,,,,,,,,
v2-brocoli-fixed,,,,,,,,,Medium,,,,,,,,ICON-45782317007105,0.0,,deny,manual,24.00,,true,true,,,,,,,,,,,,,,,,,,,,,,,,,,,,,,,,,,,,,,,,,,,,,,,,,,,,,,,,,,,,,,,,,,,,,,,,,,,,,,,,,,g,,,,,,,,,,,,,,,,,,,,,,,,,,,,,,,,,,,,,,,,,,,,,,,,,,,,,,,,,,,,,,,,,,,,,,,,,,,,,,,,,,,,,,,,,,,,,,,,,,,,,,,,,
v2-bread,Bread Embroidered Icon,"",Abbode Embroidery Design,Product Add-Ons > Product Customization,Embroidery Design,"hidden, icon, instant_exclude, revoq-no-withdrawal, webster-live",true,Size,Small,,,,,,,,ICON-45782316843265,0.0,,deny,manual,24.00,,true,true,,,,,,https://cdn.shopify.com/s/files/1/0321/4956/9675/files/download_5eff0193-c9a7-46c7-9fe9-398ec6345b95.png?v=1779840427,1,"",false,,,,,,,,,,,,,,,,,ICON-CU,,,,,,,,,,,,,,,,,,,,'1,,,,,,,,,,,,,,,,,,,,,,,,,,,,,,,,,,,,g,,,false,,,false,,,false,,,false,,,false,,,false,,,false,,,false,,,false,,,false,,,false,,,false,,,false,,,false,,,false,,,false,,,false,,,false,,,false,,,false,,,false,,,false,,,false,,,false,,,false,,,false,,,false,,,false,,,false,,,false,,,false,,,false,,,false,,,false,,,active
v2-bread,,,,,,,,,Large,,,,,,,,ICON-45782316876033,0.0,,deny,manual,48.00,,true,true,,,,,,,,,,,,,,,,,,,,,,,,,,,,,,,,,,,,,,,,,,,,,,,,,,,,,,,,,,,,,,,,,,,,,,,,,,,,,,,,,,g,,,,,,,,,,,,,,,,,,,,,,,,,,,,,,,,,,,,,,,,,,,,,,,,,,,,,,,,,,,,,,,,,,,,,,,,,,,,,,,,,,,,,,,,,,,,,,,,,,,,,,,,,
v2-bread,,,,,,,,,Medium,,,,,,,,ICON-45782316908801,0.0,,deny,manual,24.00,,true,true,,,,,,,,,,,,,,,,,,,,,,,,,,,,,,,,,,,,,,,,,,,,,,,,,,,,,,,,,,,,,,,,,,,,,,,,,,,,,,,,,,g,,,,,,,,,,,,,,,,,,,,,,,,,,,,,,,,,,,,,,,,,,,,,,,,,,,,,,,,,,,,,,,,,,,,,,,,,,,,,,,,,,,,,,,,,,,,,,,,,,,,,,,,,
v2-bow3,Bow3 Embroidered Icon,"",Abbode Embroidery Design,Product Add-Ons > Product Customization,Embroidery Design,"hidden, icon, instant_exclude, revoq-no-withdrawal, webster-live",true,Size,Small,,,,,,,,ICON-45782316744961,0.0,,deny,manual,24.00,,true,true,,,,,,https://cdn.shopify.com/s/files/1/0321/4956/9675/files/download_4501d6cb-25a0-4aec-b019-a7b796aefe7a.png?v=1779840426,1,"",false,,,,,,,,,,,,,,,,,ICON-CU,,,,,,,,,,,,,,,,,,,,'1,,,,,,,,,,,,,,,,,,,,,,,,,,,,,,,,,,,,g,,,false,,,false,,,false,,,false,,,false,,,false,,,false,,,false,,,false,,,false,,,false,,,false,,,false,,,false,,,false,,,false,,,false,,,false,,,false,,,false,,,false,,,false,,,false,,,false,,,false,,,false,,,false,,,false,,,false,,,false,,,false,,,false,,,false,,,false,,,active
v2-bow3,,,,,,,,,Large,,,,,,,,ICON-45782316777729,0.0,,deny,manual,48.00,,true,true,,,,,,,,,,,,,,,,,,,,,,,,,,,,,,,,,,,,,,,,,,,,,,,,,,,,,,,,,,,,,,,,,,,,,,,,,,,,,,,,,,g,,,,,,,,,,,,,,,,,,,,,,,,,,,,,,,,,,,,,,,,,,,,,,,,,,,,,,,,,,,,,,,,,,,,,,,,,,,,,,,,,,,,,,,,,,,,,,,,,,,,,,,,,
v2-bow3,,,,,,,,,Medium,,,,,,,,ICON-45782316810497,0.0,,deny,manual,24.00,,true,true,,,,,,,,,,,,,,,,,,,,,,,,,,,,,,,,,,,,,,,,,,,,,,,,,,,,,,,,,,,,,,,,,,,,,,,,,,,,,,,,,,g,,,,,,,,,,,,,,,,,,,,,,,,,,,,,,,,,,,,,,,,,,,,,,,,,,,,,,,,,,,,,,,,,,,,,,,,,,,,,,,,,,,,,,,,,,,,,,,,,,,,,,,,,
v2-botox-needle,Botox Needle Embroidered Icon,"",Abbode Embroidery Design,Product Add-Ons > Product Customization,Embroidery Design,"hidden, icon, instant_exclude, revoq-no-withdrawal, webster-live",true,Size,Small,,,,,,,,ICON-45782316646657,0.0,,deny,manual,24.00,,true,true,,,,,,https://cdn.shopify.com/s/files/1/0321/4956/9675/files/download_ab81b37f-0b45-4756-8649-bb8f692e9609.png?v=1779840426,1,"",false,,,,,,,,,,,,,,,,,ICON-CU,,,,,,,,,,,,,,,,,,,,'1,,,,,,,,,,,,,,,,,,,,,,,,,,,,,,,,,,,,g,,,false,,,false,,,false,,,false,,,false,,,false,,,false,,,false,,,false,,,false,,,false,,,false,,,false,,,false,,,false,,,false,,,false,,,false,,,false,,,false,,,false,,,false,,,false,,,false,,,false,,,false,,,false,,,false,,,false,,,false,,,false,,,false,,,false,,,false,,,active
v2-botox-needle,,,,,,,,,Large,,,,,,,,ICON-45782316679425,0.0,,deny,manual,48.00,,true,true,,,,,,,,,,,,,,,,,,,,,,,,,,,,,,,,,,,,,,,,,,,,,,,,,,,,,,,,,,,,,,,,,,,,,,,,,,,,,,,,,,g,,,,,,,,,,,,,,,,,,,,,,,,,,,,,,,,,,,,,,,,,,,,,,,,,,,,,,,,,,,,,,,,,,,,,,,,,,,,,,,,,,,,,,,,,,,,,,,,,,,,,,,,,
v2-botox-needle,,,,,,,,,Medium,,,,,,,,ICON-45782316712193,0.0,,deny,manual,24.00,,true,true,,,,,,,,,,,,,,,,,,,,,,,,,,,,,,,,,,,,,,,,,,,,,,,,,,,,,,,,,,,,,,,,,,,,,,,,,,,,,,,,,,g,,,,,,,,,,,,,,,,,,,,,,,,,,,,,,,,,,,,,,,,,,,,,,,,,,,,,,,,,,,,,,,,,,,,,,,,,,,,,,,,,,,,,,,,,,,,,,,,,,,,,,,,,
v2-boot-prints,Boot Prints Embroidered Icon,"",Abbode Embroidery Design,Product Add-Ons > Product Customization,Embroidery Design,"hidden, icon, instant_exclude, revoq-no-withdrawal, webster-live",true,Size,Small,,,,,,,,ICON-45782316548353,0.0,,deny,manual,24.00,,true,true,,,,,,https://cdn.shopify.com/s/files/1/0321/4956/9675/files/download_73531da1-8739-4963-bd9d-79e4192bd4ad.png?v=1779840426,1,"",false,,,,,,,,,,,,,,,,,ICON-CU,,,,,,,,,,,,,,,,,,,,'1,,,,,,,,,,,,,,,,,,,,,,,,,,,,,,,,,,,,g,,,false,,,false,,,false,,,false,,,false,,,false,,,false,,,false,,,false,,,false,,,false,,,false,,,false,,,false,,,false,,,false,,,false,,,false,,,false,,,false,,,false,,,false,,,false,,,false,,,false,,,false,,,false,,,false,,,false,,,false,,,false,,,false,,,false,,,false,,,active
v2-boot-prints,,,,,,,,,Large,,,,,,,,ICON-45782316581121,0.0,,deny,manual,48.00,,true,true,,,,,,,,,,,,,,,,,,,,,,,,,,,,,,,,,,,,,,,,,,,,,,,,,,,,,,,,,,,,,,,,,,,,,,,,,,,,,,,,,,g,,,,,,,,,,,,,,,,,,,,,,,,,,,,,,,,,,,,,,,,,,,,,,,,,,,,,,,,,,,,,,,,,,,,,,,,,,,,,,,,,,,,,,,,,,,,,,,,,,,,,,,,,
v2-boot-prints,,,,,,,,,Medium,,,,,,,,ICON-45782316613889,0.0,,deny,manual,24.00,,true,true,,,,,,,,,,,,,,,,,,,,,,,,,,,,,,,,,,,,,,,,,,,,,,,,,,,,,,,,,,,,,,,,,,,,,,,,,,,,,,,,,,g,,,,,,,,,,,,,,,,,,,,,,,,,,,,,,,,,,,,,,,,,,,,,,,,,,,,,,,,,,,,,,,,,,,,,,,,,,,,,,,,,,,,,,,,,,,,,,,,,,,,,,,,,
v2-boarding-pass,Boarding Pass Embroidered Icon,"",Abbode Embroidery Design,Product Add-Ons > Product Customization,Embroidery Design,"hidden, icon, instant_exclude, revoq-no-withdrawal, webster-live",true,Size,Small,,,,,,,,ICON-45782316417281,0.0,,deny,manual,24.00,,true,true,,,,,,https://cdn.shopify.com/s/files/1/0321/4956/9675/files/download_5a5e5b06-0577-4cd9-a647-1412fbf3af6b.png?v=1779840426,1,"",false,,,,,,,,,,,,,,,,,ICON-CU,,,,,,,,,,,,,,,,,,,,'1,,,,,,,,,,,,,,,,,,,,,,,,,,,,,,,,,,,,g,,,false,,,false,,,false,,,false,,,false,,,false,,,false,,,false,,,false,,,false,,,false,,,false,,,false,,,false,,,false,,,false,,,false,,,false,,,false,,,false,,,false,,,false,,,false,,,false,,,false,,,false,,,false,,,false,,,false,,,false,,,false,,,false,,,false,,,false,,,active
v2-boarding-pass,,,,,,,,,Large,,,,,,,,ICON-45782316450049,0.0,,deny,manual,48.00,,true,true,,,,,,,,,,,,,,,,,,,,,,,,,,,,,,,,,,,,,,,,,,,,,,,,,,,,,,,,,,,,,,,,,,,,,,,,,,,,,,,,,,g,,,,,,,,,,,,,,,,,,,,,,,,,,,,,,,,,,,,,,,,,,,,,,,,,,,,,,,,,,,,,,,,,,,,,,,,,,,,,,,,,,,,,,,,,,,,,,,,,,,,,,,,,
v2-boarding-pass,,,,,,,,,Medium,,,,,,,,ICON-45782316482817,0.0,,deny,manual,24.00,,true,true,,,,,,,,,,,,,,,,,,,,,,,,,,,,,,,,,,,,,,,,,,,,,,,,,,,,,,,,,,,,,,,,,,,,,,,,,,,,,,,,,,g,,,,,,,,,,,,,,,,,,,,,,,,,,,,,,,,,,,,,,,,,,,,,,,,,,,,,,,,,,,,,,,,,,,,,,,,,,,,,,,,,,,,,,,,,,,,,,,,,,,,,,,,,
v2-black-poker-chip,Black Poker Chip Embroidered Icon,"",Abbode Embroidery Design,Product Add-Ons > Product Customization,Embroidery Design,"hidden, icon, instant_exclude, revoq-no-withdrawal, webster-live",true,Size,Small,,,,,,,,ICON-45782316318977,0.0,,deny,manual,24.00,,true,true,,,,,,https://cdn.shopify.com/s/files/1/0321/4956/9675/files/download_548040d2-39cc-4b35-9f9b-cb3d6492923f.png?v=1779840426,1,"",false,,,,,,,,,,,,,,,,,ICON-CU,,,,,,,,,,,,,,,,,,,,'1,,,,,,,,,,,,,,,,,,,,,,,,,,,,,,,,,,,,g,,,false,,,false,,,false,,,false,,,false,,,false,,,false,,,false,,,false,,,false,,,false,,,false,,,false,,,false,,,false,,,false,,,false,,,false,,,false,,,false,,,false,,,false,,,false,,,false,,,false,,,false,,,false,,,false,,,false,,,false,,,false,,,false,,,false,,,false,,,active
v2-black-poker-chip,,,,,,,,,Large,,,,,,,,ICON-45782316351745,0.0,,deny,manual,48.00,,true,true,,,,,,,,,,,,,,,,,,,,,,,,,,,,,,,,,,,,,,,,,,,,,,,,,,,,,,,,,,,,,,,,,,,,,,,,,,,,,,,,,,g,,,,,,,,,,,,,,,,,,,,,,,,,,,,,,,,,,,,,,,,,,,,,,,,,,,,,,,,,,,,,,,,,,,,,,,,,,,,,,,,,,,,,,,,,,,,,,,,,,,,,,,,,
v2-black-poker-chip,,,,,,,,,Medium,,,,,,,,ICON-45782316384513,0.0,,deny,manual,24.00,,true,true,,,,,,,,,,,,,,,,,,,,,,,,,,,,,,,,,,,,,,,,,,,,,,,,,,,,,,,,,,,,,,,,,,,,,,,,,,,,,,,,,,g,,,,,,,,,,,,,,,,,,,,,,,,,,,,,,,,,,,,,,,,,,,,,,,,,,,,,,,,,,,,,,,,,,,,,,,,,,,,,,,,,,,,,,,,,,,,,,,,,,,,,,,,,
v2-black-heart,Black Heart Embroidered Icon,"",Abbode Embroidery Design,Product Add-Ons > Product Customization,Embroidery Design,"hidden, icon, instant_exclude, revoq-no-withdrawal, webster-live",true,Size,Small,,,,,,,,ICON-45782316220673,0.0,,deny,manual,24.00,,true,true,,,,,,https://cdn.shopify.com/s/files/1/0321/4956/9675/files/Black_Heart_1be13b86-717e-41a2-9c36-9e7582a6175a.png?v=1779840427,1,"",false,,,,,,,,,,,,,,,,,ICON-CU,,,,,,,,,,,,,,,,,,,,'1,,,,,,,,,,,,,,,,,,,,,,,,,,,,,,,,,,,,g,,,false,,,false,,,false,,,false,,,false,,,false,,,false,,,false,,,false,,,false,,,false,,,false,,,false,,,false,,,false,,,false,,,false,,,false,,,false,,,false,,,false,,,false,,,false,,,false,,,false,,,false,,,false,,,false,,,false,,,false,,,false,,,false,,,false,,,false,,,active
v2-black-heart,,,,,,,,,Large,,,,,,,,ICON-45782316253441,0.0,,deny,manual,48.00,,true,true,,,,,,,,,,,,,,,,,,,,,,,,,,,,,,,,,,,,,,,,,,,,,,,,,,,,,,,,,,,,,,,,,,,,,,,,,,,,,,,,,,g,,,,,,,,,,,,,,,,,,,,,,,,,,,,,,,,,,,,,,,,,,,,,,,,,,,,,,,,,,,,,,,,,,,,,,,,,,,,,,,,,,,,,,,,,,,,,,,,,,,,,,,,,
v2-black-heart,,,,,,,,,Medium,,,,,,,,ICON-45782316286209,0.0,,deny,manual,24.00,,true,true,,,,,,,,,,,,,,,,,,,,,,,,,,,,,,,,,,,,,,,,,,,,,,,,,,,,,,,,,,,,,,,,,,,,,,,,,,,,,,,,,,g,,,,,,,,,,,,,,,,,,,,,,,,,,,,,,,,,,,,,,,,,,,,,,,,,,,,,,,,,,,,,,,,,,,,,,,,,,,,,,,,,,,,,,,,,,,,,,,,,,,,,,,,,
v2-bass-cleff,Bass Cleff Embroidered Icon,"",Abbode Embroidery Design,Product Add-Ons > Product Customization,Embroidery Design,"hidden, icon, instant_exclude, revoq-no-withdrawal, webster-live",true,Size,Small,,,,,,,,ICON-45782316122369,0.0,,deny,manual,24.00,,true,true,,,,,,https://cdn.shopify.com/s/files/1/0321/4956/9675/files/download_f0019298-8f07-4790-b66c-c82ee5c539a1.png?v=1779840427,1,"",false,,,,,,,,,,,,,,,,,ICON-CU,,,,,,,,,,,,,,,,,,,,'1,,,,,,,,,,,,,,,,,,,,,,,,,,,,,,,,,,,,g,,,false,,,false,,,false,,,false,,,false,,,false,,,false,,,false,,,false,,,false,,,false,,,false,,,false,,,false,,,false,,,false,,,false,,,false,,,false,,,false,,,false,,,false,,,false,,,false,,,false,,,false,,,false,,,false,,,false,,,false,,,false,,,false,,,false,,,false,,,active
v2-bass-cleff,,,,,,,,,Large,,,,,,,,ICON-45782316155137,0.0,,deny,manual,48.00,,true,true,,,,,,,,,,,,,,,,,,,,,,,,,,,,,,,,,,,,,,,,,,,,,,,,,,,,,,,,,,,,,,,,,,,,,,,,,,,,,,,,,,g,,,,,,,,,,,,,,,,,,,,,,,,,,,,,,,,,,,,,,,,,,,,,,,,,,,,,,,,,,,,,,,,,,,,,,,,,,,,,,,,,,,,,,,,,,,,,,,,,,,,,,,,,
v2-bass-cleff,,,,,,,,,Medium,,,,,,,,ICON-45782316187905,0.0,,deny,manual,24.00,,true,true,,,,,,,,,,,,,,,,,,,,,,,,,,,,,,,,,,,,,,,,,,,,,,,,,,,,,,,,,,,,,,,,,,,,,,,,,,,,,,,,,,g,,,,,,,,,,,,,,,,,,,,,,,,,,,,,,,,,,,,,,,,,,,,,,,,,,,,,,,,,,,,,,,,,,,,,,,,,,,,,,,,,,,,,,,,,,,,,,,,,,,,,,,,,
v2-basketball,Basketball Embroidered Icon,"",Abbode Embroidery Design,Product Add-Ons > Product Customization,Embroidery Design,"hidden, icon, instant_exclude, revoq-no-withdrawal, webster-live",true,Size,Small,,,,,,,,ICON-45782316024065,0.0,,deny,manual,24.00,,true,true,,,,,,https://cdn.shopify.com/s/files/1/0321/4956/9675/files/download_82a562c2-38a7-4679-8ad2-5078e774657c.png?v=1779840427,1,"",false,,,,,,,,,,,,,,,,,ICON-CU,,,,,,,,,,,,,,,,,,,,'1,,,,,,,,,,,,,,,,,,,,,,,,,,,,,,,,,,,,g,,,false,,,false,,,false,,,false,,,false,,,false,,,false,,,false,,,false,,,false,,,false,,,false,,,false,,,false,,,false,,,false,,,false,,,false,,,false,,,false,,,false,,,false,,,false,,,false,,,false,,,false,,,false,,,false,,,false,,,false,,,false,,,false,,,false,,,false,,,active
v2-basketball,,,,,,,,,Large,,,,,,,,ICON-45782316056833,0.0,,deny,manual,48.00,,true,true,,,,,,,,,,,,,,,,,,,,,,,,,,,,,,,,,,,,,,,,,,,,,,,,,,,,,,,,,,,,,,,,,,,,,,,,,,,,,,,,,,g,,,,,,,,,,,,,,,,,,,,,,,,,,,,,,,,,,,,,,,,,,,,,,,,,,,,,,,,,,,,,,,,,,,,,,,,,,,,,,,,,,,,,,,,,,,,,,,,,,,,,,,,,
v2-basketball,,,,,,,,,Medium,,,,,,,,ICON-45782316089601,0.0,,deny,manual,24.00,,true,true,,,,,,,,,,,,,,,,,,,,,,,,,,,,,,,,,,,,,,,,,,,,,,,,,,,,,,,,,,,,,,,,,,,,,,,,,,,,,,,,,,g,,,,,,,,,,,,,,,,,,,,,,,,,,,,,,,,,,,,,,,,,,,,,,,,,,,,,,,,,,,,,,,,,,,,,,,,,,,,,,,,,,,,,,,,,,,,,,,,,,,,,,,,,
v2-baseball,Baseball Embroidered Icon,"",Abbode Embroidery Design,Product Add-Ons > Product Customization,Embroidery Design,"hidden, icon, instant_exclude, revoq-no-withdrawal, webster-live",true,Size,Small,,,,,,,,ICON-45782315925761,0.0,,deny,manual,24.00,,true,true,,,,,,https://cdn.shopify.com/s/files/1/0321/4956/9675/files/download_007e929b-cd3c-4f90-91f6-7052c01c9a5c.png?v=1779840426,1,"",false,,,,,,,,,,,,,,,,,ICON-CU,,,,,,,,,,,,,,,,,,,,'1,,,,,,,,,,,,,,,,,,,,,,,,,,,,,,,,,,,,g,,,false,,,false,,,false,,,false,,,false,,,false,,,false,,,false,,,false,,,false,,,false,,,false,,,false,,,false,,,false,,,false,,,false,,,false,,,false,,,false,,,false,,,false,,,false,,,false,,,false,,,false,,,false,,,false,,,false,,,false,,,false,,,false,,,false,,,false,,,active
v2-baseball,,,,,,,,,Large,,,,,,,,ICON-45782315958529,0.0,,deny,manual,48.00,,true,true,,,,,,,,,,,,,,,,,,,,,,,,,,,,,,,,,,,,,,,,,,,,,,,,,,,,,,,,,,,,,,,,,,,,,,,,,,,,,,,,,,g,,,,,,,,,,,,,,,,,,,,,,,,,,,,,,,,,,,,,,,,,,,,,,,,,,,,,,,,,,,,,,,,,,,,,,,,,,,,,,,,,,,,,,,,,,,,,,,,,,,,,,,,,
v2-baseball,,,,,,,,,Medium,,,,,,,,ICON-45782315991297,0.0,,deny,manual,24.00,,true,true,,,,,,,,,,,,,,,,,,,,,,,,,,,,,,,,,,,,,,,,,,,,,,,,,,,,,,,,,,,,,,,,,,,,,,,,,,,,,,,,,,g,,,,,,,,,,,,,,,,,,,,,,,,,,,,,,,,,,,,,,,,,,,,,,,,,,,,,,,,,,,,,,,,,,,,,,,,,,,,,,,,,,,,,,,,,,,,,,,,,,,,,,,,,
v2-banana,Banana Embroidered Icon,"",Abbode Embroidery Design,Product Add-Ons > Product Customization,Embroidery Design,"hidden, icon, instant_exclude, revoq-no-withdrawal, webster-live",true,Size,Small,,,,,,,,ICON-45782315827457,0.0,,deny,manual,24.00,,true,true,,,,,,https://cdn.shopify.com/s/files/1/0321/4956/9675/files/download_49c0252f-023d-4409-ba17-a78d5a9a9255.png?v=1779840427,1,"",false,,,,,,,,,,,,,,,,,ICON-CU,,,,,,,,,,,,,,,,,,,,'1,,,,,,,,,,,,,,,,,,,,,,,,,,,,,,,,,,,,g,,,false,,,false,,,false,,,false,,,false,,,false,,,false,,,false,,,false,,,false,,,false,,,false,,,false,,,false,,,false,,,false,,,false,,,false,,,false,,,false,,,false,,,false,,,false,,,false,,,false,,,false,,,false,,,false,,,false,,,false,,,false,,,false,,,false,,,false,,,active
v2-banana,,,,,,,,,Large,,,,,,,,ICON-45782315860225,0.0,,deny,manual,48.00,,true,true,,,,,,,,,,,,,,,,,,,,,,,,,,,,,,,,,,,,,,,,,,,,,,,,,,,,,,,,,,,,,,,,,,,,,,,,,,,,,,,,,,g,,,,,,,,,,,,,,,,,,,,,,,,,,,,,,,,,,,,,,,,,,,,,,,,,,,,,,,,,,,,,,,,,,,,,,,,,,,,,,,,,,,,,,,,,,,,,,,,,,,,,,,,,
v2-banana,,,,,,,,,Medium,,,,,,,,ICON-45782315892993,0.0,,deny,manual,24.00,,true,true,,,,,,,,,,,,,,,,,,,,,,,,,,,,,,,,,,,,,,,,,,,,,,,,,,,,,,,,,,,,,,,,,,,,,,,,,,,,,,,,,,g,,,,,,,,,,,,,,,,,,,,,,,,,,,,,,,,,,,,,,,,,,,,,,,,,,,,,,,,,,,,,,,,,,,,,,,,,,,,,,,,,,,,,,,,,,,,,,,,,,,,,,,,,
v2-baguette,Baguette Embroidered Icon,"",Abbode Embroidery Design,Product Add-Ons > Product Customization,Embroidery Design,"hidden, icon, instant_exclude, revoq-no-withdrawal, webster-live",true,Size,Small,,,,,,,,ICON-45782315729153,0.0,,deny,manual,24.00,,true,true,,,,,,https://cdn.shopify.com/s/files/1/0321/4956/9675/files/download_3f293088-3f7e-44bd-a4a1-71e26bc98860.png?v=1779840428,1,"",false,,,,,,,,,,,,,,,,,ICON-CU,,,,,,,,,,,,,,,,,,,,'1,,,,,,,,,,,,,,,,,,,,,,,,,,,,,,,,,,,,g,,,false,,,false,,,false,,,false,,,false,,,false,,,false,,,false,,,false,,,false,,,false,,,false,,,false,,,false,,,false,,,false,,,false,,,false,,,false,,,false,,,false,,,false,,,false,,,false,,,false,,,false,,,false,,,false,,,false,,,false,,,false,,,false,,,false,,,false,,,active
v2-baguette,,,,,,,,,Large,,,,,,,,ICON-45782315761921,0.0,,deny,manual,48.00,,true,true,,,,,,,,,,,,,,,,,,,,,,,,,,,,,,,,,,,,,,,,,,,,,,,,,,,,,,,,,,,,,,,,,,,,,,,,,,,,,,,,,,g,,,,,,,,,,,,,,,,,,,,,,,,,,,,,,,,,,,,,,,,,,,,,,,,,,,,,,,,,,,,,,,,,,,,,,,,,,,,,,,,,,,,,,,,,,,,,,,,,,,,,,,,,
v2-baguette,,,,,,,,,Medium,,,,,,,,ICON-45782315794689,0.0,,deny,manual,24.00,,true,true,,,,,,,,,,,,,,,,,,,,,,,,,,,,,,,,,,,,,,,,,,,,,,,,,,,,,,,,,,,,,,,,,,,,,,,,,,,,,,,,,,g,,,,,,,,,,,,,,,,,,,,,,,,,,,,,,,,,,,,,,,,,,,,,,,,,,,,,,,,,,,,,,,,,,,,,,,,,,,,,,,,,,,,,,,,,,,,,,,,,,,,,,,,,
v2-bagel,Bagel Embroidered Icon,"",Abbode Embroidery Design,Product Add-Ons > Product Customization,Embroidery Design,"hidden, icon, instant_exclude, revoq-no-withdrawal, webster-live",true,Size,Small,,,,,,,,ICON-45782315630849,0.0,,deny,manual,24.00,,true,true,,,,,,https://cdn.shopify.com/s/files/1/0321/4956/9675/files/download_eada3cf4-aaf0-4158-94d6-87fb33aa6e42.png?v=1779840427,1,"",false,,,,,,,,,,,,,,,,,ICON-CU,,,,,,,,,,,,,,,,,,,,'1,,,,,,,,,,,,,,,,,,,,,,,,,,,,,,,,,,,,g,,,false,,,false,,,false,,,false,,,false,,,false,,,false,,,false,,,false,,,false,,,false,,,false,,,false,,,false,,,false,,,false,,,false,,,false,,,false,,,false,,,false,,,false,,,false,,,false,,,false,,,false,,,false,,,false,,,false,,,false,,,false,,,false,,,false,,,false,,,active
v2-bagel,,,,,,,,,Large,,,,,,,,ICON-45782315663617,0.0,,deny,manual,48.00,,true,true,,,,,,,,,,,,,,,,,,,,,,,,,,,,,,,,,,,,,,,,,,,,,,,,,,,,,,,,,,,,,,,,,,,,,,,,,,,,,,,,,,g,,,,,,,,,,,,,,,,,,,,,,,,,,,,,,,,,,,,,,,,,,,,,,,,,,,,,,,,,,,,,,,,,,,,,,,,,,,,,,,,,,,,,,,,,,,,,,,,,,,,,,,,,
v2-bagel,,,,,,,,,Medium,,,,,,,,ICON-45782315696385,0.0,,deny,manual,24.00,,true,true,,,,,,,,,,,,,,,,,,,,,,,,,,,,,,,,,,,,,,,,,,,,,,,,,,,,,,,,,,,,,,,,,,,,,,,,,,,,,,,,,,g,,,,,,,,,,,,,,,,,,,,,,,,,,,,,,,,,,,,,,,,,,,,,,,,,,,,,,,,,,,,,,,,,,,,,,,,,,,,,,,,,,,,,,,,,,,,,,,,,,,,,,,,,
v2-bagel-lox,Bagel + Lox Embroidered Icon,"",Abbode Embroidery Design,Product Add-Ons > Product Customization,Embroidery Design,"hidden, icon, instant_exclude, revoq-no-withdrawal, webster-live",true,Size,Small,,,,,,,,ICON-45782315532545,0.0,,deny,manual,24.00,,true,true,,,,,,https://cdn.shopify.com/s/files/1/0321/4956/9675/files/download_c7eef5a4-5754-4da3-bce4-cb0fbdd9e328.png?v=1779840427,1,"",false,,,,,,,,,,,,,,,,,ICON-CU,,,,,,,,,,,,,,,,,,,,'1,,,,,,,,,,,,,,,,,,,,,,,,,,,,,,,,,,,,g,,,false,,,false,,,false,,,false,,,false,,,false,,,false,,,false,,,false,,,false,,,false,,,false,,,false,,,false,,,false,,,false,,,false,,,false,,,false,,,false,,,false,,,false,,,false,,,false,,,false,,,false,,,false,,,false,,,false,,,false,,,false,,,false,,,false,,,false,,,active
v2-bagel-lox,,,,,,,,,Large,,,,,,,,ICON-45782315565313,0.0,,deny,manual,48.00,,true,true,,,,,,,,,,,,,,,,,,,,,,,,,,,,,,,,,,,,,,,,,,,,,,,,,,,,,,,,,,,,,,,,,,,,,,,,,,,,,,,,,,g,,,,,,,,,,,,,,,,,,,,,,,,,,,,,,,,,,,,,,,,,,,,,,,,,,,,,,,,,,,,,,,,,,,,,,,,,,,,,,,,,,,,,,,,,,,,,,,,,,,,,,,,,
v2-bagel-lox,,,,,,,,,Medium,,,,,,,,ICON-45782315598081,0.0,,deny,manual,24.00,,true,true,,,,,,,,,,,,,,,,,,,,,,,,,,,,,,,,,,,,,,,,,,,,,,,,,,,,,,,,,,,,,,,,,,,,,,,,,,,,,,,,,,g,,,,,,,,,,,,,,,,,,,,,,,,,,,,,,,,,,,,,,,,,,,,,,,,,,,,,,,,,,,,,,,,,,,,,,,,,,,,,,,,,,,,,,,,,,,,,,,,,,,,,,,,,
v2-backgammon,Backgammon Embroidered Icon,"",Abbode Embroidery Design,Product Add-Ons > Product Customization,Embroidery Design,"hidden, icon, instant_exclude, revoq-no-withdrawal, webster-live",true,Size,Small,,,,,,,,ICON-45782315434241,0.0,,deny,manual,24.00,,true,true,,,,,,https://cdn.shopify.com/s/files/1/0321/4956/9675/files/download_13c8566b-b9b2-4d80-a9a8-68a0da0c57ee.png?v=1779840427,1,"",false,,,,,,,,,,,,,,,,,ICON-CU,,,,,,,,,,,,,,,,,,,,'1,,,,,,,,,,,,,,,,,,,,,,,,,,,,,,,,,,,,g,,,false,,,false,,,false,,,false,,,false,,,false,,,false,,,false,,,false,,,false,,,false,,,false,,,false,,,false,,,false,,,false,,,false,,,false,,,false,,,false,,,false,,,false,,,false,,,false,,,false,,,false,,,false,,,false,,,false,,,false,,,false,,,false,,,false,,,false,,,active
v2-backgammon,,,,,,,,,Large,,,,,,,,ICON-45782315467009,0.0,,deny,manual,48.00,,true,true,,,,,,,,,,,,,,,,,,,,,,,,,,,,,,,,,,,,,,,,,,,,,,,,,,,,,,,,,,,,,,,,,,,,,,,,,,,,,,,,,,g,,,,,,,,,,,,,,,,,,,,,,,,,,,,,,,,,,,,,,,,,,,,,,,,,,,,,,,,,,,,,,,,,,,,,,,,,,,,,,,,,,,,,,,,,,,,,,,,,,,,,,,,,
v2-backgammon,,,,,,,,,Medium,,,,,,,,ICON-45782315499777,0.0,,deny,manual,24.00,,true,true,,,,,,,,,,,,,,,,,,,,,,,,,,,,,,,,,,,,,,,,,,,,,,,,,,,,,,,,,,,,,,,,,,,,,,,,,,,,,,,,,,g,,,,,,,,,,,,,,,,,,,,,,,,,,,,,,,,,,,,,,,,,,,,,,,,,,,,,,,,,,,,,,,,,,,,,,,,,,,,,,,,,,,,,,,,,,,,,,,,,,,,,,,,,
v2-avocado,Avocado Embroidered Icon,"",Abbode Embroidery Design,Product Add-Ons > Product Customization,Embroidery Design,"hidden, icon, instant_exclude, revoq-no-withdrawal, webster-live",true,Size,Small,,,,,,,,ICON-45782315335937,0.0,,deny,manual,24.00,,true,true,,,,,,https://cdn.shopify.com/s/files/1/0321/4956/9675/files/download_47613202-b365-47a6-9dc5-519a13f64433.png?v=1779840427,1,"",false,,,,,,,,,,,,,,,,,ICON-CU,,,,,,,,,,,,,,,,,,,,'1,,,,,,,,,,,,,,,,,,,,,,,,,,,,,,,,,,,,g,,,false,,,false,,,false,,,false,,,false,,,false,,,false,,,false,,,false,,,false,,,false,,,false,,,false,,,false,,,false,,,false,,,false,,,false,,,false,,,false,,,false,,,false,,,false,,,false,,,false,,,false,,,false,,,false,,,false,,,false,,,false,,,false,,,false,,,false,,,active
v2-avocado,,,,,,,,,Large,,,,,,,,ICON-45782315368705,0.0,,deny,manual,48.00,,true,true,,,,,,,,,,,,,,,,,,,,,,,,,,,,,,,,,,,,,,,,,,,,,,,,,,,,,,,,,,,,,,,,,,,,,,,,,,,,,,,,,,g,,,,,,,,,,,,,,,,,,,,,,,,,,,,,,,,,,,,,,,,,,,,,,,,,,,,,,,,,,,,,,,,,,,,,,,,,,,,,,,,,,,,,,,,,,,,,,,,,,,,,,,,,
v2-avocado,,,,,,,,,Medium,,,,,,,,ICON-45782315401473,0.0,,deny,manual,24.00,,true,true,,,,,,,,,,,,,,,,,,,,,,,,,,,,,,,,,,,,,,,,,,,,,,,,,,,,,,,,,,,,,,,,,,,,,,,,,,,,,,,,,,g,,,,,,,,,,,,,,,,,,,,,,,,,,,,,,,,,,,,,,,,,,,,,,,,,,,,,,,,,,,,,,,,,,,,,,,,,,,,,,,,,,,,,,,,,,,,,,,,,,,,,,,,,
v2-arrow-hearts,Arrow Hearts Embroidered Icon,"",Abbode Embroidery Design,Product Add-Ons > Product Customization,Embroidery Design,"hidden, icon, instant_exclude, revoq-no-withdrawal, webster-live",true,Size,Small,,,,,,,,ICON-45782315237633,0.0,,deny,manual,24.00,,true,true,,,,,,https://cdn.shopify.com/s/files/1/0321/4956/9675/files/download_ad1eaffc-31ae-4843-b701-cdcc856d2d3d.png?v=1779840427,1,"",false,,,,,,,,,,,,,,,,,ICON-CU,,,,,,,,,,,,,,,,,,,,'1,,,,,,,,,,,,,,,,,,,,,,,,,,,,,,,,,,,,g,,,false,,,false,,,false,,,false,,,false,,,false,,,false,,,false,,,false,,,false,,,false,,,false,,,false,,,false,,,false,,,false,,,false,,,false,,,false,,,false,,,false,,,false,,,false,,,false,,,false,,,false,,,false,,,false,,,false,,,false,,,false,,,false,,,false,,,false,,,active
v2-arrow-hearts,,,,,,,,,Large,,,,,,,,ICON-45782315270401,0.0,,deny,manual,48.00,,true,true,,,,,,,,,,,,,,,,,,,,,,,,,,,,,,,,,,,,,,,,,,,,,,,,,,,,,,,,,,,,,,,,,,,,,,,,,,,,,,,,,,g,,,,,,,,,,,,,,,,,,,,,,,,,,,,,,,,,,,,,,,,,,,,,,,,,,,,,,,,,,,,,,,,,,,,,,,,,,,,,,,,,,,,,,,,,,,,,,,,,,,,,,,,,
v2-arrow-hearts,,,,,,,,,Medium,,,,,,,,ICON-45782315303169,0.0,,deny,manual,24.00,,true,true,,,,,,,,,,,,,,,,,,,,,,,,,,,,,,,,,,,,,,,,,,,,,,,,,,,,,,,,,,,,,,,,,,,,,,,,,,,,,,,,,,g,,,,,,,,,,,,,,,,,,,,,,,,,,,,,,,,,,,,,,,,,,,,,,,,,,,,,,,,,,,,,,,,,,,,,,,,,,,,,,,,,,,,,,,,,,,,,,,,,,,,,,,,,
v2-arrow-hearts-black,Arrow Hearts Black Embroidered Icon,"",Abbode Embroidery Design,Product Add-Ons > Product Customization,Embroidery Design,"hidden, icon, instant_exclude, revoq-no-withdrawal, webster-live",true,Size,Small,,,,,,,,ICON-45782315139329,0.0,,deny,manual,24.00,,true,true,,,,,,https://cdn.shopify.com/s/files/1/0321/4956/9675/files/download_3deb66d8-347d-4ab3-8aef-a018a792ce77.png?v=1779840846,1,"",false,,,,,,,,,,,,,,,,,ICON-CU,,,,,,,,,,,,,,,,,,,,'1,,,,,,,,,,,,,,,,,,,,,,,,,,,,,,,,,,,,g,,,false,,,false,,,false,,,false,,,false,,,false,,,false,,,false,,,false,,,false,,,false,,,false,,,false,,,false,,,false,,,false,,,false,,,false,,,false,,,false,,,false,,,false,,,false,,,false,,,false,,,false,,,false,,,false,,,false,,,false,,,false,,,false,,,false,,,false,,,active
v2-arrow-hearts-black,,,,,,,,,Large,,,,,,,,ICON-45782315172097,0.0,,deny,manual,48.00,,true,true,,,,,,,,,,,,,,,,,,,,,,,,,,,,,,,,,,,,,,,,,,,,,,,,,,,,,,,,,,,,,,,,,,,,,,,,,,,,,,,,,,g,,,,,,,,,,,,,,,,,,,,,,,,,,,,,,,,,,,,,,,,,,,,,,,,,,,,,,,,,,,,,,,,,,,,,,,,,,,,,,,,,,,,,,,,,,,,,,,,,,,,,,,,,
v2-arrow-hearts-black,,,,,,,,,Medium,,,,,,,,ICON-45782315204865,0.0,,deny,manual,24.00,,true,true,,,,,,,,,,,,,,,,,,,,,,,,,,,,,,,,,,,,,,,,,,,,,,,,,,,,,,,,,,,,,,,,,,,,,,,,,,,,,,,,,,g,,,,,,,,,,,,,,,,,,,,,,,,,,,,,,,,,,,,,,,,,,,,,,,,,,,,,,,,,,,,,,,,,,,,,,,,,,,,,,,,,,,,,,,,,,,,,,,,,,,,,,,,,
v2-apple,Apple Embroidered Icon,"",Abbode Embroidery Design,Product Add-Ons > Product Customization,Embroidery Design,"hidden, icon, instant_exclude, revoq-no-withdrawal, webster-live",true,Size,Small,,,,,,,,ICON-45782315008257,0.0,,deny,manual,24.00,,true,true,,,,,,https://cdn.shopify.com/s/files/1/0321/4956/9675/files/download_e0bdbf9b-330f-4640-8533-7b55f065bb92.png?v=1779840847,1,"",false,,,,,,,,,,,,,,,,,ICON-CU,,,,,,,,,,,,,,,,,,,,'1,,,,,,,,,,,,,,,,,,,,,,,,,,,,,,,,,,,,g,,,false,,,false,,,false,,,false,,,false,,,false,,,false,,,false,,,false,,,false,,,false,,,false,,,false,,,false,,,false,,,false,,,false,,,false,,,false,,,false,,,false,,,false,,,false,,,false,,,false,,,false,,,false,,,false,,,false,,,false,,,false,,,false,,,false,,,false,,,active
v2-apple,,,,,,,,,Large,,,,,,,,ICON-45782315041025,0.0,,deny,manual,48.00,,true,true,,,,,,,,,,,,,,,,,,,,,,,,,,,,,,,,,,,,,,,,,,,,,,,,,,,,,,,,,,,,,,,,,,,,,,,,,,,,,,,,,,g,,,,,,,,,,,,,,,,,,,,,,,,,,,,,,,,,,,,,,,,,,,,,,,,,,,,,,,,,,,,,,,,,,,,,,,,,,,,,,,,,,,,,,,,,,,,,,,,,,,,,,,,,
v2-apple,,,,,,,,,Medium,,,,,,,,ICON-45782315073793,0.0,,deny,manual,24.00,,true,true,,,,,,,,,,,,,,,,,,,,,,,,,,,,,,,,,,,,,,,,,,,,,,,,,,,,,,,,,,,,,,,,,,,,,,,,,,,,,,,,,,g,,,,,,,,,,,,,,,,,,,,,,,,,,,,,,,,,,,,,,,,,,,,,,,,,,,,,,,,,,,,,,,,,,,,,,,,,,,,,,,,,,,,,,,,,,,,,,,,,,,,,,,,,
v2-apple-core,Apple Core Embroidered Icon,"",Abbode Embroidery Design,Product Add-Ons > Product Customization,Embroidery Design,"hidden, icon, instant_exclude, revoq-no-withdrawal, webster-live",true,Size,Small,,,,,,,,ICON-45782314909953,0.0,,deny,manual,24.00,,true,true,,,,,,https://cdn.shopify.com/s/files/1/0321/4956/9675/files/download_d5453d9c-5265-4ef5-a228-6d7946483066.png?v=1779840847,1,"",false,,,,,,,,,,,,,,,,,ICON-CU,,,,,,,,,,,,,,,,,,,,'1,,,,,,,,,,,,,,,,,,,,,,,,,,,,,,,,,,,,g,,,false,,,false,,,false,,,false,,,false,,,false,,,false,,,false,,,false,,,false,,,false,,,false,,,false,,,false,,,false,,,false,,,false,,,false,,,false,,,false,,,false,,,false,,,false,,,false,,,false,,,false,,,false,,,false,,,false,,,false,,,false,,,false,,,false,,,false,,,active
v2-apple-core,,,,,,,,,Large,,,,,,,,ICON-45782314942721,0.0,,deny,manual,48.00,,true,true,,,,,,,,,,,,,,,,,,,,,,,,,,,,,,,,,,,,,,,,,,,,,,,,,,,,,,,,,,,,,,,,,,,,,,,,,,,,,,,,,,g,,,,,,,,,,,,,,,,,,,,,,,,,,,,,,,,,,,,,,,,,,,,,,,,,,,,,,,,,,,,,,,,,,,,,,,,,,,,,,,,,,,,,,,,,,,,,,,,,,,,,,,,,
v2-apple-core,,,,,,,,,Medium,,,,,,,,ICON-45782314975489,0.0,,deny,manual,24.00,,true,true,,,,,,,,,,,,,,,,,,,,,,,,,,,,,,,,,,,,,,,,,,,,,,,,,,,,,,,,,,,,,,,,,,,,,,,,,,,,,,,,,,g,,,,,,,,,,,,,,,,,,,,,,,,,,,,,,,,,,,,,,,,,,,,,,,,,,,,,,,,,,,,,,,,,,,,,,,,,,,,,,,,,,,,,,,,,,,,,,,,,,,,,,,,,
v2-aperol-spritz,Aperol Spritz Embroidered Icon,"",Abbode Embroidery Design,Product Add-Ons > Product Customization,Embroidery Design,"hidden, icon, instant_exclude, revoq-no-withdrawal, webster-live",true,Size,Small,,,,,,,,ICON-45782314811649,0.0,,deny,manual,24.00,,true,true,,,,,,https://cdn.shopify.com/s/files/1/0321/4956/9675/files/download_5e877c74-5366-4b14-96d5-32053a83c004.png?v=1779840846,1,"",false,,,,,,,,,,,,,,,,,ICON-CU,,,,,,,,,,,,,,,,,,,,'1,,,,,,,,,,,,,,,,,,,,,,,,,,,,,,,,,,,,g,,,false,,,false,,,false,,,false,,,false,,,false,,,false,,,false,,,false,,,false,,,false,,,false,,,false,,,false,,,false,,,false,,,false,,,false,,,false,,,false,,,false,,,false,,,false,,,false,,,false,,,false,,,false,,,false,,,false,,,false,,,false,,,false,,,false,,,false,,,active
v2-aperol-spritz,,,,,,,,,Large,,,,,,,,ICON-45782314844417,0.0,,deny,manual,48.00,,true,true,,,,,,,,,,,,,,,,,,,,,,,,,,,,,,,,,,,,,,,,,,,,,,,,,,,,,,,,,,,,,,,,,,,,,,,,,,,,,,,,,,g,,,,,,,,,,,,,,,,,,,,,,,,,,,,,,,,,,,,,,,,,,,,,,,,,,,,,,,,,,,,,,,,,,,,,,,,,,,,,,,,,,,,,,,,,,,,,,,,,,,,,,,,,
v2-aperol-spritz,,,,,,,,,Medium,,,,,,,,ICON-45782314877185,0.0,,deny,manual,24.00,,true,true,,,,,,,,,,,,,,,,,,,,,,,,,,,,,,,,,,,,,,,,,,,,,,,,,,,,,,,,,,,,,,,,,,,,,,,,,,,,,,,,,,g,,,,,,,,,,,,,,,,,,,,,,,,,,,,,,,,,,,,,,,,,,,,,,,,,,,,,,,,,,,,,,,,,,,,,,,,,,,,,,,,,,,,,,,,,,,,,,,,,,,,,,,,,
v2-airplane,Airplane Embroidered Icon,"",Abbode Embroidery Design,Product Add-Ons > Product Customization,Embroidery Design,"hidden, icon, instant_exclude, revoq-no-withdrawal, webster-live",true,Size,Small,,,,,,,,ICON-45782314713345,0.0,,deny,manual,24.00,,true,true,,,,,,https://cdn.shopify.com/s/files/1/0321/4956/9675/files/download_22fa0ca6-4dca-4c0d-9edb-be231de2d6bd.png?v=1779840847,1,"",false,,,,,,,,,,,,,,,,,ICON-CU,,,,,,,,,,,,,,,,,,,,'1,,,,,,,,,,,,,,,,,,,,,,,,,,,,,,,,,,,,g,,,false,,,false,,,false,,,false,,,false,,,false,,,false,,,false,,,false,,,false,,,false,,,false,,,false,,,false,,,false,,,false,,,false,,,false,,,false,,,false,,,false,,,false,,,false,,,false,,,false,,,false,,,false,,,false,,,false,,,false,,,false,,,false,,,false,,,false,,,active
v2-airplane,,,,,,,,,Large,,,,,,,,ICON-45782314746113,0.0,,deny,manual,48.00,,true,true,,,,,,,,,,,,,,,,,,,,,,,,,,,,,,,,,,,,,,,,,,,,,,,,,,,,,,,,,,,,,,,,,,,,,,,,,,,,,,,,,,g,,,,,,,,,,,,,,,,,,,,,,,,,,,,,,,,,,,,,,,,,,,,,,,,,,,,,,,,,,,,,,,,,,,,,,,,,,,,,,,,,,,,,,,,,,,,,,,,,,,,,,,,,
v2-airplane,,,,,,,,,Medium,,,,,,,,ICON-45782314778881,0.0,,deny,manual,24.00,,true,true,,,,,,,,,,,,,,,,,,,,,,,,,,,,,,,,,,,,,,,,,,,,,,,,,,,,,,,,,,,,,,,,,,,,,,,,,,,,,,,,,,g,,,,,,,,,,,,,,,,,,,,,,,,,,,,,,,,,,,,,,,,,,,,,,,,,,,,,,,,,,,,,,,,,,,,,,,,,,,,,,,,,,,,,,,,,,,,,,,,,,,,,,,,,
v2-ace-of-hearts,Ace of Hearts Embroidered Icon,"",Abbode Embroidery Design,Product Add-Ons > Product Customization,Embroidery Design,"hidden, icon, instant_exclude, revoq-no-withdrawal, webster-live",true,Size,Small,,,,,,,,ICON-45782314615041,0.0,,deny,manual,24.00,,true,true,,,,,,https://cdn.shopify.com/s/files/1/0321/4956/9675/files/download_e4da13da-a5d8-445a-be7b-b9976aaac1ff.png?v=1779840847,1,"",false,,,,,,,,,,,,,,,,,ICON-CU,,,,,,,,,,,,,,,,,,,,'1,,,,,,,,,,,,,,,,,,,,,,,,,,,,,,,,,,,,g,,,false,,,false,,,false,,,false,,,false,,,false,,,false,,,false,,,false,,,false,,,false,,,false,,,false,,,false,,,false,,,false,,,false,,,false,,,false,,,false,,,false,,,false,,,false,,,false,,,false,,,false,,,false,,,false,,,false,,,false,,,false,,,false,,,false,,,false,,,active
v2-ace-of-hearts,,,,,,,,,Large,,,,,,,,ICON-45782314647809,0.0,,deny,manual,48.00,,true,true,,,,,,,,,,,,,,,,,,,,,,,,,,,,,,,,,,,,,,,,,,,,,,,,,,,,,,,,,,,,,,,,,,,,,,,,,,,,,,,,,,g,,,,,,,,,,,,,,,,,,,,,,,,,,,,,,,,,,,,,,,,,,,,,,,,,,,,,,,,,,,,,,,,,,,,,,,,,,,,,,,,,,,,,,,,,,,,,,,,,,,,,,,,,
v2-ace-of-hearts,,,,,,,,,Medium,,,,,,,,ICON-45782314680577,0.0,,deny,manual,24.00,,true,true,,,,,,,,,,,,,,,,,,,,,,,,,,,,,,,,,,,,,,,,,,,,,,,,,,,,,,,,,,,,,,,,,,,,,,,,,,,,,,,,,,g,,,,,,,,,,,,,,,,,,,,,,,,,,,,,,,,,,,,,,,,,,,,,,,,,,,,,,,,,,,,,,,,,,,,,,,,,,,,,,,,,,,,,,,,,,,,,,,,,,,,,,,,,
v2-8-ball,8 Ball Embroidered Icon,"",Abbode Embroidery Design,Product Add-Ons > Product Customization,Embroidery Design,"hidden, icon, instant_exclude, revoq-no-withdrawal, webster-live",true,Size,Small,,,,,,,,ICON-45782314483969,0.0,,deny,manual,24.00,,true,true,,,,,,https://cdn.shopify.com/s/files/1/0321/4956/9675/files/download_8b603698-31d0-440d-8ee2-a0c29cc6e51a.png?v=1779840847,1,"",false,,,,,,,,,,,,,,,,,ICON-CU,,,,,,,,,,,,,,,,,,,,'1,,,,,,,,,,,,,,,,,,,,,,,,,,,,,,,,,,,,g,,,false,,,false,,,false,,,false,,,false,,,false,,,false,,,false,,,false,,,false,,,false,,,false,,,false,,,false,,,false,,,false,,,false,,,false,,,false,,,false,,,false,,,false,,,false,,,false,,,false,,,false,,,false,,,false,,,false,,,false,,,false,,,false,,,false,,,false,,,active
v2-8-ball,,,,,,,,,Medium,,,,,,,,ICON-45782314549505,0.0,,deny,manual,24.00,,true,true,,,,,,,,,,,,,,,,,,,,,,,,,,,,,,,,,,,,,,,,,,,,,,,,,,,,,,,,,,,,,,,,,,,,,,,,,,,,,,,,,,g,,,,,,,,,,,,,,,,,,,,,,,,,,,,,,,,,,,,,,,,,,,,,,,,,,,,,,,,,,,,,,,,,,,,,,,,,,,,,,,,,,,,,,,,,,,,,,,,,,,,,,,,,
v2-8-ball,,,,,,,,,Large,,,,,,,,ICON-45782314516737,0.0,,deny,manual,48.00,,true,true,,,,,,,,,,,,,,,,,,,,,,,,,,,,,,,,,,,,,,,,,,,,,,,,,,,,,,,,,,,,,,,,,,,,,,,,,,,,,,,,,,g,,,,,,,,,,,,,,,,,,,,,,,,,,,,,,,,,,,,,,,,,,,,,,,,,,,,,,,,,,,,,,,,,,,,,,,,,,,,,,,,,,,,,,,,,,,,,,,,,,,,,,,,,
v2-4-point-star,4 Point Star Embroidered Icon,"",Abbode Embroidery Design,Product Add-Ons > Product Customization,Embroidery Design,"hidden, icon, instant_exclude, revoq-no-withdrawal, webster-live",true,Size,Small,,,,,,,,ICON-45782314385665,0.0,,deny,manual,24.00,,true,true,,,,,,https://cdn.shopify.com/s/files/1/0321/4956/9675/files/download_62d20049-3a7f-4a88-8a54-f882b0332015.png?v=1779840847,1,"",false,,,,,,,,,,,,,,,,,ICON-CU,,,,,,,,,,,,,,,,,,,,'1,,,,,,,,,,,,,,,,,,,,,,,,,,,,,,,,,,,,g,,,false,,,false,,,false,,,false,,,false,,,false,,,false,,,false,,,false,,,false,,,false,,,false,,,false,,,false,,,false,,,false,,,false,,,false,,,false,,,false,,,false,,,false,,,false,,,false,,,false,,,false,,,false,,,false,,,false,,,false,,,false,,,false,,,false,,,false,,,active
v2-4-point-star,,,,,,,,,Large,,,,,,,,ICON-45782314418433,0.0,,deny,manual,48.00,,true,true,,,,,,,,,,,,,,,,,,,,,,,,,,,,,,,,,,,,,,,,,,,,,,,,,,,,,,,,,,,,,,,,,,,,,,,,,,,,,,,,,,g,,,,,,,,,,,,,,,,,,,,,,,,,,,,,,,,,,,,,,,,,,,,,,,,,,,,,,,,,,,,,,,,,,,,,,,,,,,,,,,,,,,,,,,,,,,,,,,,,,,,,,,,,
v2-4-point-star,,,,,,,,,Medium,,,,,,,,ICON-45782314451201,0.0,,deny,manual,24.00,,true,true,,,,,,,,,,,,,,,,,,,,,,,,,,,,,,,,,,,,,,,,,,,,,,,,,,,,,,,,,,,,,,,,,,,,,,,,,,,,,,,,,,g,,,,,,,,,,,,,,,,,,,,,,,,,,,,,,,,,,,,,,,,,,,,,,,,,,,,,,,,,,,,,,,,,,,,,,,,,,,,,,,,,,,,,,,,,,,,,,,,,,,,,,,,,
custom-dinner-napkin-copy,SAME DAY Dinner Napkin,"<p>The cutest custom embroidered text and icons on a white cotton napkin. The choice is yours! </p>
<p>Included in the base price is 1 accent. If you would like multiple elements such as the initials and lemon, that will be an additional $18 per item. All embroidery will be done in the bottom right corner. We recommend 4 for a set. </p>
<p><strong>Our napkins are made to order!</strong></p>",Abbode Embroidery,Home & Garden > Linens & Bedding > Table Linens > Cloth Napkins,Embroidery,"embroidery product, icon, revoq-no-withdrawal, Same-Day Embroidery, webster-skip",false,Title,Default Title,,,,,,,,DN-XX-SD,56.69904625,shopify,deny,manual,49.00,,true,true,,,,,,https://cdn.shopify.com/s/files/1/0321/4956/9675/files/CustomInitialNapkins.png?v=1686758604,1,"",false,,,,,,,,,,,,,,,,,,,,,,,,,,,,,,,,,,,,,,,,,,,,,,,,,,,,,,,,,,,,,,,,,,,,,,,,,oz,,1.83,true,,,true,,,true,,,true,,,true,,,true,,,true,,,true,,,true,,,true,,,true,,,true,,,true,,,true,,,true,,,true,,,true,,,true,,,true,,,true,,,true,,,true,,,true,,,true,,,true,,,true,,,true,,,true,,,true,,,true,,,true,,,true,,,true,,,true,,,active
custom-dinner-napkin-copy,,,,,,,,,,,,,,,,,,,,,,,,,,,,,,,https://cdn.shopify.com/s/files/1/0321/4956/9675/files/Customweddinggiftembroidereddishtowels.png?v=1695003894,2,"",,,,,,,,,,,,,,,,,,,,,,,,,,,,,,,,,,,,,,,,,,,,,,,,,,,,,,,,,,,,,,,,,,,,,,,,,,,,,,,,,,,,,,,,,,,,,,,,,,,,,,,,,,,,,,,,,,,,,,,,,,,,,,,,,,,,,,,,,,,,,,,,,,,,,,,,,,,,,,,,,,,,,,,,,,,,,,,,,,,
custom-dinner-napkin-copy,,,,,,,,,,,,,,,,,,,,,,,,,,,,,,,https://cdn.shopify.com/s/files/1/0321/4956/9675/products/9_4ba7ee38-71bf-41ca-b593-d649717060b1.png?v=1695003894,3,"",,,,,,,,,,,,,,,,,,,,,,,,,,,,,,,,,,,,,,,,,,,,,,,,,,,,,,,,,,,,,,,,,,,,,,,,,,,,,,,,,,,,,,,,,,,,,,,,,,,,,,,,,,,,,,,,,,,,,,,,,,,,,,,,,,,,,,,,,,,,,,,,,,,,,,,,,,,,,,,,,,,,,,,,,,,,,,,,,,,
custom-dinner-napkin-copy,,,,,,,,,,,,,,,,,,,,,,,,,,,,,,,https://cdn.shopify.com/s/files/1/0321/4956/9675/products/14_8ac186d9-368e-480d-bf38-9eb5c74720ff.png?v=1695003894,4,"",,,,,,,,,,,,,,,,,,,,,,,,,,,,,,,,,,,,,,,,,,,,,,,,,,,,,,,,,,,,,,,,,,,,,,,,,,,,,,,,,,,,,,,,,,,,,,,,,,,,,,,,,,,,,,,,,,,,,,,,,,,,,,,,,,,,,,,,,,,,,,,,,,,,,,,,,,,,,,,,,,,,,,,,,,,,,,,,,,,
soy-sauce-embroidered-icon,Soy Sauce Embroidered Icon,"",Abbode Embroidery Design,Product Add-Ons > Product Customization,Embroidery Design,"hidden, icon, instant_exclude, revoq-no-withdrawal, webster-live",true,Size,Small,,,,,,,,ICON-45641968288001,0.0,,deny,manual,18.00,,true,true,,,,,,https://cdn.shopify.com/s/files/1/0321/4956/9675/files/Soy_Sauce.png?v=1779840847,1,"",false,,,505397,,,,,,,,,,,,,,ICON-CU,,,,,,,,,,,,,,,,,,,,'1,,,,,,,,,,,,,,,,,,,,,,,,,,,,,,,,,,,,lb,,,false,,,false,,,false,,,false,,,false,,,false,,,false,,,false,,,false,,,false,,,false,,,false,,,false,,,false,,,false,,,false,,,false,,,false,,,false,,,false,,,false,,,false,,,false,,,false,,,false,,,false,,,false,,,false,,,false,,,false,,,false,,,false,,,false,,,false,,,active
soy-sauce-embroidered-icon,,,,,,,,,Medium,,,,,,,,ICON-45641968320769,0.0,,deny,manual,18.00,,true,true,,,,,,,,,,,,,,,,,,,,,,,,,,,,,,,,,,,,,,,,,,,,,,,,,,,,,,,,,,,,,,,,,,,,,,,,,,,,,,,,,,lb,,,,,,,,,,,,,,,,,,,,,,,,,,,,,,,,,,,,,,,,,,,,,,,,,,,,,,,,,,,,,,,,,,,,,,,,,,,,,,,,,,,,,,,,,,,,,,,,,,,,,,,,,
soy-sauce-embroidered-icon,,,,,,,,,Large,,,,,,,,ICON-45641968353537,0.0,,deny,manual,36.00,,true,true,,,,,,,,,,,,,,,,,,,,,,,,,,,,,,,,,,,,,,,,,,,,,,,,,,,,,,,,,,,,,,,,,,,,,,,,,,,,,,,,,,lb,,,,,,,,,,,,,,,,,,,,,,,,,,,,,,,,,,,,,,,,,,,,,,,,,,,,,,,,,,,,,,,,,,,,,,,,,,,,,,,,,,,,,,,,,,,,,,,,,,,,,,,,,
